{
  "as_of": "2025-10-27 23:28 UTC",
  "macro": {
    "spx": null,
    "ten_year": {
      "yield_pct": 4.02,
      "delta_bp_1d": 0.9999999999999787
    },
    "mortgage_30y": {
      "rate_pct": 6.19,
      "delta_bp_wow": -7.999999999999918
    },
    "starts": {
      "level_saar": 1307.0,
      "mom": -0.08537438768369487
    }
  },
  "permits": {
    "florida": {
      "latest": 13594,
      "latest_date": "2025-08",
      "mom": -0.0727781188186345,
      "yoy": -0.13226094727435211,
      "ytd": -0.026868417713488135,
      "ytd_count": 122708,
      "latest_year": 2025,
      "latest_month_name": "Aug"
    },
    "msa": {
      "Orlando–Kissimmee–Sanford": {
        "total": {
          "latest": 1649,
          "latest_year": 2025,
          "latest_month": 8,
          "latest_month_name": "Aug",
          "mom": -0.20797310278578285,
          "yoy": -0.16336884830035514,
          "ytd_yoy": 0.20390428982314424,
          "ytd_count": 19673
        },
        "one_unit": {
          "latest": 927,
          "latest_year": 2025,
          "latest_month": 8,
          "latest_month_name": "Aug",
          "mom": -0.12793979303857006,
          "yoy": -0.382,
          "ytd_yoy": 0.008284136354979932,
          "ytd_count": 10589
        },
        "dom": {
          "days": 79,
          "yoy": 0.21538461538461529,
          "as_of": "2025-09"
        }
      },
      "Tampa–St. Petersburg–Clearwater": {
        "total": {
          "latest": 2908,
          "latest_year": 2025,
          "latest_month": 8,
          "latest_month_name": "Aug",
          "mom": 0.6645678305666858,
          "yoy": 0.465725806451613,
          "ytd_yoy": -0.06499153020892157,
          "ytd_count": 16559
        },
        "one_unit": {
          "latest": 1324,
          "latest_year": 2025,
          "latest_month": 8,
          "latest_month_name": "Aug",
          "mom": 0.16140350877192988,
          "yoy": 0.2526017029328287,
          "ytd_yoy": -0.09323079844298865,
          "ytd_count": 9551
        },
        "dom": {
          "days": 79,
          "yoy": 0.19696969696969702,
          "as_of": "2025-09"
        }
      },
      "Ocala": {
        "total": {
          "latest": 461,
          "latest_year": 2025,
          "latest_month": 8,
          "latest_month_name": "Aug",
          "mom": 0.0453514739229024,
          "yoy": 0.0453514739229024,
          "ytd_yoy": -0.1361718450326045,
          "ytd_count": 4504
        },
        "one_unit": {
          "latest": 451,
          "latest_year": 2025,
          "latest_month": 8,
          "latest_month_name": "Aug",
          "mom": 0.09200968523002429,
          "yoy": 0.0562060889929743,
          "ytd_yoy": -0.12195652173913041,
          "ytd_count": 4039
        },
        "dom": {
          "days": 80,
          "yoy": 0.19402985074626855,
          "as_of": "2025-09"
        }
      },
      "Palm Bay–Melbourne–Titusville": {
        "total": {
          "latest": 391,
          "latest_year": 2025,
          "latest_month": 8,
          "latest_month_name": "Aug",
          "mom": -0.28519195612431447,
          "yoy": 0.3076923076923077,
          "ytd_yoy": 0.03214156735283491,
          "ytd_count": 2858
        },
        "one_unit": {
          "latest": 239,
          "latest_year": 2025,
          "latest_month": 8,
          "latest_month_name": "Aug",
          "mom": -0.13090909090909086,
          "yoy": -0.2006688963210702,
          "ytd_yoy": -0.10545165141265422,
          "ytd_count": 2248
        },
        "dom": {
          "days": 75,
          "yoy": 0.15384615384615374,
          "as_of": "2025-09"
        }
      }
    }
  },
  "watchlist": [],
  "feed": [
    {
      "title": "Collov AI, Side partner on virtual staging tools for agents",
      "link": "https://www.housingwire.com/articles/collov-ai-side-partner-on-virtual-staging-tools-for-agents/",
      "published": "Mon, 27 Oct 2025"
    },
    {
      "title": "Luxury homebuyers getting more bang for their buck in Atlanta, Denver",
      "link": "https://www.housingwire.com/articles/luxury-homebuyers-getting-more-bang-for-their-buck-in-atlanta-denver/",
      "published": "Mon, 27 Oct 2025"
    },
    {
      "title": "Renters are moving more than homeowners, but US mobility is historically low",
      "link": "https://www.housingwire.com/articles/american-mobility-decline/",
      "published": "Mon, 27 Oct 2025"
    },
    {
      "title": "NextHome partners with Workman Success Systems, promotes executives",
      "link": "https://www.housingwire.com/articles/nexthome-partners-with-workman-success-systems-promotes-executives/",
      "published": "Mon, 27 Oct 2025"
    },
    {
      "title": "Xactus announces partnerships for income, employment verification efforts",
      "link": "https://www.housingwire.com/articles/xactus-integrations-enhance-verification/",
      "published": "Mon, 27 Oct 2025"
    },
    {
      "title": "Fourth generation of Hunt family takes over HUNT Real Estate",
      "link": "https://www.housingwire.com/articles/charlie-hunt-ceo-hunt-real-estate/",
      "published": "Mon, 27 Oct 2025"
    },
    {
      "title": "Redfin Economists’ Weekly Take: Mortgage Rates Stable Ahead of Expected Fed Cut",
      "link": "https://www.redfin.com/news/weekly-economics-update-october-27/",
      "published": "Mon, 27 Oct 2025"
    },
    {
      "title": "Cool Inflation Data Gives Fed a Green Light to Keep Cutting Rates",
      "link": "https://www.redfin.com/news/september-cpi-report-2/",
      "published": "Fri, 24 Oct 2025"
    },
    {
      "title": "Redfin Welcomes Over 50 New Agents in September",
      "link": "https://www.redfin.com/news/september-2025-agent-hires/",
      "published": "Thu, 23 Oct 2025"
    },
    {
      "title": "Mortgage Rates Drop Near 3-Year Low, Opening Door For Homebuyers–But Few Are Walking Through",
      "link": "https://www.redfin.com/news/housing-market-update-mortgage-rates-drop-buyers-stay-on-sidelines/",
      "published": "Thu, 23 Oct 2025"
    },
    {
      "title": "Austin, TX Is America’s Strongest Buyer’s Market, With Over Twice as Many Home Sellers as Buyers",
      "link": "https://www.redfin.com/news/buyers-vs-sellers-september-2025/",
      "published": "Wed, 22 Oct 2025"
    },
    {
      "title": "Sellers Are Getting Ghosted: 15% of Homebuying Contracts Were Canceled in September",
      "link": "https://www.redfin.com/news/contract-cancellations-september-2025/",
      "published": "Wed, 22 Oct 2025"
    }
  ],
  "feed_101020": {
    "macro": [
      {
        "title": "Xactus announces partnerships for income, employment verification efforts",
        "url": "https://www.housingwire.com/articles/xactus-integrations-enhance-verification/",
        "what": "Xactus integrates Thomas & Co., Argyle and Plaid into Xactus360, enhancing access to income, employment and asset data for lenders.",
        "numbers": "360,",
        "justified": "housingwire.com — https://www.housingwire.com/articles/xactus-integrations-enhance-verification/",
        "why": "Rates & inflation shape discount rates and housing affordability.",
        "market": "Lower rates support demand/valuations; higher rates pressure builders/REITs and slow transactions."
      },
      {
        "title": "Redfin Economists’ Weekly Take: Mortgage Rates Stable Ahead of Expected Fed Cut",
        "url": "https://www.redfin.com/news/weekly-economics-update-october-27/",
        "what": "This Week In A Nutshell Rates are steady heading into the week following a cool inflation report last Friday, but they could rise even if the Fed cuts as expected on Wednesday—if Fed officials push back on expectations for a subsequent cut in December",
        "numbers": "",
        "justified": "redfin.com — https://www.redfin.com/news/weekly-economics-update-october-27/",
        "why": "Rates & inflation shape discount rates and housing affordability.",