{
  "as_of": "2026-02-18 22:53 UTC",
  "macro": {
    "spx": null,
    "ten_year": {
      "yield_pct": 4.05,
      "delta_bp_1d": 0.9999999999999787
    },
    "mortgage_30y": {
      "rate_pct": 6.09,
      "delta_bp_wow": -2.000000000000046
    },
    "starts": {
      "level_saar": 1404.0,
      "mom": 0.062027231467473465
    }
  },
  "permits": {
    "florida": {
      "latest": 15200,
      "latest_date": "2025-10",
      "mom": 0.13832097655957454,
      "yoy": 0.14268531047962707,
      "ytd": -0.0034062907667777864,
      "ytd_count": 151261,
      "latest_year": 2025,
      "latest_month_name": "Oct"
    },
    "msa": {
      "Orlando–Kissimmee–Sanford": {
        "total": {
          "latest": 2471,
          "latest_year": 2025,
          "latest_month": 10,
          "latest_month_name": "Oct",
          "mom": 0.2208498023715415,
          "yoy": 0.505789152955515,
          "ytd_yoy": 0.2098518221866239,
          "ytd_count": 24168
        },
        "one_unit": {
          "latest": 1094,
          "latest_year": 2025,
          "latest_month": 10,
          "latest_month_name": "Oct",
          "mom": 0.27803738317757,
          "yoy": -0.09060681629260181,
          "ytd_yoy": -0.03620292083013066,
          "ytd_count": 12539
        },
        "dom": {
          "days": 88,
          "yoy": 0.08641975308641969,
          "as_of": "2026-01"
        }
      },
      "Tampa–St. Petersburg–Clearwater": {
        "total": {
          "latest": 2427,
          "latest_year": 2025,
          "latest_month": 10,
          "latest_month_name": "Oct",
          "mom": 0.5360759493670886,
          "yoy": 1.2939508506616257,
          "ytd_yoy": 0.04073680481757003,
          "ytd_count": 20566
        },
        "one_unit": {
          "latest": 1287,
          "latest_year": 2025,
          "latest_month": 10,
          "latest_month_name": "Oct",
          "mom": 0.2130065975494817,
          "yoy": 0.5,
          "ytd_yoy": -0.015960965927886206,
          "ytd_count": 11899
        },
        "dom": {
          "days": 85,
          "yoy": 0.2142857142857142,
          "as_of": "2026-01"
        }
      },
      "Ocala": {
        "total": {
          "latest": 470,
          "latest_year": 2025,
          "latest_month": 10,
          "latest_month_name": "Oct",
          "mom": 0.09557109557109555,
          "yoy": -0.010526315789473717,
          "ytd_yoy": -0.13937559732398852,
          "ytd_count": 5403
        },
        "one_unit": {
          "latest": 444,
          "latest_year": 2025,
          "latest_month": 10,
          "latest_month_name": "Oct",
          "mom": 0.21643835616438367,
          "yoy": -0.0326797385620915,
          "ytd_yoy": -0.1404255319148936,
          "ytd_count": 4848
        },
        "dom": {
          "days": 93,
          "yoy": 0.2567567567567568,
          "as_of": "2026-01"
        }
      },
      "Palm Bay–Melbourne–Titusville": {
        "total": {
          "latest": 343,
          "latest_year": 2025,
          "latest_month": 10,
          "latest_month_name": "Oct",
          "mom": -0.46406250000000004,
          "yoy": -0.51,
          "ytd_yoy": -0.004406428201140455,
          "ytd_count": 3841
        },
        "one_unit": {
          "latest": 343,
          "latest_year": 2025,
          "latest_month": 10,
          "latest_month_name": "Oct",
          "mom": 0.26102941176470584,
          "yoy": 0.026946107784431073,
          "ytd_yoy": -0.11307311028500622,
          "ytd_count": 2863
        },
        "dom": {
          "days": 77,
          "yoy": 0.0547945205479452,
          "as_of": "2026-01"
        }
      }
    }
  },
  "watchlist": [],
  "feed": [
    {
      "title": "Bank capital relief may not quickly shift mortgage market dynamics",
      "link": "https://www.housingwire.com/articles/fed-mortgage-capital-rules/",
      "published": "Wed, 18 Feb 2026"
    },
    {
      "title": "Kentucky bill would freeze property taxes for senior homeowners",
      "link": "https://www.housingwire.com/articles/kentucky-bill-freeze-property-tax-senior-homeowners/",
      "published": "Wed, 18 Feb 2026"
    },
    {
      "title": "Analysis questions CFPB’s economic impact, sparks debate over true costs",
      "link": "https://www.housingwire.com/articles/cea-cfpb-analysis-economic-impact/",
      "published": "Wed, 18 Feb 2026"
    },
    {
      "title": "16 indispensable AI tools for real estate agents",
      "link": "https://www.housingwire.com/articles/ai-tools-real-estate/",
      "published": "Wed, 18 Feb 2026"
    },
    {
      "title": "CoStar Group cuts jobs amid AI rollout and Homes.com focus",
      "link": "https://www.housingwire.com/articles/costar-group-layoffs-ai/",
      "published": "Wed, 18 Feb 2026"
    },
    {
      "title": "Concierge program offers upfront prep funds for @properties Christie’s International Real Estate sellers",
      "link": "https://www.housingwire.com/articles/concierge-home-prep-loans/",
      "published": "Wed, 18 Feb 2026"
    },
    {
      "title": "Coastal Florida Dominated January’s Priciest Home Sales, Led By $55M Naples Estate",
      "link": "https://www.redfin.com/news/most-expensive-home-sales-january-2026/",
      "published": "Wed, 18 Feb 2026"
    },
    {
      "title": "U.S. Home Prices Crept Up 0.3% in January",
      "link": "https://www.redfin.com/news/home-price-index-january-2026/",
      "published": "Tue, 17 Feb 2026"
    },
    {
      "title": "All-Cash Home Purchases Ended 2025 at Five-Year Low",
      "link": "https://www.redfin.com/news/all-cash-home-purchases-december-2025/",
      "published": "Mon, 16 Feb 2026"
    },
    {
      "title": "Homebuyer Down Payments Shrink for First Time in 5 Months",
      "link": "https://www.redfin.com/news/down-payments-fall-december-2025/",
      "published": "Mon, 16 Feb 2026"
    },
    {
      "title": "Mortgage Rates Likely to Hold Steady With Inflation Risks in the Rearview Mirror",
      "link": "https://www.redfin.com/news/mortgage-rates-likely-to-hold-steady-with-inflation-risks-in-the-rearview-mirror/",
      "published": "Fri, 13 Feb 2026"
    },
    {
      "title": "64% of Single Americans Struggle to Afford Housing, Compared With 39% of Married People",
      "link": "https://www.redfin.com/news/struggle-afford-housing-single-versus-married/",
      "published": "Thu, 12 Feb 2026"
    }
  ],
  "feed_101020": {
    "macro": [
      {
        "title": "Bank capital relief may not quickly shift mortgage market dynamics",
        "url": "https://www.housingwire.com/articles/fed-mortgage-capital-rules/",
        "what": "Regulatory changes to how banks treat mortgage assets",
        "numbers": "",
        "justified": "housingwire.com — https://www.housingwire.com/articles/fed-mortgage-capital-rules/",
        "why": "Rates & inflation shape discount rates and housing affordability.",
        "market": "Lower rates support demand/valuations; higher rates pressure builders/REITs and slow transactions."
      },
      {
        "title": "Analysis questions CFPB’s economic impact, sparks debate over true costs",
        "url": "https://www.housingwire.com/articles/cea-cfpb-analysis-economic-impact/",
        "what": "The report assesses the CFPB’s economic impact, highlighting potential costs to borrowers, but the findings remain a subject of debate.",
        "numbers": "",
        "justified": "housingwire.com — https://www.housingwire.com/articles/cea-cfpb-analysis-economic-impact/",
        "why": "Relevant development for housing and markets.",
        "market": "Watch second-order effects across builders, lenders, and REITs."
      },
      {
        "title": "CoStar Group cuts jobs amid AI rollout and Homes.com focus",
        "url": "https://www.housingwire.com/articles/costar-group-layoffs-ai/",
        "what": "CoStar Group reduces workforce, citing AI-driven efficiencies and continued commitment to Homes.com despite investor pressure.",