{
  "as_of": "2026-04-02 15:16 UTC",
  "macro": {
    "spx": null,
    "ten_year": {
      "yield_pct": 4.3,
      "delta_bp_1d": -4.999999999999982
    },
    "mortgage_30y": {
      "rate_pct": 6.38,
      "delta_bp_wow": 16.000000000000014
    },
    "starts": {
      "level_saar": 1487.0,
      "mom": 0.07209805335255948
    }
  },
  "permits": {
    "florida": {
      "latest": 11132,
      "latest_date": "2026-01",
      "mom": -0.15794251134644477,
      "yoy": -0.3402086296823139,
      "ytd": -0.3402086296823139,
      "ytd_count": 11132,
      "latest_year": 2026,
      "latest_month_name": "Jan"
    },
    "msa": {
      "Orlando–Kissimmee–Sanford": {
        "total": {
          "latest": 1394,
          "latest_year": 2026,
          "latest_month": 1,
          "latest_month_name": "Jan",
          "mom": -0.3611365719523373,
          "yoy": -0.6161894273127753,
          "ytd_yoy": -0.6161894273127753,
          "ytd_count": 1394
        },
        "one_unit": {
          "latest": 956,
          "latest_year": 2026,
          "latest_month": 1,
          "latest_month_name": "Jan",
          "mom": 0.10520231213872822,
          "yoy": -0.3137114142139268,
          "ytd_yoy": -0.3137114142139268,
          "ytd_count": 956
        },
        "dom": {
          "days": 82,
          "yoy": 0.10810810810810811,
          "as_of": "2026-02"
        }
      },
      "Tampa–St. Petersburg–Clearwater": {
        "total": {
          "latest": 1255,
          "latest_year": 2026,
          "latest_month": 1,
          "latest_month_name": "Jan",
          "mom": 0.017842660178426506,
          "yoy": -0.42219152854511965,
          "ytd_yoy": -0.42219152854511965,
          "ytd_count": 1255
        },
        "one_unit": {
          "latest": 1120,
          "latest_year": 2026,
          "latest_month": 1,
          "latest_month_name": "Jan",
          "mom": 0.20042872454448024,
          "yoy": 0.02658111824014675,
          "ytd_yoy": 0.02658111824014675,
          "ytd_count": 1120
        },
        "dom": {
          "days": 80,
          "yoy": 0.21212121212121215,
          "as_of": "2026-02"
        }
      },
      "Ocala": {
        "total": {
          "latest": 504,
          "latest_year": 2026,
          "latest_month": 1,
          "latest_month_name": "Jan",
          "mom": 0.23529411764705888,
          "yoy": -0.2186046511627907,
          "ytd_yoy": -0.2186046511627907,
          "ytd_count": 504
        },
        "one_unit": {
          "latest": 486,
          "latest_year": 2026,
          "latest_month": 1,
          "latest_month_name": "Jan",
          "mom": 0.21500000000000008,
          "yoy": -0.18592964824120606,
          "ytd_yoy": -0.18592964824120606,
          "ytd_count": 486
        },
        "dom": {
          "days": 91,
          "yoy": 0.2816901408450705,
          "as_of": "2026-02"
        }
      },
      "Palm Bay–Melbourne–Titusville": {
        "total": {
          "latest": 198,
          "latest_year": 2026,
          "latest_month": 1,
          "latest_month_name": "Jan",
          "mom": -0.6292134831460674,
          "yoy": -0.5560538116591929,
          "ytd_yoy": -0.5560538116591929,
          "ytd_count": 198
        },
        "one_unit": {
          "latest": 198,
          "latest_year": 2026,
          "latest_month": 1,
          "latest_month_name": "Jan",
          "mom": -0.2639405204460966,
          "yoy": -0.28776978417266186,
          "ytd_yoy": -0.28776978417266186,
          "ytd_count": 198
        },
        "dom": {
          "days": 72,
          "yoy": 0.07462686567164178,
          "as_of": "2026-02"
        }
      }
    }
  },
  "watchlist": [],
  "feed": [
    {
      "title": "Lamacchia Realty acquires Weichert Realtors – Briotti Group",
      "link": "https://www.housingwire.com/articles/lamacchia-briotti-group-acquisition/",
      "published": "Thu, 02 Apr 2026"
    },
    {
      "title": "Rocket Close, AWS collaborate on AI system to automate mortgage document workflows",
      "link": "https://www.housingwire.com/articles/aws-rocket-close-automation/",
      "published": "Thu, 02 Apr 2026"
    },
    {
      "title": "Dwight Schar: the rigor that re-shaped modern homebuilding",
      "link": "https://www.housingwire.com/articles/schar-land-risk-control/",
      "published": "Thu, 02 Apr 2026"
    },
    {
      "title": "Manufactured housing is the homeownership solve we keep ignoring",
      "link": "https://www.housingwire.com/articles/manufactured-housing-is-the-homeownership-solve-we-keep-ignoring/",
      "published": "Thu, 02 Apr 2026"
    },
    {
      "title": "Why HousingWire’s new Mortgage Rankings matter for originators",
      "link": "https://www.housingwire.com/articles/why-housingwires-new-mortgage-rankings-matter-for-originators/",
      "published": "Wed, 01 Apr 2026"
    },
    {
      "title": "Housing market demand is holding, but pricing gaps are breaking deals",
      "link": "https://www.housingwire.com/articles/housing-market-demand-holding-deals-falling-apart/",
      "published": "Wed, 01 Apr 2026"
    },
    {
      "title": "The Great Housing Mismatch: Empty Nesters Own 28% of the Nation’s Large Homes, Millennial Families Own 16%",
      "link": "https://www.redfin.com/news/empty-nest-large-homes-2026/",
      "published": "Thu, 02 Apr 2026"
    },
    {
      "title": "Monthly Payments Tick Up For First Time in 6 Months As Mortgage Rates, Home Prices Jump",
      "link": "https://www.redfin.com/news/housing-market-update-monthly-housing-payments-tick-up/",
      "published": "Thu, 02 Apr 2026"
    },
    {
      "title": "This $329,900 Long Island Tiny Home Is Going Viral Because It Has No Bedrooms",
      "link": "https://www.redfin.com/news/tiny-home-selden-long-island-new-york/",
      "published": "Tue, 31 Mar 2026"
    },
    {
      "title": "Cleveland Remains a Beacon of Affordability for Homebuyers",
      "link": "https://www.redfin.com/news/cleveland-remains-a-beacon-of-affordability-for-homebuyers/",
      "published": "Tue, 31 Mar 2026"
    },
    {
      "title": "Over Half of Home Listings Have Been Lingering on the Market For More Than 2 Months",
      "link": "https://www.redfin.com/news/stale-housing-inventory-february-2026/",
      "published": "Mon, 30 Mar 2026"
    },
    {
      "title": "Market Jitters Drive Mortgage Rates Up, Sending Some Would-Be Homebuyers to the Sidelines",
      "link": "https://www.redfin.com/news/housing-market-update-market-jitters-mortgage-rates/",
      "published": "Thu, 26 Mar 2026"
    }
  ],
  "feed_101020": {
    "macro": [
      {
        "title": "Monthly Payments Tick Up For First Time in 6 Months As Mortgage Rates, Home Prices Jump",
        "url": "https://www.redfin.com/news/housing-market-update-monthly-housing-payments-tick-up/",
        "what": "The Iran war is a major factor pushing up mortgage rates",
        "numbers": "$2,742,, 0.4, 6",
        "justified": "redfin.com — https://www.redfin.com/news/housing-market-update-monthly-housing-payments-tick-up/",
        "why": "Rates & inflation shape discount rates and housing affordability.",
        "market": "Lower rates support demand/valuations; higher rates pressure builders/REITs and slow transactions."
      },
      {
        "title": "Housing market demand is holding, but pricing gaps are breaking deals",
        "url": "https://www.housingwire.com/articles/housing-market-demand-holding-deals-falling-apart/",
        "what": "Housing demand is holding as mortgage rates rise",
        "numbers": "",
        "justified": "housingwire.com — https://www.housingwire.com/articles/housing-market-demand-holding-deals-falling-apart/",
        "why": "Rates & inflation shape discount rates and housing affordability.",
        "market": "Lower rates support demand/valuations; higher rates pressure builders/REITs and slow transactions."
      }
    ],