{
  "as_of": "2026-05-26 08:42 UTC",
  "macro": {
    "spx": null,
    "ten_year": {
      "yield_pct": 4.57,
      "delta_bp_1d": 0.0
    },
    "mortgage_30y": {
      "rate_pct": 6.51,
      "delta_bp_wow": 14.999999999999947
    },
    "starts": {
      "level_saar": 1465.0,
      "mom": -0.02786994027869938
    }
  },
  "permits": {
    "florida": {
      "latest": 12449,
      "latest_date": "2026-03",
      "mom": 0.03054635761589397,
      "yoy": -0.15719991875973194,
      "ytd": -0.23309677419354835,
      "ytd_count": 35661,
      "latest_year": 2026,
      "latest_month_name": "Mar"
    },
    "msa": {
      "Orlando–Kissimmee–Sanford": {
        "total": {
          "latest": 1432,
          "latest_year": 2026,
          "latest_month": 3,
          "latest_month_name": "Mar",
          "mom": 0.07426856714178554,
          "yoy": -0.5466919911364356,
          "ytd_yoy": -0.542715777899945,
          "ytd_count": 4159
        },
        "one_unit": {
          "latest": 1122,
          "latest_year": 2026,
          "latest_month": 3,
          "latest_month_name": "Mar",
          "mom": 0.2411504424778761,
          "yoy": -0.1816192560175055,
          "ytd_yoy": -0.2602331927561399,
          "ytd_count": 2982
        },
        "dom": {
          "days": 68,
          "yoy": 0.09677419354838701,
          "as_of": "2026-04"
        }
      },
      "Tampa–St. Petersburg–Clearwater": {
        "total": {
          "latest": 1586,
          "latest_year": 2026,
          "latest_month": 3,
          "latest_month_name": "Mar",
          "mom": -0.10698198198198194,
          "yoy": 0.1696165191740413,
          "ytd_yoy": -0.12903225806451613,
          "ytd_count": 4617
        },
        "one_unit": {
          "latest": 1176,
          "latest_year": 2026,
          "latest_month": 3,
          "latest_month_name": "Mar",
          "mom": 0.01906412478336228,
          "yoy": -0.028099173553719048,
          "ytd_yoy": 0.08082706766917291,
          "ytd_count": 3450
        },
        "dom": {
          "days": 67,
          "yoy": 0.15517241379310343,
          "as_of": "2026-04"
        }
      },
      "Ocala": {
        "total": {
          "latest": 618,
          "latest_year": 2026,
          "latest_month": 3,
          "latest_month_name": "Mar",
          "mom": 0.006514657980456029,
          "yoy": -0.07067669172932334,
          "ytd_yoy": -0.09677419354838712,
          "ytd_count": 1736
        },
        "one_unit": {
          "latest": 618,
          "latest_year": 2026,
          "latest_month": 3,
          "latest_month_name": "Mar",
          "mom": 0.04391891891891886,
          "yoy": 0.08231173380035028,
          "ytd_yoy": -0.033067274800456126,
          "ytd_count": 1696
        },
        "dom": {
          "days": 75,
          "yoy": 0.13636363636363646,
          "as_of": "2026-04"
        }
      },
      "Palm Bay–Melbourne–Titusville": {
        "total": {
          "latest": 330,
          "latest_year": 2026,
          "latest_month": 3,
          "latest_month_name": "Mar",
          "mom": 0.346938775510204,
          "yoy": 0.13793103448275867,
          "ytd_yoy": -0.22699999999999998,
          "ytd_count": 773
        },
        "one_unit": {
          "latest": 330,
          "latest_year": 2026,
          "latest_month": 3,
          "latest_month_name": "Mar",
          "mom": 0.346938775510204,
          "yoy": 0.13793103448275867,
          "ytd_yoy": -0.06416464891041163,
          "ytd_count": 773
        },
        "dom": {
          "days": 67,
          "yoy": 0.09836065573770503,
          "as_of": "2026-04"
        }
      }
    }
  },
  "watchlist": [],
  "feed": [
    {
      "title": "Mortgage lock-in has become life lock-in",
      "link": "https://www.housingwire.com/articles/mortgage-lock-in/",
      "published": "Tue, 26 May 2026"
    },
    {
      "title": "Homebuilders adopt disciplined growth strategies as market pressures reshape housing in 2026",
      "link": "https://www.housingwire.com/articles/homebuilders-disciplined-growth-strategies/",
      "published": "Tue, 26 May 2026"
    },
    {
      "title": "What happens to mortgage rates if the Iran conflict is over?",
      "link": "https://www.housingwire.com/articles/what-happens-to-mortgage-rates-if-the-iran-conflict-is-over/",
      "published": "Mon, 25 May 2026"
    },
    {
      "title": "Clients are interviewing real estate agents differently. Here’s what they’re really looking for",
      "link": "https://www.housingwire.com/articles/clients-want-advisors-real-estate-agents/",
      "published": "Mon, 25 May 2026"
    },
    {
      "title": "New federal funding a mixed bag for housing programs",
      "link": "https://www.housingwire.com/articles/new-federal-funding-a-mixed-bag-for-housing-programs/",
      "published": "Mon, 25 May 2026"
    },
    {
      "title": "Meet the AI platform giving every agent a personal coach",
      "link": "https://www.housingwire.com/articles/meet-the-ai-platform-giving-every-agent-a-personal-coach/",
      "published": "Mon, 25 May 2026"
    },
    {
      "title": "Price Point: The Typical U.S. Home Costs $400,000. Here’s What That Buys in 3 Cities",
      "link": "https://www.redfin.com/news/price-point-what-400000-buys-around-united-states/",
      "published": "Fri, 22 May 2026"
    },
    {
      "title": "Just Listed in Chicago: A $1 Million Penthouse Condo in a Former Cookie Factory",
      "link": "https://www.redfin.com/news/958-w-willow-st-unit-4-listing/",
      "published": "Fri, 22 May 2026"
    },
    {
      "title": "Home Purchase Cancellations Are No Longer on the Rise As Demand Ticks Up",
      "link": "https://www.redfin.com/news/contract-cancellations-april-2026/",
      "published": "Thu, 21 May 2026"
    },
    {
      "title": "Pending Home Sales Slip for First Time Since Early April as Mortgage Rates Climb",
      "link": "https://www.redfin.com/news/housing-market-update-pending-home-sales-slip/",
      "published": "Thu, 21 May 2026"
    },
    {
      "title": "Coming Soon in Chicago: A $2M Move-In Ready Duplex Just Steps From Lake Michigan",
      "link": "https://www.redfin.com/news/2006-n-mohawk-st-60614-unit-1-listing/",
      "published": "Wed, 20 May 2026"
    },
    {
      "title": "Prices Drops Are Becoming Slightly Less Common As Housing Market Stabilizes",
      "link": "https://www.redfin.com/news/price-drops-april-2026/",
      "published": "Tue, 19 May 2026"
    }
  ],
  "feed_101020": {
    "macro": [
      {
        "title": "Mortgage lock-in has become life lock-in",
        "url": "https://www.housingwire.com/articles/mortgage-lock-in/",
        "what": "For the past three years, the housing market has been fixated on mortgage rates, as they dictate monthly payments and determine who can buy, refinance or move",
        "numbers": "",
        "justified": "housingwire.com — https://www.housingwire.com/articles/mortgage-lock-in/",
        "why": "Rates & inflation shape discount rates and housing affordability.",
        "market": "Lower rates support demand/valuations; higher rates pressure builders/REITs and slow transactions."
      },
      {
        "title": "Homebuilders adopt disciplined growth strategies as market pressures reshape housing in 2026",
        "url": "https://www.housingwire.com/articles/homebuilders-disciplined-growth-strategies/",
        "what": "Homebuilders are tightening inventory, refining product mix and pursuing M&A opportunities as elevated rates and affordability pressures reshape the 2026 housing market.",
        "numbers": "2026",
        "justified": "housingwire.com — https://www.housingwire.com/articles/homebuilders-disciplined-growth-strategies/",
        "why": "Rates & inflation shape discount rates and housing affordability.",