{
  "as_of": "2026-03-19 15:06 UTC",
  "macro": {
    "spx": null,
    "ten_year": {
      "yield_pct": 4.2,
      "delta_bp_1d": -3.000000000000025
    },
    "mortgage_30y": {
      "rate_pct": 6.11,
      "delta_bp_wow": 11.000000000000032
    },
    "starts": {
      "level_saar": 1487.0,
      "mom": 0.07209805335255948
    }
  },
  "permits": {
    "florida": {
      "latest": 13220,
      "latest_date": "2025-12",
      "mom": 0.3696643182760049,
      "yoy": 0.10590597289610182,
      "ytd": -0.002057400912362728,
      "ytd_count": 174133,
      "latest_year": 2025,
      "latest_month_name": "Dec"
    },
    "msa": {
      "Orlando–Kissimmee–Sanford": {
        "total": {
          "latest": 2182,
          "latest_year": 2025,
          "latest_month": 12,
          "latest_month_name": "Dec",
          "mom": 1.0900383141762453,
          "yoy": 0.011121408711770142,
          "ytd_yoy": 0.16461185273361112,
          "ytd_count": 27394
        },
        "one_unit": {
          "latest": 865,
          "latest_year": 2025,
          "latest_month": 12,
          "latest_month_name": "Dec",
          "mom": 0.11901681759379046,
          "yoy": -0.348644578313253,
          "ytd_yoy": -0.09051834744675391,
          "ytd_count": 14177
        },
        "dom": {
          "days": 82,
          "yoy": 0.10810810810810811,
          "as_of": "2026-02"
        }
      },
      "Tampa–St. Petersburg–Clearwater": {
        "total": {
          "latest": 1233,
          "latest_year": 2025,
          "latest_month": 12,
          "latest_month_name": "Dec",
          "mom": 0.020695364238410674,
          "yoy": 0.2992623814541622,
          "ytd_yoy": 0.06361240811797875,
          "ytd_count": 23007
        },
        "one_unit": {
          "latest": 933,
          "latest_year": 2025,
          "latest_month": 12,
          "latest_month_name": "Dec",
          "mom": 0.07986111111111116,
          "yoy": 0.015233949945593128,
          "ytd_yoy": -0.015809140557631496,
          "ytd_count": 13696
        },
        "dom": {
          "days": 80,
          "yoy": 0.21212121212121215,
          "as_of": "2026-02"
        }
      },
      "Ocala": {
        "total": {
          "latest": 408,
          "latest_year": 2025,
          "latest_month": 12,
          "latest_month_name": "Dec",
          "mom": 1.3448275862068964,
          "yoy": -0.02857142857142858,
          "ytd_yoy": -0.15358506576156128,
          "ytd_count": 5985
        },
        "one_unit": {
          "latest": 400,
          "latest_year": 2025,
          "latest_month": 12,
          "latest_month_name": "Dec",
          "mom": 1.3255813953488373,
          "yoy": -0.014778325123152691,
          "ytd_yoy": -0.15431424559213602,
          "ytd_count": 5420
        },
        "dom": {
          "days": 91,
          "yoy": 0.2816901408450705,
          "as_of": "2026-02"
        }
      },
      "Palm Bay–Melbourne–Titusville": {
        "total": {
          "latest": 534,
          "latest_year": 2025,
          "latest_month": 12,
          "latest_month_name": "Dec",
          "mom": 1.2066115702479339,
          "yoy": 0.5213675213675213,
          "ytd_yoy": -0.0004329941545788696,
          "ytd_count": 4617
        },
        "one_unit": {
          "latest": 269,
          "latest_year": 2025,
          "latest_month": 12,
          "latest_month_name": "Dec",
          "mom": 0.1350210970464134,
          "yoy": -0.2157434402332361,
          "ytd_yoy": -0.13548883756735952,
          "ytd_count": 3369
        },
        "dom": {
          "days": 72,
          "yoy": 0.07462686567164178,
          "as_of": "2026-02"
        }
      }
    }
  },
  "watchlist": [],
  "feed": [
    {
      "title": "Clayton’s TRU Mini homes aim for infill sites and entry-level buyers",
      "link": "https://www.housingwire.com/articles/clayton-tru-mini-home-collection-entry-level-buyers/",
      "published": "Thu, 19 Mar 2026"
    },
    {
      "title": "Montana Supreme Court upholds 2023 housing reform laws",
      "link": "https://www.housingwire.com/articles/montana-court-housing-reforms/",
      "published": "Thu, 19 Mar 2026"
    },
    {
      "title": "Bidding war emerges for Two Harbors as rival offer pressures UWM",
      "link": "https://www.housingwire.com/articles/uwm-two-harbors-bid/",
      "published": "Thu, 19 Mar 2026"
    },
    {
      "title": "Opinion: Dear President Trump, I have an idea to help first-time homebuyers",
      "link": "https://www.housingwire.com/articles/president-donald-trump-i-have-an-idea-to-help-first-time-homebuyers/",
      "published": "Thu, 19 Mar 2026"
    },
    {
      "title": "Midwest Real Estate Data moves to abandon NAR membership requirement",
      "link": "https://www.housingwire.com/articles/midwest-real-estate-data-moves-to-abandon-nar-membership-requirement/",
      "published": "Wed, 18 Mar 2026"
    },
    {
      "title": "Atlantic Avenue Mortgage leads HECM broker endorsement activity in January",
      "link": "https://www.housingwire.com/articles/atlantic-avenue-hecm-endorsements-2026/",
      "published": "Wed, 18 Mar 2026"
    },
    {
      "title": "Homebuyers Can Afford to Take Their Time Heading Into Spring 2026",
      "link": "https://www.redfin.com/news/homebuyers-taking-their-time-2026/",
      "published": "Thu, 19 Mar 2026"
    },
    {
      "title": "Today’s Homebuyers Save $150 a Month By Choosing an Adjustable-Rate Mortgage–The Biggest Discount Since 2022",
      "link": "https://www.redfin.com/news/adjustable-rate-mortgage-savings/",
      "published": "Thu, 19 Mar 2026"
    },
    {
      "title": "Mortgage Rates Jump Back Above 6% As Pending Home Sales, New Listings Post Small Improvements",
      "link": "https://www.redfin.com/news/housing-market-update-mortgage-rates-rise-sales-improve/",
      "published": "Thu, 19 Mar 2026"
    },
    {
      "title": "Mortgage Rates Could Nudge Slightly Higher As Fed Holds Rates Steady, Flags Inflation Risk",
      "link": "https://www.redfin.com/news/fed-meeting-march-18/",
      "published": "Wed, 18 Mar 2026"
    },
    {
      "title": "The Top 20% of Earners Hold Nearly 60% of America’s Real Estate Wealth",
      "link": "https://www.redfin.com/news/real-estate-wealth-by-income/",
      "published": "Wed, 18 Mar 2026"
    },
    {
      "title": "Redfin Economists’ Weekly Take: Rates Will Jump Around As Markets Weigh Iran War and Fed Outlook",
      "link": "https://www.redfin.com/news/weekly-economic-update-march-16-2026/",
      "published": "Mon, 16 Mar 2026"
    }
  ],
  "feed_101020": {
    "macro": [
      {
        "title": "Homebuyers Can Afford to Take Their Time Heading Into Spring 2026",
        "url": "https://www.redfin.com/news/homebuyers-taking-their-time-2026/",
        "what": "The typical home that went under contract in February spent 66 days on the market—the slowest February pace in a decade",
        "numbers": "66, 1.8, 2023, 2026",
        "justified": "redfin.com — https://www.redfin.com/news/homebuyers-taking-their-time-2026/",
        "why": "Price trend signals wealth effects and buyer/seller power.",
        "market": "Firm prices help builder margins; softness hits comps and sentiment."
      },
      {
        "title": "Mortgage Rates Jump Back Above 6% As Pending Home Sales, New Listings Post Small Improvements",
        "url": "https://www.redfin.com/news/housing-market-update-mortgage-rates-rise-sales-improve/",
        "what": "A Redfin agent in Austin said the upside of higher mortgage rates is that they decrease competition, allowing house hunters to negotiate prices down and ask for concessions",
        "numbers": "6.11, 6",
        "justified": "redfin.com — https://www.redfin.com/news/housing-market-update-mortgage-rates-rise-sales-improve/",
        "why": "Rates & inflation shape discount rates and housing affordability.",