{
  "as_of": "2026-05-21 21:47 UTC",
  "macro": {
    "spx": null,
    "ten_year": {
      "yield_pct": 4.57,
      "delta_bp_1d": -9.999999999999964
    },
    "mortgage_30y": {
      "rate_pct": 6.51,
      "delta_bp_wow": 14.999999999999947
    },
    "starts": {
      "level_saar": 1465.0,
      "mom": -0.02786994027869938
    }
  },
  "permits": {
    "florida": {
      "latest": 12449,
      "latest_date": "2026-03",
      "mom": 0.03054635761589397,
      "yoy": -0.15719991875973194,
      "ytd": -0.23309677419354835,
      "ytd_count": 35661,
      "latest_year": 2026,
      "latest_month_name": "Mar"
    },
    "msa": {
      "Orlando–Kissimmee–Sanford": {
        "total": {
          "latest": 1432,
          "latest_year": 2026,
          "latest_month": 3,
          "latest_month_name": "Mar",
          "mom": 0.07426856714178554,
          "yoy": -0.5466919911364356,
          "ytd_yoy": -0.542715777899945,
          "ytd_count": 4159
        },
        "one_unit": {
          "latest": 1122,
          "latest_year": 2026,
          "latest_month": 3,
          "latest_month_name": "Mar",
          "mom": 0.2411504424778761,
          "yoy": -0.1816192560175055,
          "ytd_yoy": -0.2602331927561399,
          "ytd_count": 2982
        },
        "dom": {
          "days": 68,
          "yoy": 0.09677419354838701,
          "as_of": "2026-04"
        }
      },
      "Tampa–St. Petersburg–Clearwater": {
        "total": {
          "latest": 1586,
          "latest_year": 2026,
          "latest_month": 3,
          "latest_month_name": "Mar",
          "mom": -0.10698198198198194,
          "yoy": 0.1696165191740413,
          "ytd_yoy": -0.12903225806451613,
          "ytd_count": 4617
        },
        "one_unit": {
          "latest": 1176,
          "latest_year": 2026,
          "latest_month": 3,
          "latest_month_name": "Mar",
          "mom": 0.01906412478336228,
          "yoy": -0.028099173553719048,
          "ytd_yoy": 0.08082706766917291,
          "ytd_count": 3450
        },
        "dom": {
          "days": 67,
          "yoy": 0.15517241379310343,
          "as_of": "2026-04"
        }
      },
      "Ocala": {
        "total": {
          "latest": 618,
          "latest_year": 2026,
          "latest_month": 3,
          "latest_month_name": "Mar",
          "mom": 0.006514657980456029,
          "yoy": -0.07067669172932334,
          "ytd_yoy": -0.09677419354838712,
          "ytd_count": 1736
        },
        "one_unit": {
          "latest": 618,
          "latest_year": 2026,
          "latest_month": 3,
          "latest_month_name": "Mar",
          "mom": 0.04391891891891886,
          "yoy": 0.08231173380035028,
          "ytd_yoy": -0.033067274800456126,
          "ytd_count": 1696
        },
        "dom": {
          "days": 75,
          "yoy": 0.13636363636363646,
          "as_of": "2026-04"
        }
      },
      "Palm Bay–Melbourne–Titusville": {
        "total": {
          "latest": 330,
          "latest_year": 2026,
          "latest_month": 3,
          "latest_month_name": "Mar",
          "mom": 0.346938775510204,
          "yoy": 0.13793103448275867,
          "ytd_yoy": -0.22699999999999998,
          "ytd_count": 773
        },
        "one_unit": {
          "latest": 330,
          "latest_year": 2026,
          "latest_month": 3,
          "latest_month_name": "Mar",
          "mom": 0.346938775510204,
          "yoy": 0.13793103448275867,
          "ytd_yoy": -0.06416464891041163,
          "ytd_count": 773
        },
        "dom": {
          "days": 67,
          "yoy": 0.09836065573770503,
          "as_of": "2026-04"
        }
      }
    }
  },
  "watchlist": [],
  "feed": [
    {
      "title": "As retirement costs surge, more homeowners turn to their equity",
      "link": "https://www.housingwire.com/articles/retirement-costs-surge-home-equity/",
      "published": "Thu, 21 May 2026"
    },
    {
      "title": "The MRED Zillow legal fight just hit agents and sellers directly",
      "link": "https://www.housingwire.com/articles/antitrust-mred-zillow-listings/",
      "published": "Thu, 21 May 2026"
    },
    {
      "title": "Rocket Mortgage, Rocket Pro adopt VantageScore 4.0",
      "link": "https://www.housingwire.com/articles/rocket-adopts-vantagescore-4/",
      "published": "Thu, 21 May 2026"
    },
    {
      "title": "New brokerage Showings bets on buyer leads over listing commissions",
      "link": "https://www.housingwire.com/articles/new-brokerage-showings-bets-on-buyer-leads-over-listing-commissions/",
      "published": "Thu, 21 May 2026"
    },
    {
      "title": "Single-family housing starts fell in April, but multifamily gained momentum",
      "link": "https://www.housingwire.com/articles/single-family-starts-april/",
      "published": "Thu, 21 May 2026"
    },
    {
      "title": "AI adoption in mortgage servicing is accelerating, BlackWolf says",
      "link": "https://www.housingwire.com/articles/ai-mortgage-servicing-adoption/",
      "published": "Thu, 21 May 2026"
    },
    {
      "title": "Home Purchase Cancellations Are No Longer on the Rise As Demand Ticks Up",
      "link": "https://www.redfin.com/news/contract-cancellations-april-2026/",
      "published": "Thu, 21 May 2026"
    },
    {
      "title": "Pending Home Sales Slip for First Time Since Early April as Mortgage Rates Climb",
      "link": "https://www.redfin.com/news/housing-market-update-pending-home-sales-slip/",
      "published": "Thu, 21 May 2026"
    },
    {
      "title": "Coming Soon in Chicago: A $2M Move-In Ready Duplex Just Steps From Lake Michigan",
      "link": "https://www.redfin.com/news/2006-n-mohawk-st-60614-unit-1-listing/",
      "published": "Wed, 20 May 2026"
    },
    {
      "title": "Prices Drops Are Becoming Slightly Less Common As Housing Market Stabilizes",
      "link": "https://www.redfin.com/news/price-drops-april-2026/",
      "published": "Tue, 19 May 2026"
    },
    {
      "title": "U.S. Home Prices Rose 0.2% in April",
      "link": "https://www.redfin.com/news/home-price-index-april-2026/",
      "published": "Tue, 19 May 2026"
    },
    {
      "title": "Iran Tensions, Not Economic Data, Are Driving Mortgage Rates This Week",
      "link": "https://www.redfin.com/news/weekly-economic-update-may-18-2026/",
      "published": "Mon, 18 May 2026"
    }
  ],
  "feed_101020": {
    "macro": [
      {
        "title": "Rocket Mortgage, Rocket Pro adopt VantageScore 4.0",
        "url": "https://www.housingwire.com/articles/rocket-adopts-vantagescore-4/",
        "what": "Rocket began using VantageScore 4.0 with Classic FICO, as FHFA pilots the model and lenders delivered $10 million in loans to Freddie Mac.",
        "numbers": "4.0, $10 million",
        "justified": "housingwire.com — https://www.housingwire.com/articles/rocket-adopts-vantagescore-4/",
        "why": "Rates & inflation shape discount rates and housing affordability.",
        "market": "Lower rates support demand/valuations; higher rates pressure builders/REITs and slow transactions."
      },
      {
        "title": "Pending Home Sales Slip for First Time Since Early April as Mortgage Rates Climb",
        "url": "https://www.redfin.com/news/housing-market-update-pending-home-sales-slip/",
        "what": "Mortgage rates jumped to a 10-month high, spooking would-be homebuyers and sellers after a few weeks of solid demand",
        "numbers": "10, 1.1, 17,, 2022,",
        "justified": "redfin.com — https://www.redfin.com/news/housing-market-update-pending-home-sales-slip/",
        "why": "Rates & inflation shape discount rates and housing affordability.",
        "market": "Lower rates support demand/valuations; higher rates pressure builders/REITs and slow transactions."
      },
      {
        "title": "Iran Tensions, Not Economic Data, Are Driving Mortgage Rates This Week",
        "url": "https://www.redfin.com/news/weekly-economic-update-may-18-2026/",