{
  "as_of": "2026-06-13 18:43 UTC",
  "macro": {
    "spx": null,
    "ten_year": {
      "yield_pct": 4.45,
      "delta_bp_1d": -9.999999999999964
    },
    "mortgage_30y": {
      "rate_pct": 6.52,
      "delta_bp_wow": 3.9999999999999147
    },
    "starts": {
      "level_saar": 1465.0,
      "mom": -0.02786994027869938
    }
  },
  "permits": {
    "florida": {
      "latest": 14596,
      "latest_date": "2026-04",
      "mom": 0.17246365169893174,
      "yoy": 0.05378673019998548,
      "ytd": -0.16725489221388212,
      "ytd_count": 50257,
      "latest_year": 2026,
      "latest_month_name": "Apr"
    },
    "msa": {
      "Orlando–Kissimmee–Sanford": {
        "total": {
          "latest": 1926,
          "latest_year": 2026,
          "latest_month": 4,
          "latest_month_name": "Apr",
          "mom": 0.3449720670391061,
          "yoy": -0.21675477836518908,
          "ytd_yoy": -0.4733425653453349,
          "ytd_count": 6085
        },
        "one_unit": {
          "latest": 1124,
          "latest_year": 2026,
          "latest_month": 4,
          "latest_month_name": "Apr",
          "mom": 0.0017825311942958333,
          "yoy": -0.2629508196721312,
          "ytd_yoy": -0.2609791216702664,
          "ytd_count": 4106
        },
        "dom": {
          "days": 70,
          "yoy": 0.07692307692307687,
          "as_of": "2026-05"
        }
      },
      "Tampa–St. Petersburg–Clearwater": {
        "total": {
          "latest": 1599,
          "latest_year": 2026,
          "latest_month": 4,
          "latest_month_name": "Apr",
          "mom": 0.008196721311475308,
          "yoy": -0.08156232050545664,
          "ytd_yoy": -0.11729622266401596,
          "ytd_count": 6216
        },
        "one_unit": {
          "latest": 1198,
          "latest_year": 2026,
          "latest_month": 4,
          "latest_month_name": "Apr",
          "mom": 0.018707482993197244,
          "yoy": -0.07347254447022433,
          "ytd_yoy": 0.03634336677814942,
          "ytd_count": 4648
        },
        "dom": {
          "days": 67,
          "yoy": 0.1166666666666667,
          "as_of": "2026-05"
        }
      },
      "Ocala": {
        "total": {
          "latest": 588,
          "latest_year": 2026,
          "latest_month": 4,
          "latest_month_name": "Apr",
          "mom": -0.04854368932038833,
          "yoy": 0.27826086956521734,
          "ytd_yoy": -0.02434928631402178,
          "ytd_count": 2324
        },
        "one_unit": {
          "latest": 588,
          "latest_year": 2026,
          "latest_month": 4,
          "latest_month_name": "Apr",
          "mom": -0.04854368932038833,
          "yoy": 0.3183856502242153,
          "ytd_yoy": 0.038181818181818095,
          "ytd_count": 2284
        },
        "dom": {
          "days": 79,
          "yoy": 0.09722222222222232,
          "as_of": "2026-05"
        }
      },
      "Palm Bay–Melbourne–Titusville": {
        "total": {
          "latest": 303,
          "latest_year": 2026,
          "latest_month": 4,
          "latest_month_name": "Apr",
          "mom": -0.08181818181818179,
          "yoy": -0.03809523809523807,
          "ytd_yoy": -0.18174904942965775,
          "ytd_count": 1076
        },
        "one_unit": {
          "latest": 303,
          "latest_year": 2026,
          "latest_month": 4,
          "latest_month_name": "Apr",
          "mom": -0.08181818181818179,
          "yoy": -0.025723472668810254,
          "ytd_yoy": -0.05364995602462619,
          "ytd_count": 1076
        },
        "dom": {
          "days": 65,
          "yoy": 0.0,
          "as_of": "2026-05"
        }
      }
    }
  },
  "watchlist": [],
  "feed": [
    {
      "title": "HUD would permit multi-story manufactured homes without a permanent chassis",
      "link": "https://www.housingwire.com/articles/hud-would-permit-multi-story-manufactured-homes-without-a-permanent-chassis/",
      "published": "Fri, 12 Jun 2026"
    },
    {
      "title": "Report lays out wealth, housing gaps facing LGBTQ+ Gen Z",
      "link": "https://www.housingwire.com/articles/report-lays-out-wealth-housing-gaps-facing-lgbtq-gen-z/",
      "published": "Fri, 12 Jun 2026"
    },
    {
      "title": "Colorado’s Drive It Home financing kicks off with affordable condos",
      "link": "https://www.housingwire.com/articles/drive-it-home-denver-condos/",
      "published": "Fri, 12 Jun 2026"
    },
    {
      "title": "Lennar Q2 2026 results test the land-light model",
      "link": "https://www.housingwire.com/articles/lennar-q2-2026-land-light/",
      "published": "Fri, 12 Jun 2026"
    },
    {
      "title": "2026 RealTrends Verified: Journey from intern to owner fuels David Banks Team’s record year",
      "link": "https://www.housingwire.com/articles/2026-realtrends-verified-journey-from-intern-to-owner-fuels-david-banks-teams-record-year/",
      "published": "Fri, 12 Jun 2026"
    },
    {
      "title": "AI-native lending platform Copperlane lands $4.1M seed round",
      "link": "https://www.housingwire.com/articles/copperlane-ai-mortgage-seed/",
      "published": "Fri, 12 Jun 2026"
    },
    {
      "title": "SpaceX Employees Could Buy 2 in 5 San Antonio Homes With Their IPO Windfall",
      "link": "https://www.redfin.com/news/spacex-ipo-housing-wealth/",
      "published": "Fri, 12 Jun 2026"
    },
    {
      "title": "Record Home Prices, High Mortgage Rates Push Pending Sales Down for Fourth Straight Week",
      "link": "https://www.redfin.com/news/housing-market-update-record-high-home-prices-sales-decline/",
      "published": "Thu, 11 Jun 2026"
    },
    {
      "title": "Mortgage Rates Unaffected, Fed Likely to Hold Rates Steady on Latest Inflation Data",
      "link": "https://www.redfin.com/news/cpi-may-2026/",
      "published": "Wed, 10 Jun 2026"
    },
    {
      "title": "Nashville, Miami and Austin–Once Pandemic Homebuying Hotspots–Are This Spring’s Strongest Buyer’s Markets",
      "link": "https://www.redfin.com/news/buyers-vs-sellers-may-2026/",
      "published": "Tue, 09 Jun 2026"
    },
    {
      "title": "This Week’s Inflation and Sentiment Data May Clarify the Fed’s Path",
      "link": "https://www.redfin.com/news/mortage-rates-still-risk-of-rising-strait-hormuz-still-closed/",
      "published": "Mon, 08 Jun 2026"
    },
    {
      "title": "Rising Rates Stall Housing Market Momentum Just After Closed Home Sales Hit Highest Level Since 2022",
      "link": "https://www.redfin.com/news/rising-rates-stall-housing-market-momentum/",
      "published": "Mon, 08 Jun 2026"
    }
  ],
  "feed_101020": {
    "macro": [
      {
        "title": "Markets await Warsh’s first meeting as Fed chair",
        "url": "https://www.housingwire.com/articles/warsh-fed-debut-cpi/",
        "what": "Markets expect the Fed to hold rates, but Warsh’s June 17 debut press conference and continued high inflation will shape expectations.",
        "numbers": "17",
        "justified": "housingwire.com — https://www.housingwire.com/articles/warsh-fed-debut-cpi/",
        "why": "Rates & inflation shape discount rates and housing affordability.",
        "market": "Lower rates support demand/valuations; higher rates pressure builders/REITs and slow transactions."
      },
      {
        "title": "Record Home Prices, High Mortgage Rates Push Pending Sales Down for Fourth Straight Week",
        "url": "https://www.redfin.com/news/housing-market-update-record-high-home-prices-sales-decline/",
        "what": "High housing costs and economic instability are driving would-be buyers away",
        "numbers": "$400,894, 7,, 1.5, $400,000,",
        "justified": "redfin.com — https://www.redfin.com/news/housing-market-update-record-high-home-prices-sales-decline/",
        "why": "Rates & inflation shape discount rates and housing affordability.",