{
  "as_of": "2026-03-25 19:54 UTC",
  "macro": {
    "spx": null,
    "ten_year": {
      "yield_pct": 4.34,
      "delta_bp_1d": -4.999999999999982
    },
    "mortgage_30y": {
      "rate_pct": 6.22,
      "delta_bp_wow": 10.999999999999943
    },
    "starts": {
      "level_saar": 1487.0,
      "mom": 0.07209805335255948
    }
  },
  "permits": {
    "florida": {
      "latest": 11132,
      "latest_date": "2026-01",
      "mom": -0.15794251134644477,
      "yoy": -0.3402086296823139,
      "ytd": -0.3402086296823139,
      "ytd_count": 11132,
      "latest_year": 2026,
      "latest_month_name": "Jan"
    },
    "msa": {
      "Orlando–Kissimmee–Sanford": {
        "total": {
          "latest": 1394,
          "latest_year": 2026,
          "latest_month": 1,
          "latest_month_name": "Jan",
          "mom": -0.3611365719523373,
          "yoy": -0.6161894273127753,
          "ytd_yoy": -0.6161894273127753,
          "ytd_count": 1394
        },
        "one_unit": {
          "latest": 956,
          "latest_year": 2026,
          "latest_month": 1,
          "latest_month_name": "Jan",
          "mom": 0.10520231213872822,
          "yoy": -0.3137114142139268,
          "ytd_yoy": -0.3137114142139268,
          "ytd_count": 956
        },
        "dom": {
          "days": 82,
          "yoy": 0.10810810810810811,
          "as_of": "2026-02"
        }
      },
      "Tampa–St. Petersburg–Clearwater": {
        "total": {
          "latest": 1255,
          "latest_year": 2026,
          "latest_month": 1,
          "latest_month_name": "Jan",
          "mom": 0.017842660178426506,
          "yoy": -0.42219152854511965,
          "ytd_yoy": -0.42219152854511965,
          "ytd_count": 1255
        },
        "one_unit": {
          "latest": 1120,
          "latest_year": 2026,
          "latest_month": 1,
          "latest_month_name": "Jan",
          "mom": 0.20042872454448024,
          "yoy": 0.02658111824014675,
          "ytd_yoy": 0.02658111824014675,
          "ytd_count": 1120
        },
        "dom": {
          "days": 80,
          "yoy": 0.21212121212121215,
          "as_of": "2026-02"
        }
      },
      "Ocala": {
        "total": {
          "latest": 504,
          "latest_year": 2026,
          "latest_month": 1,
          "latest_month_name": "Jan",
          "mom": 0.23529411764705888,
          "yoy": -0.2186046511627907,
          "ytd_yoy": -0.2186046511627907,
          "ytd_count": 504
        },
        "one_unit": {
          "latest": 486,
          "latest_year": 2026,
          "latest_month": 1,
          "latest_month_name": "Jan",
          "mom": 0.21500000000000008,
          "yoy": -0.18592964824120606,
          "ytd_yoy": -0.18592964824120606,
          "ytd_count": 486
        },
        "dom": {
          "days": 91,
          "yoy": 0.2816901408450705,
          "as_of": "2026-02"
        }
      },
      "Palm Bay–Melbourne–Titusville": {
        "total": {
          "latest": 198,
          "latest_year": 2026,
          "latest_month": 1,
          "latest_month_name": "Jan",
          "mom": -0.6292134831460674,
          "yoy": -0.5560538116591929,
          "ytd_yoy": -0.5560538116591929,
          "ytd_count": 198
        },
        "one_unit": {
          "latest": 198,
          "latest_year": 2026,
          "latest_month": 1,
          "latest_month_name": "Jan",
          "mom": -0.2639405204460966,
          "yoy": -0.28776978417266186,
          "ytd_yoy": -0.28776978417266186,
          "ytd_count": 198
        },
        "dom": {
          "days": 72,
          "yoy": 0.07462686567164178,
          "as_of": "2026-02"
        }
      }
    }
  },
  "watchlist": [],
  "feed": [
    {
      "title": "One group drove U.S. homeownership gains in 2025 — and it wasn’t who you think",
      "link": "https://www.housingwire.com/articles/one-group-drove-u-s-homeownership-gains-in-2025-and-it-wasnt-who-you-think/",
      "published": "Wed, 25 Mar 2026"
    },
    {
      "title": "11 tips for pricing homes in a low-turnover market",
      "link": "https://www.housingwire.com/articles/11-tips-for-pricing-homes-in-a-low-turnover-market/",
      "published": "Wed, 25 Mar 2026"
    },
    {
      "title": "Waterstone Mortgage taps Friday Harbor AI to boost underwriting capacity",
      "link": "https://www.housingwire.com/articles/waterstone-mortgage-adopts-friday-harbor-ai-pre-underwriting/",
      "published": "Wed, 25 Mar 2026"
    },
    {
      "title": "MISMO publishes ALTA title and settlement datasets for review",
      "link": "https://www.housingwire.com/articles/mismo-alta-title-settlement-standards/",
      "published": "Wed, 25 Mar 2026"
    },
    {
      "title": "Zillow Preview adds Engel & Völkers, BHHS, SERHANT., Samson Properties, 20 more firms",
      "link": "https://www.housingwire.com/articles/zillow-preview-24-firms/",
      "published": "Wed, 25 Mar 2026"
    },
    {
      "title": "Virginia widow sues HUD and lenders, alleging wrongful reverse mortgage foreclosure",
      "link": "https://www.housingwire.com/articles/virginia-widow-hud-hecm-lawsuit/",
      "published": "Wed, 25 Mar 2026"
    },
    {
      "title": "14% of Home-Sale Agreements Fell Through Last Month–A Record for February",
      "link": "https://www.redfin.com/news/contract-cancellations-february-2026/",
      "published": "Tue, 24 Mar 2026"
    },
    {
      "title": "U.S. Home Prices Barely Budged in February",
      "link": "https://www.redfin.com/news/home-price-index-february-2026/",
      "published": "Tue, 24 Mar 2026"
    },
    {
      "title": "Redfin Economists’ Weekly Take: Iran War Drives Rate Volatility",
      "link": "https://www.redfin.com/news/weekly-economic-update-march-23-2026/",
      "published": "Mon, 23 Mar 2026"
    },
    {
      "title": "There Are 630,000 More Home Sellers Than Buyers—the Biggest Gap on Record",
      "link": "https://www.redfin.com/news/buyers-vs-sellers-february-2026/",
      "published": "Mon, 23 Mar 2026"
    },
    {
      "title": "February’s $30M+ Home Sales Cluster in Florida and NYC—Including Two in the Same Barrier Island Enclave",
      "link": "https://www.redfin.com/news/most-expensive-home-sales-february-2026/",
      "published": "Mon, 23 Mar 2026"
    },
    {
      "title": "Escalating Iran War, Rising Oil Prices, Fed Uncertainty Push Mortgage Rates to 6-Month High",
      "link": "https://www.redfin.com/news/mortgage-rates-increase-march-20/",
      "published": "Fri, 20 Mar 2026"
    }
  ],
  "feed_101020": {
    "macro": [
      {
        "title": "Redfin Economists’ Weekly Take: Iran War Drives Rate Volatility",
        "url": "https://www.redfin.com/news/weekly-economic-update-march-23-2026/",
        "what": "This Week In A Nutshell: The Iran War continues to fuel market volatility as it enters its fourth week, particularly as the White House signals it is seeking a resolution",
        "numbers": "",
        "justified": "redfin.com — https://www.redfin.com/news/weekly-economic-update-march-23-2026/",
        "why": "Rates & inflation shape discount rates and housing affordability.",
        "market": "Lower rates support demand/valuations; higher rates pressure builders/REITs and slow transactions."
      },
      {
        "title": "Escalating Iran War, Rising Oil Prices, Fed Uncertainty Push Mortgage Rates to 6-Month High",
        "url": "https://www.redfin.com/news/mortgage-rates-increase-march-20/",
        "what": "The daily average mortgage rate rose to a six-month high of 6.53% on March 20",
        "numbers": "6.53, 20., 20, 6",
        "justified": "redfin.com — https://www.redfin.com/news/mortgage-rates-increase-march-20/",
        "why": "Rates & inflation shape discount rates and housing affordability.",
        "market": "Lower rates support demand/valuations; higher rates pressure builders/REITs and slow transactions."
      }
    ],