{
  "as_of": "2026-01-05 13:52 UTC",
  "macro": {
    "spx": null,
    "ten_year": {
      "yield_pct": 4.18,
      "delta_bp_1d": 4.0000000000000036
    },
    "mortgage_30y": {
      "rate_pct": 6.15,
      "delta_bp_wow": -2.999999999999936
    },
    "starts": {
      "level_saar": 1307.0,
      "mom": -0.08537438768369487
    }
  },
  "permits": {
    "florida": {
      "latest": 13594,
      "latest_date": "2025-08",
      "mom": -0.0727781188186345,
      "yoy": -0.13226094727435211,
      "ytd": -0.026868417713488135,
      "ytd_count": 122708,
      "latest_year": 2025,
      "latest_month_name": "Aug"
    },
    "msa": {
      "Orlando–Kissimmee–Sanford": {
        "total": {
          "latest": 1649,
          "latest_year": 2025,
          "latest_month": 8,
          "latest_month_name": "Aug",
          "mom": -0.20797310278578285,
          "yoy": -0.16336884830035514,
          "ytd_yoy": 0.20390428982314424,
          "ytd_count": 19673
        },
        "one_unit": {
          "latest": 927,
          "latest_year": 2025,
          "latest_month": 8,
          "latest_month_name": "Aug",
          "mom": -0.12793979303857006,
          "yoy": -0.382,
          "ytd_yoy": 0.008284136354979932,
          "ytd_count": 10589
        },
        "dom": {
          "days": 80,
          "yoy": 0.09589041095890405,
          "as_of": "2025-11"
        }
      },
      "Tampa–St. Petersburg–Clearwater": {
        "total": {
          "latest": 2908,
          "latest_year": 2025,
          "latest_month": 8,
          "latest_month_name": "Aug",
          "mom": 0.6645678305666858,
          "yoy": 0.465725806451613,
          "ytd_yoy": -0.06499153020892157,
          "ytd_count": 16559
        },
        "one_unit": {
          "latest": 1324,
          "latest_year": 2025,
          "latest_month": 8,
          "latest_month_name": "Aug",
          "mom": 0.16140350877192988,
          "yoy": 0.2526017029328287,
          "ytd_yoy": -0.09323079844298865,
          "ytd_count": 9551
        },
        "dom": {
          "days": 78,
          "yoy": 0.054054054054053946,
          "as_of": "2025-11"
        }
      },
      "Ocala": {
        "total": {
          "latest": 461,
          "latest_year": 2025,
          "latest_month": 8,
          "latest_month_name": "Aug",
          "mom": 0.0453514739229024,
          "yoy": 0.0453514739229024,
          "ytd_yoy": -0.1361718450326045,
          "ytd_count": 4504
        },
        "one_unit": {
          "latest": 451,
          "latest_year": 2025,
          "latest_month": 8,
          "latest_month_name": "Aug",
          "mom": 0.09200968523002429,
          "yoy": 0.0562060889929743,
          "ytd_yoy": -0.12195652173913041,
          "ytd_count": 4039
        },
        "dom": {
          "days": 79,
          "yoy": 0.12857142857142856,
          "as_of": "2025-11"
        }
      },
      "Palm Bay–Melbourne–Titusville": {
        "total": {
          "latest": 391,
          "latest_year": 2025,
          "latest_month": 8,
          "latest_month_name": "Aug",
          "mom": -0.28519195612431447,
          "yoy": 0.3076923076923077,
          "ytd_yoy": 0.03214156735283491,
          "ytd_count": 2858
        },
        "one_unit": {
          "latest": 239,
          "latest_year": 2025,
          "latest_month": 8,
          "latest_month_name": "Aug",
          "mom": -0.13090909090909086,
          "yoy": -0.2006688963210702,
          "ytd_yoy": -0.10545165141265422,
          "ytd_count": 2248
        },
        "dom": {
          "days": 74,
          "yoy": 0.04225352112676051,
          "as_of": "2025-11"
        }
      }
    }
  },
  "watchlist": [],
  "feed": [
    {
      "title": "New homeowner data challenges mortgage rate lockdown theory",
      "link": "https://www.housingwire.com/articles/mortgage-rate-lockdown-myth/",
      "published": "Mon, 05 Jan 2026"
    },
    {
      "title": "From military service to the built world: Why construction still struggles with accountability and visibility",
      "link": "https://www.housingwire.com/articles/from-military-service-to-the-built-world-why-construction-still-struggles-with-accountability-and-visibility/",
      "published": "Mon, 05 Jan 2026"
    },
    {
      "title": "NRMLA backs New Jersey bill clarifying reverse mortgage rules",
      "link": "https://www.housingwire.com/articles/nrmla-backs-new-jersey-bill-clarifying-reverse-mortgage-rules/",
      "published": "Fri, 02 Jan 2026"
    },
    {
      "title": "HUD tightens rules for FHA appraiser roster",
      "link": "https://www.housingwire.com/articles/hud-tightens-rules-for-fha-appraiser-roster/",
      "published": "Fri, 02 Jan 2026"
    },
    {
      "title": "Why most buyers hire the first agent they talk to",
      "link": "https://www.housingwire.com/articles/why-most-buyers-hire-the-first-agent-they-talk-to/",
      "published": "Fri, 02 Jan 2026"
    },
    {
      "title": "Judge Valderrama’s ‘roadmap’ for successful antitrust litigation in affordable housing crisis",
      "link": "https://www.housingwire.com/articles/judge-valderramas-roadmap-for-successful-antitrust-litigation-in-affordable-housing-crisis/",
      "published": "Fri, 02 Jan 2026"
    },
    {
      "title": "The Real Estate: 2025 Year in Review",
      "link": "https://www.redfin.com/news/the-real-estate-2025-year-in-review/",
      "published": "Tue, 30 Dec 2025"
    },
    {
      "title": "Vacant Lots for Sale Are Piling Up After the L.A. Fires; Investors Are Buying 40% of Those That Sell",
      "link": "https://www.redfin.com/news/los-angeles-wildfires-anniversary/",
      "published": "Tue, 30 Dec 2025"
    },
    {
      "title": "The U.S. Housing Market Has 37% More Sellers Than Buyers—More Than Double Last Year’s Gap",
      "link": "https://www.redfin.com/news/buyers-vs-sellers-november-2025/",
      "published": "Tue, 23 Dec 2025"
    },
    {
      "title": "U.S. Home Prices Ticked Up 0.2% in November",
      "link": "https://www.redfin.com/news/home-price-index-november-2025/",
      "published": "Tue, 23 Dec 2025"
    },
    {
      "title": "Western New York Is the Most Competitive Place to Buy a Home in America",
      "link": "https://www.redfin.com/news/most-competitive-housing-markets-2025/",
      "published": "Tue, 23 Dec 2025"
    },
    {
      "title": "Redfin Economists’ Weekly Take: Mortgage Rates Remain Steady Despite Problematic Inflation, Jobs Reports",
      "link": "https://www.redfin.com/news/mortgage-rates-steady-economic-data-issues/",
      "published": "Mon, 22 Dec 2025"
    }
  ],
  "feed_101020": {
    "macro": [
      {
        "title": "New homeowner data challenges mortgage rate lockdown theory",
        "url": "https://www.housingwire.com/articles/mortgage-rate-lockdown-myth/",
        "what": "New data shows more homeowners now have mortgage rates above 6% than below 3%, challenging the mortgage rate lockdown theory.",
        "numbers": "6, 3",
        "justified": "housingwire.com — https://www.housingwire.com/articles/mortgage-rate-lockdown-myth/",
        "why": "Rates & inflation shape discount rates and housing affordability.",
        "market": "Lower rates support demand/valuations; higher rates pressure builders/REITs and slow transactions."
      },
      {
        "title": "Judge Valderrama’s ‘roadmap’ for successful antitrust litigation in affordable housing crisis",
        "url": "https://www.housingwire.com/articles/judge-valderramas-roadmap-for-successful-antitrust-litigation-in-affordable-housing-crisis/",
        "what": "A federal judge’s dismissal of a manufactured housing antitrust case offers a clear roadmap for future litigation—and raises broader questions about consolidation and affordability",
        "numbers": "",
        "justified": "housingwire.com — https://www.housingwire.com/articles/judge-valderramas-roadmap-for-successful-antitrust-litigation-in-affordable-housing-crisis/",