{
  "as_of": "2026-04-14 11:19 UTC",
  "macro": {
    "spx": null,
    "ten_year": {
      "yield_pct": 4.31,
      "delta_bp_1d": 1.9999999999999574
    },
    "mortgage_30y": {
      "rate_pct": 6.37,
      "delta_bp_wow": -8.999999999999986
    },
    "starts": {
      "level_saar": 1487.0,
      "mom": 0.07209805335255948
    }
  },
  "permits": {
    "florida": {
      "latest": 11132,
      "latest_date": "2026-01",
      "mom": -0.15794251134644477,
      "yoy": -0.3402086296823139,
      "ytd": -0.3402086296823139,
      "ytd_count": 11132,
      "latest_year": 2026,
      "latest_month_name": "Jan"
    },
    "msa": {
      "Orlando–Kissimmee–Sanford": {
        "total": {
          "latest": 1394,
          "latest_year": 2026,
          "latest_month": 1,
          "latest_month_name": "Jan",
          "mom": -0.3611365719523373,
          "yoy": -0.6161894273127753,
          "ytd_yoy": -0.6161894273127753,
          "ytd_count": 1394
        },
        "one_unit": {
          "latest": 956,
          "latest_year": 2026,
          "latest_month": 1,
          "latest_month_name": "Jan",
          "mom": 0.10520231213872822,
          "yoy": -0.3137114142139268,
          "ytd_yoy": -0.3137114142139268,
          "ytd_count": 956
        },
        "dom": {
          "days": 67,
          "yoy": 0.1166666666666667,
          "as_of": "2026-03"
        }
      },
      "Tampa–St. Petersburg–Clearwater": {
        "total": {
          "latest": 1255,
          "latest_year": 2026,
          "latest_month": 1,
          "latest_month_name": "Jan",
          "mom": 0.017842660178426506,
          "yoy": -0.42219152854511965,
          "ytd_yoy": -0.42219152854511965,
          "ytd_count": 1255
        },
        "one_unit": {
          "latest": 1120,
          "latest_year": 2026,
          "latest_month": 1,
          "latest_month_name": "Jan",
          "mom": 0.20042872454448024,
          "yoy": 0.02658111824014675,
          "ytd_yoy": 0.02658111824014675,
          "ytd_count": 1120
        },
        "dom": {
          "days": 66,
          "yoy": 0.1578947368421053,
          "as_of": "2026-03"
        }
      },
      "Ocala": {
        "total": {
          "latest": 504,
          "latest_year": 2026,
          "latest_month": 1,
          "latest_month_name": "Jan",
          "mom": 0.23529411764705888,
          "yoy": -0.2186046511627907,
          "ytd_yoy": -0.2186046511627907,
          "ytd_count": 504
        },
        "one_unit": {
          "latest": 486,
          "latest_year": 2026,
          "latest_month": 1,
          "latest_month_name": "Jan",
          "mom": 0.21500000000000008,
          "yoy": -0.18592964824120606,
          "ytd_yoy": -0.18592964824120606,
          "ytd_count": 486
        },
        "dom": {
          "days": 74,
          "yoy": 0.1212121212121211,
          "as_of": "2026-03"
        }
      },
      "Palm Bay–Melbourne–Titusville": {
        "total": {
          "latest": 198,
          "latest_year": 2026,
          "latest_month": 1,
          "latest_month_name": "Jan",
          "mom": -0.6292134831460674,
          "yoy": -0.5560538116591929,
          "ytd_yoy": -0.5560538116591929,
          "ytd_count": 198
        },
        "one_unit": {
          "latest": 198,
          "latest_year": 2026,
          "latest_month": 1,
          "latest_month_name": "Jan",
          "mom": -0.2639405204460966,
          "yoy": -0.28776978417266186,
          "ytd_yoy": -0.28776978417266186,
          "ytd_count": 198
        },
        "dom": {
          "days": 64,
          "yoy": 0.0847457627118644,
          "as_of": "2026-03"
        }
      }
    }
  },
  "watchlist": [],
  "feed": [
    {
      "title": "Optimal Blue reports March 2026 purchase locks jump 38%",
      "link": "https://www.housingwire.com/articles/optimal-blue-march-2026-rate-locks/",
      "published": "Tue, 14 Apr 2026"
    },
    {
      "title": "The myth of the “perfect market” and the cost of waiting",
      "link": "https://www.housingwire.com/articles/the-myth-of-the-perfect-market-and-the-cost-of-waiting/",
      "published": "Tue, 14 Apr 2026"
    },
    {
      "title": "The appraisal gap in 2026",
      "link": "https://www.housingwire.com/articles/the-appraisal-gap-in-2026/",
      "published": "Tue, 14 Apr 2026"
    },
    {
      "title": "NYC ultra-luxury market surges amid global unrest",
      "link": "https://www.housingwire.com/articles/nyc-ultra-luxury-market-surges-amid-global-unrest/",
      "published": "Mon, 13 Apr 2026"
    },
    {
      "title": "Cybercrime against seniors is surging, with $7.75B reportedly lost in 2025",
      "link": "https://www.housingwire.com/articles/fbi-seniors-cybercrime-2025/",
      "published": "Mon, 13 Apr 2026"
    },
    {
      "title": "A look at Taylor Morrison’s eye-catching marketing campaign",
      "link": "https://www.housingwire.com/articles/taylor-morrison-liquid-death-giveaway/",
      "published": "Mon, 13 Apr 2026"
    },
    {
      "title": "Redfin Economists’ Weekly Take: Mortgage Rates Hold Steady, but Iran Ceasefire Talks Keep Risk of Sudden Swings on the Table",
      "link": "https://www.redfin.com/news/weekly-economic-update-april-13-2026/",
      "published": "Mon, 13 Apr 2026"
    },
    {
      "title": "Fed, Mortgage Rates Likely to Hold Steady on Latest Inflation Report",
      "link": "https://www.redfin.com/news/fed-mortgage-rates-likely-to-hold-steady-on-latest-inflation-report/",
      "published": "Fri, 10 Apr 2026"
    },
    {
      "title": "Redfin Earns Top 10 Spot in RealTrends Verified Rankings, Powered by Agent Productivity",
      "link": "https://www.redfin.com/news/redfin-realtrends-verified-rankings-2026/",
      "published": "Fri, 10 Apr 2026"
    },
    {
      "title": "A Record 34% of February Home Sellers Cut Their List Price",
      "link": "https://www.redfin.com/news/home-price-cuts-2026/",
      "published": "Thu, 09 Apr 2026"
    },
    {
      "title": "Pending Home Sales Post Biggest Decline in 3 Months as High Rates, Iran War Chill Market",
      "link": "https://www.redfin.com/news/housing-market-update-pending-home-sales-decline-market-chill/",
      "published": "Thu, 09 Apr 2026"
    },
    {
      "title": "Redfin Economists’ Weekly Take: Iran War Drives Mortgage Rate Volatility as Markets Brace for Inflation Data",
      "link": "https://www.redfin.com/news/weekly-economic-update-april-6-2026/",
      "published": "Mon, 06 Apr 2026"
    }
  ],
  "feed_101020": {
    "macro": [
      {
        "title": "The myth of the “perfect market” and the cost of waiting",
        "url": "https://www.housingwire.com/articles/the-myth-of-the-perfect-market-and-the-cost-of-waiting/",
        "what": "If you’re a Realtor or loan officer advising today’s homebuyer, your role has never been more important, or more misunderstood",
        "numbers": "",
        "justified": "housingwire.com — https://www.housingwire.com/articles/the-myth-of-the-perfect-market-and-the-cost-of-waiting/",
        "why": "Rates & inflation shape discount rates and housing affordability.",
        "market": "Lower rates support demand/valuations; higher rates pressure builders/REITs and slow transactions."
      },
      {
        "title": "The appraisal gap in 2026",
        "url": "https://www.housingwire.com/articles/the-appraisal-gap-in-2026/",
        "what": "Real estate valuations have customarily leaned heavily on historical data as one of the most important factors used to determine the appraised value of homes",
        "numbers": "2026.",
        "justified": "housingwire.com — https://www.housingwire.com/articles/the-appraisal-gap-in-2026/",
        "why": "Rates & inflation shape discount rates and housing affordability.",