{
  "as_of": "2026-07-22 16:44 UTC",
  "macro": {
    "spx": null,
    "ten_year": {
      "yield_pct": 4.6,
      "delta_bp_1d": 4.999999999999982
    },
    "mortgage_30y": {
      "rate_pct": 6.55,
      "delta_bp_wow": 5.999999999999961
    },
    "starts": {
      "level_saar": 1427.0,
      "mom": 0.19015846538782322
    }
  },
  "permits": {
    "florida": {
      "latest": 13055,
      "latest_date": "2026-05",
      "mom": -0.10557687037544528,
      "yoy": -0.1036116451524306,
      "ytd": -0.15488219982647,
      "ytd_count": 63312,
      "latest_year": 2026,
      "latest_month_name": "May"
    },
    "msa": {
      "Orlando–Kissimmee–Sanford": {
        "total": {
          "latest": 1846,
          "latest_year": 2026,
          "latest_month": 5,
          "latest_month_name": "May",
          "mom": -0.041536863966770476,
          "yoy": 0.030133928571428603,
          "ytd_yoy": -0.40573954742994156,
          "ytd_count": 7931
        },
        "one_unit": {
          "latest": 1050,
          "latest_year": 2026,
          "latest_month": 5,
          "latest_month_name": "May",
          "mom": -0.0658362989323843,
          "yoy": -0.13007456503728254,
          "ytd_yoy": -0.2376164424072157,
          "ytd_count": 5156
        },
        "dom": {
          "days": 70,
          "yoy": 0.0,
          "as_of": "2026-06"
        }
      },
      "Tampa–St. Petersburg–Clearwater": {
        "total": {
          "latest": 2505,
          "latest_year": 2026,
          "latest_month": 5,
          "latest_month_name": "May",
          "mom": 0.5666041275797373,
          "yoy": 0.03256389117889524,
          "ytd_yoy": -0.0788973384030418,
          "ytd_count": 8721
        },
        "one_unit": {
          "latest": 1141,
          "latest_year": 2026,
          "latest_month": 5,
          "latest_month_name": "May",
          "mom": -0.047579298831385675,
          "yoy": -0.14595808383233533,
          "ytd_yoy": -0.005497337227280519,
          "ytd_count": 5789
        },
        "dom": {
          "days": 68,
          "yoy": 0.0,
          "as_of": "2026-06"
        }
      },
      "Ocala": {
        "total": {
          "latest": 481,
          "latest_year": 2026,
          "latest_month": 5,
          "latest_month_name": "May",
          "mom": -0.1819727891156463,
          "yoy": -0.034136546184738936,
          "ytd_yoy": -0.02604166666666663,
          "ytd_count": 2805
        },
        "one_unit": {
          "latest": 477,
          "latest_year": 2026,
          "latest_month": 5,
          "latest_month_name": "May",
          "mom": -0.18877551020408168,
          "yoy": -0.01851851851851849,
          "ytd_yoy": 0.02792256142963523,
          "ytd_count": 2761
        },
        "dom": {
          "days": 78,
          "yoy": 0.0,
          "as_of": "2026-06"
        }
      },
      "Palm Bay–Melbourne–Titusville": {
        "total": {
          "latest": 328,
          "latest_year": 2026,
          "latest_month": 5,
          "latest_month_name": "May",
          "mom": 0.08250825082508251,
          "yoy": 0.2615384615384615,
          "ytd_yoy": -0.10857142857142854,
          "ytd_count": 1404
        },
        "one_unit": {
          "latest": 328,
          "latest_year": 2026,
          "latest_month": 5,
          "latest_month_name": "May",
          "mom": 0.08250825082508251,
          "yoy": 0.3015873015873016,
          "ytd_yoy": 0.010799136069114423,
          "ytd_count": 1404
        },
        "dom": {
          "days": 66,
          "yoy": -0.08333333333333337,
          "as_of": "2026-06"
        }
      }
    }
  },
  "watchlist": [],
  "feed": [
    {
      "title": "Movement launches bilingual lending team, in-house ITIN product",
      "link": "https://www.housingwire.com/articles/movement-spanish-support-itin/",
      "published": "Wed, 22 Jul 2026"
    },
    {
      "title": "Stellar MLS adds Realtors Association of Citrus County as corporate shareholder",
      "link": "https://www.housingwire.com/articles/stellar-mls-adds-realtors-association-of-citrus-county-as-corporate-shareholder/",
      "published": "Wed, 22 Jul 2026"
    },
    {
      "title": "In DFW, housing affordability slips even as builders report strength",
      "link": "https://www.housingwire.com/articles/dfw-housing-affordability-wall-street/",
      "published": "Wed, 22 Jul 2026"
    },
    {
      "title": "Mike Ryan joins PLACE to lead business development",
      "link": "https://www.housingwire.com/articles/mike-ryan-joins-place/",
      "published": "Wed, 22 Jul 2026"
    },
    {
      "title": "Mortgage applications rise 1.9% despite elevated rates",
      "link": "https://www.housingwire.com/articles/mortgage-applications-rise-2/",
      "published": "Wed, 22 Jul 2026"
    },
    {
      "title": "New Jersey bans algorithmic rent pricing under FAIR Act",
      "link": "https://www.housingwire.com/articles/new-jersey-algorithmic-rent-ban/",
      "published": "Wed, 22 Jul 2026"
    },
    {
      "title": "Most Americans Say “Not in My Backyard” to AI Data Centers",
      "link": "https://www.redfin.com/news/ai-data-centers-opposition-education-benefit/",
      "published": "Wed, 22 Jul 2026"
    },
    {
      "title": "House Hunters Value Clean Air in Their Homes More Than Views and Other Luxuries",
      "link": "https://www.redfin.com/news/house-hunters-value-clean-homes-survey/",
      "published": "Tue, 21 Jul 2026"
    },
    {
      "title": "U.S. Home Prices Rose 0.3% From a Month Earlier in June",
      "link": "https://www.redfin.com/news/home-price-index-june-2026/",
      "published": "Tue, 21 Jul 2026"
    },
    {
      "title": "Beachfront Florida and Coastal California Ruled June’s Ultra-Luxury Home Sales",
      "link": "https://www.redfin.com/news/most-expensive-home-sales-june-2026/",
      "published": "Fri, 17 Jul 2026"
    },
    {
      "title": "Pending Home Sales Slip Amid Stubbornly High Housing Costs, Economic Uncertainty",
      "link": "https://www.redfin.com/news/housing-market-update-pending-sales-slip-high-costs/",
      "published": "Thu, 16 Jul 2026"
    },
    {
      "title": "The Home Search Landscape is Changing. If You’re Not on Redfin, You May Be Missing Homes for Sale.",
      "link": "https://www.redfin.com/news/home-search-in-2026/",
      "published": "Wed, 15 Jul 2026"
    }
  ],
  "feed_101020": {
    "macro": [
      {
        "title": "Mortgage applications rise 1.9% despite elevated rates",
        "url": "https://www.housingwire.com/articles/mortgage-applications-rise-2/",
        "what": "MBA data show mortgage applications rose 1.9% as the 30-year conforming rate increased to 6.69% and purchases rose 6% week over week.",
        "numbers": "1.9, 30, 6.69, 6",
        "justified": "housingwire.com — https://www.housingwire.com/articles/mortgage-applications-rise-2/",
        "why": "Rates & inflation shape discount rates and housing affordability.",
        "market": "Lower rates support demand/valuations; higher rates pressure builders/REITs and slow transactions."
      },
      {
        "title": "New Jersey bans algorithmic rent pricing under FAIR Act",
        "url": "https://www.housingwire.com/articles/new-jersey-algorithmic-rent-ban/",
        "what": "New Jersey Gov",
        "numbers": "",
        "justified": "housingwire.com — https://www.housingwire.com/articles/new-jersey-algorithmic-rent-ban/",
        "why": "Rates & inflation shape discount rates and housing affordability.",
        "market": "Lower rates support demand/valuations; higher rates pressure builders/REITs and slow transactions."
      },
      {
        "title": "The architecture of trust in the age of AI",
        "url": "https://www.housingwire.com/articles/ai-trust-mortgage-decisioning/",
        "what": "Mortgage accountability depends on reconstructable processes, but many AI tools do not preserve decision records in an auditable way",
        "numbers": "",