{
  "as_of": "2025-10-02 09:30 UTC",
  "macro": {
    "spx": null,
    "ten_year": {
      "yield_pct": 4.16,
      "delta_bp_1d": 0.9999999999999787
    },
    "mortgage_30y": {
      "rate_pct": 6.3,
      "delta_bp_wow": 4.0000000000000036
    },
    "starts": {
      "level_saar": 1307.0,
      "mom": -0.08537438768369487
    }
  },
  "permits": {
    "florida": {
      "latest": 13594,
      "latest_date": "2025-08",
      "mom": -0.0727781188186345,
      "yoy": -0.13226094727435211,
      "ytd": -0.026868417713488135,
      "ytd_count": 122708,
      "latest_year": 2025,
      "latest_month_name": "Aug"
    },
    "msa": {
      "Orlando–Kissimmee–Sanford": {
        "total": {
          "latest": 1649,
          "latest_year": 2025,
          "latest_month": 8,
          "latest_month_name": "Aug",
          "mom": -0.20797310278578285,
          "yoy": -0.16336884830035514,
          "ytd_yoy": 0.20390428982314424,
          "ytd_count": 19673
        },
        "one_unit": {
          "latest": 927,
          "latest_year": 2025,
          "latest_month": 8,
          "latest_month_name": "Aug",
          "mom": -0.12793979303857006,
          "yoy": -0.382,
          "ytd_yoy": 0.008284136354979932,
          "ytd_count": 10589
        },
        "dom": {
          "days": 77,
          "yoy": 0.22222222222222232,
          "as_of": "2025-08"
        }
      },
      "Tampa–St. Petersburg–Clearwater": {
        "total": {
          "latest": 2908,
          "latest_year": 2025,
          "latest_month": 8,
          "latest_month_name": "Aug",
          "mom": 0.6645678305666858,
          "yoy": 0.465725806451613,
          "ytd_yoy": -0.06499153020892157,
          "ytd_count": 16559
        },
        "one_unit": {
          "latest": 1324,
          "latest_year": 2025,
          "latest_month": 8,
          "latest_month_name": "Aug",
          "mom": 0.16140350877192988,
          "yoy": 0.2526017029328287,
          "ytd_yoy": -0.09323079844298865,
          "ytd_count": 9551
        },
        "dom": {
          "days": 77,
          "yoy": 0.203125,
          "as_of": "2025-08"
        }
      },
      "Ocala": {
        "total": {
          "latest": 461,
          "latest_year": 2025,
          "latest_month": 8,
          "latest_month_name": "Aug",
          "mom": 0.0453514739229024,
          "yoy": 0.0453514739229024,
          "ytd_yoy": -0.1361718450326045,
          "ytd_count": 4504
        },
        "one_unit": {
          "latest": 451,
          "latest_year": 2025,
          "latest_month": 8,
          "latest_month_name": "Aug",
          "mom": 0.09200968523002429,
          "yoy": 0.0562060889929743,
          "ytd_yoy": -0.12195652173913041,
          "ytd_count": 4039
        },
        "dom": {
          "days": 78,
          "yoy": 0.18181818181818188,
          "as_of": "2025-08"
        }
      },
      "Palm Bay–Melbourne–Titusville": {
        "total": {
          "latest": 391,
          "latest_year": 2025,
          "latest_month": 8,
          "latest_month_name": "Aug",
          "mom": -0.28519195612431447,
          "yoy": 0.3076923076923077,
          "ytd_yoy": 0.03214156735283491,
          "ytd_count": 2858
        },
        "one_unit": {
          "latest": 239,
          "latest_year": 2025,
          "latest_month": 8,
          "latest_month_name": "Aug",
          "mom": -0.13090909090909086,
          "yoy": -0.2006688963210702,
          "ytd_yoy": -0.10545165141265422,
          "ytd_count": 2248
        },
        "dom": {
          "days": 75,
          "yoy": 0.15384615384615374,
          "as_of": "2025-08"
        }
      }
    }
  },
  "watchlist": [],
  "feed": [
    {
      "title": "California MBA names Paul Gigliotti new CEO as Susan Milazzo retires",
      "link": "https://www.housingwire.com/articles/california-mba-paul-gigliotti-new-ceo-as-susan-milazzo-retires/",
      "published": "Thu, 02 Oct 2025"
    },
    {
      "title": "FICO bypasses credit bureaus with new program for mortgage lenders",
      "link": "https://www.housingwire.com/articles/fico-bypasses-credit-bureaus-with-new-program-for-mortgage-lenders/",
      "published": "Wed, 01 Oct 2025"
    },
    {
      "title": "Fannie and Freddie waive some loan requirements amid shutdown",
      "link": "https://www.housingwire.com/articles/fannie-and-freddie-waive-some-loan-requirements-amid-shutdown/",
      "published": "Wed, 01 Oct 2025"
    },
    {
      "title": "Why the FTC is targeting Zillow and Redfin’s rental deal",
      "link": "https://www.housingwire.com/articles/why-the-ftc-is-targeting-zillow-and-redfins-rental-deal/",
      "published": "Wed, 01 Oct 2025"
    },
    {
      "title": "Title insurance premiums rise to $4.5B in Q2",
      "link": "https://www.housingwire.com/articles/title-insurance-premiums-rise-to-4-5b-in-q2/",
      "published": "Wed, 01 Oct 2025"
    },
    {
      "title": "CrossCountry seeks dismissal in kickback suit",
      "link": "https://www.housingwire.com/articles/crosscountry-seeks-dismissal-in-kickback-suit/",
      "published": "Wed, 01 Oct 2025"
    },
    {
      "title": "Typical U.S. Luxury Home Price Rises 4% to $1.25M as Sales Fall to Lowest August Level in Over a Decade",
      "link": "https://www.redfin.com/news/luxury-homes-market-august-2025/",
      "published": "Wed, 01 Oct 2025"
    },
    {
      "title": "Starter-Home Sales Up 4% as Demand for Higher-Priced Options Stumbles",
      "link": "https://www.redfin.com/news/starter-home-report-august-2025/",
      "published": "Tue, 30 Sep 2025"
    },
    {
      "title": "Redfin Economists’ Weekly Take: Potential Government Shutdown Looms Ahead of Key Jobs Report",
      "link": "https://www.redfin.com/news/weekly-economics-update-september-29/",
      "published": "Mon, 29 Sep 2025"
    },
    {
      "title": "Share of Mortgages with Rates Above 6% Climbs to 10-Year High as Americans Adapt to New Normal",
      "link": "https://www.redfin.com/news/rate-lock-q2-2025/",
      "published": "Mon, 29 Sep 2025"
    },
    {
      "title": "Government Shutdown Could Impact Mortgage Processing, D.C. Housing Market",
      "link": "https://www.redfin.com/news/government-shutdown-mortgage-processing-housing-market/",
      "published": "Fri, 26 Sep 2025"
    },
    {
      "title": "Pending Home Sales Post First Decline in 3 Months, Even As Mortgage Rates Drop",
      "link": "https://www.redfin.com/news/housing-market-update-pending-sales-rates-fall/",
      "published": "Thu, 25 Sep 2025"
    }
  ],
  "feed_101020": {
    "macro": [
      {
        "title": "FICO bypasses credit bureaus with new program for mortgage lenders",
        "url": "https://www.housingwire.com/articles/fico-bypasses-credit-bureaus-with-new-program-for-mortgage-lenders/",
        "what": "Fair Isaac Corp",
        "numbers": "",
        "justified": "housingwire.com — https://www.housingwire.com/articles/fico-bypasses-credit-bureaus-with-new-program-for-mortgage-lenders/",
        "why": "Rates & inflation shape discount rates and housing affordability.",
        "market": "Lower rates support demand/valuations; higher rates pressure builders/REITs and slow transactions."
      },
      {
        "title": "Redfin Economists’ Weekly Take: Potential Government Shutdown Looms Ahead of Key Jobs Report",
        "url": "https://www.redfin.com/news/weekly-economics-update-september-29/",
        "what": "Last Week In A Nutshell A quiet week with rates drifting slightly higher as Fed officials sounded cautious on future rate cuts",
        "numbers": "",
        "justified": "redfin.com — https://www.redfin.com/news/weekly-economics-update-september-29/",
        "why": "Rates & inflation shape discount rates and housing affordability.",