{
  "as_of": "2026-01-21 20:48 UTC",
  "macro": {
    "spx": null,
    "ten_year": {
      "yield_pct": 4.24,
      "delta_bp_1d": 7.000000000000028
    },
    "mortgage_30y": {
      "rate_pct": 6.06,
      "delta_bp_wow": -10.000000000000053
    },
    "starts": {
      "level_saar": 1246.0,
      "mom": -0.04594180704441042
    }
  },
  "permits": {
    "florida": {
      "latest": 15200,
      "latest_date": "2025-10",
      "mom": 0.13832097655957454,
      "yoy": 0.14268531047962707,
      "ytd": -0.0034062907667777864,
      "ytd_count": 151261,
      "latest_year": 2025,
      "latest_month_name": "Oct"
    },
    "msa": {
      "Orlando–Kissimmee–Sanford": {
        "total": {
          "latest": 2471,
          "latest_year": 2025,
          "latest_month": 10,
          "latest_month_name": "Oct",
          "mom": 0.2208498023715415,
          "yoy": 0.505789152955515,
          "ytd_yoy": 0.2098518221866239,
          "ytd_count": 24168
        },
        "one_unit": {
          "latest": 1094,
          "latest_year": 2025,
          "latest_month": 10,
          "latest_month_name": "Oct",
          "mom": 0.27803738317757,
          "yoy": -0.09060681629260181,
          "ytd_yoy": -0.03620292083013066,
          "ytd_count": 12539
        },
        "dom": {
          "days": 83,
          "yoy": 0.03750000000000009,
          "as_of": "2025-12"
        }
      },
      "Tampa–St. Petersburg–Clearwater": {
        "total": {
          "latest": 2427,
          "latest_year": 2025,
          "latest_month": 10,
          "latest_month_name": "Oct",
          "mom": 0.5360759493670886,
          "yoy": 1.2939508506616257,
          "ytd_yoy": 0.04073680481757003,
          "ytd_count": 20566
        },
        "one_unit": {
          "latest": 1287,
          "latest_year": 2025,
          "latest_month": 10,
          "latest_month_name": "Oct",
          "mom": 0.2130065975494817,
          "yoy": 0.5,
          "ytd_yoy": -0.015960965927886206,
          "ytd_count": 11899
        },
        "dom": {
          "days": 80,
          "yoy": 0.11111111111111116,
          "as_of": "2025-12"
        }
      },
      "Ocala": {
        "total": {
          "latest": 470,
          "latest_year": 2025,
          "latest_month": 10,
          "latest_month_name": "Oct",
          "mom": 0.09557109557109555,
          "yoy": -0.010526315789473717,
          "ytd_yoy": -0.13937559732398852,
          "ytd_count": 5403
        },
        "one_unit": {
          "latest": 444,
          "latest_year": 2025,
          "latest_month": 10,
          "latest_month_name": "Oct",
          "mom": 0.21643835616438367,
          "yoy": -0.0326797385620915,
          "ytd_yoy": -0.1404255319148936,
          "ytd_count": 4848
        },
        "dom": {
          "days": 87,
          "yoy": 0.15999999999999992,
          "as_of": "2025-12"
        }
      },
      "Palm Bay–Melbourne–Titusville": {
        "total": {
          "latest": 343,
          "latest_year": 2025,
          "latest_month": 10,
          "latest_month_name": "Oct",
          "mom": -0.46406250000000004,
          "yoy": -0.51,
          "ytd_yoy": -0.004406428201140455,
          "ytd_count": 3841
        },
        "one_unit": {
          "latest": 343,
          "latest_year": 2025,
          "latest_month": 10,
          "latest_month_name": "Oct",
          "mom": 0.26102941176470584,
          "yoy": 0.026946107784431073,
          "ytd_yoy": -0.11307311028500622,
          "ytd_count": 2863
        },
        "dom": {
          "days": 78,
          "yoy": 0.040000000000000036,
          "as_of": "2025-12"
        }
      }
    }
  },
  "watchlist": [],
  "feed": [
    {
      "title": "Trump’s 401(k) proposal could help homebuyers, hurt retirement funds",
      "link": "https://www.housingwire.com/articles/trump-401k-down-payment/",
      "published": "Wed, 21 Jan 2026"
    },
    {
      "title": "First American launches free title monitoring, fraud alerts",
      "link": "https://www.housingwire.com/articles/first-american-launches-free-title-monitoring-fraud-alerts/",
      "published": "Wed, 21 Jan 2026"
    },
    {
      "title": "Trade groups urge White House to lower FHA premiums, ease loan fees",
      "link": "https://www.housingwire.com/articles/fha-premiums-loan-fees/",
      "published": "Wed, 21 Jan 2026"
    },
    {
      "title": "The AI future of real estate runs straight through the MLS",
      "link": "https://www.housingwire.com/articles/the-ai-future-of-real-estate-runs-straight-through-the-mls/",
      "published": "Wed, 21 Jan 2026"
    },
    {
      "title": "Prudent AI launches same-day income calculator for all loan types",
      "link": "https://www.housingwire.com/articles/same-day-income-lending/",
      "published": "Wed, 21 Jan 2026"
    },
    {
      "title": "Supreme Court appears skeptical of Trump’s bid to remove Fed’s Lisa Cook",
      "link": "https://www.housingwire.com/articles/supreme-court-fed-cook-trump/",
      "published": "Wed, 21 Jan 2026"
    },
    {
      "title": "Trump Showcases Housing Affordability Proposals at Davos: Banning Corporate Landlords, $200B Mortgage-Bond Purchase",
      "link": "https://www.redfin.com/news/trump-davos-housing-reforms/",
      "published": "Wed, 21 Jan 2026"
    },
    {
      "title": "Redfin Economists’ Weekly Take: Rates Climb, All Eyes On Trump’s Davos Housing Agenda",
      "link": "https://www.redfin.com/news/weekly-economic-update-davos-housing/",
      "published": "Tue, 20 Jan 2026"
    },
    {
      "title": "Home Sellers Outnumber Buyers By a Record Margin, Upping Buyers’ Bargaining Power",
      "link": "https://www.redfin.com/news/buyers-vs-sellers-december-2025/",
      "published": "Tue, 20 Jan 2026"
    },
    {
      "title": "U.S. Home Prices Inched Up 0.1% in December",
      "link": "https://www.redfin.com/news/home-price-index-december-2025/",
      "published": "Tue, 20 Jan 2026"
    },
    {
      "title": "This Was 2025’s Most Popular Home on Redfin—And It Sold $740K Over Asking",
      "link": "https://www.redfin.com/news/most-popular-homes-2025/",
      "published": "Fri, 16 Jan 2026"
    },
    {
      "title": "Pending Home Sales Drop to Lowest Level on Record Aside From Start of Pandemic",
      "link": "https://www.redfin.com/news/home-sales-fall-december-2025/",
      "published": "Thu, 15 Jan 2026"
    }
  ],
  "feed_101020": {
    "macro": [
      {
        "title": "Supreme Court appears skeptical of Trump’s bid to remove Fed’s Lisa Cook",
        "url": "https://www.housingwire.com/articles/supreme-court-fed-cook-trump/",
        "what": "Supreme Court justices questioned the basis for removing Lisa Cook from the Fed Board of Governors, focusing on due process and intent.",
        "numbers": "",
        "justified": "housingwire.com — https://www.housingwire.com/articles/supreme-court-fed-cook-trump/",
        "why": "Rates & inflation shape discount rates and housing affordability.",
        "market": "Lower rates support demand/valuations; higher rates pressure builders/REITs and slow transactions."
      },
      {
        "title": "Trump Showcases Housing Affordability Proposals at Davos: Banning Corporate Landlords, $200B Mortgage-Bond Purchase",
        "url": "https://www.redfin.com/news/trump-davos-housing-reforms/",
        "what": "President Trump called for a ban on Wall Street investors purchasing single-family homes, and reiterated an order for Fannie Mae and Freddie Mac to buy billions in mortgage bonds",
        "numbers": "$200",
        "justified": "redfin.com — https://www.redfin.com/news/trump-davos-housing-reforms/",
        "why": "Rates & inflation shape discount rates and housing affordability.",