{
  "as_of": "2026-06-10 14:28 UTC",
  "macro": {
    "spx": null,
    "ten_year": {
      "yield_pct": 4.56,
      "delta_bp_1d": 0.9999999999999787
    },
    "mortgage_30y": {
      "rate_pct": 6.48,
      "delta_bp_wow": -4.999999999999982
    },
    "starts": {
      "level_saar": 1465.0,
      "mom": -0.02786994027869938
    }
  },
  "permits": {
    "florida": {
      "latest": 14596,
      "latest_date": "2026-04",
      "mom": 0.17246365169893174,
      "yoy": 0.05378673019998548,
      "ytd": -0.16725489221388212,
      "ytd_count": 50257,
      "latest_year": 2026,
      "latest_month_name": "Apr"
    },
    "msa": {
      "Orlando–Kissimmee–Sanford": {
        "total": {
          "latest": 1926,
          "latest_year": 2026,
          "latest_month": 4,
          "latest_month_name": "Apr",
          "mom": 0.3449720670391061,
          "yoy": -0.21675477836518908,
          "ytd_yoy": -0.4733425653453349,
          "ytd_count": 6085
        },
        "one_unit": {
          "latest": 1124,
          "latest_year": 2026,
          "latest_month": 4,
          "latest_month_name": "Apr",
          "mom": 0.0017825311942958333,
          "yoy": -0.2629508196721312,
          "ytd_yoy": -0.2609791216702664,
          "ytd_count": 4106
        },
        "dom": {
          "days": 70,
          "yoy": 0.07692307692307687,
          "as_of": "2026-05"
        }
      },
      "Tampa–St. Petersburg–Clearwater": {
        "total": {
          "latest": 1599,
          "latest_year": 2026,
          "latest_month": 4,
          "latest_month_name": "Apr",
          "mom": 0.008196721311475308,
          "yoy": -0.08156232050545664,
          "ytd_yoy": -0.11729622266401596,
          "ytd_count": 6216
        },
        "one_unit": {
          "latest": 1198,
          "latest_year": 2026,
          "latest_month": 4,
          "latest_month_name": "Apr",
          "mom": 0.018707482993197244,
          "yoy": -0.07347254447022433,
          "ytd_yoy": 0.03634336677814942,
          "ytd_count": 4648
        },
        "dom": {
          "days": 67,
          "yoy": 0.1166666666666667,
          "as_of": "2026-05"
        }
      },
      "Ocala": {
        "total": {
          "latest": 588,
          "latest_year": 2026,
          "latest_month": 4,
          "latest_month_name": "Apr",
          "mom": -0.04854368932038833,
          "yoy": 0.27826086956521734,
          "ytd_yoy": -0.02434928631402178,
          "ytd_count": 2324
        },
        "one_unit": {
          "latest": 588,
          "latest_year": 2026,
          "latest_month": 4,
          "latest_month_name": "Apr",
          "mom": -0.04854368932038833,
          "yoy": 0.3183856502242153,
          "ytd_yoy": 0.038181818181818095,
          "ytd_count": 2284
        },
        "dom": {
          "days": 79,
          "yoy": 0.09722222222222232,
          "as_of": "2026-05"
        }
      },
      "Palm Bay–Melbourne–Titusville": {
        "total": {
          "latest": 303,
          "latest_year": 2026,
          "latest_month": 4,
          "latest_month_name": "Apr",
          "mom": -0.08181818181818179,
          "yoy": -0.03809523809523807,
          "ytd_yoy": -0.18174904942965775,
          "ytd_count": 1076
        },
        "one_unit": {
          "latest": 303,
          "latest_year": 2026,
          "latest_month": 4,
          "latest_month_name": "Apr",
          "mom": -0.08181818181818179,
          "yoy": -0.025723472668810254,
          "ytd_yoy": -0.05364995602462619,
          "ytd_count": 1076
        },
        "dom": {
          "days": 65,
          "yoy": 0.0,
          "as_of": "2026-05"
        }
      }
    }
  },
  "watchlist": [],
  "feed": [
    {
      "title": "CoStar targets Zillow Preview in amicus filing over MRED feed",
      "link": "https://www.housingwire.com/articles/costar-zillow-mred-brief/",
      "published": "Wed, 10 Jun 2026"
    },
    {
      "title": "Bringas Home Team Joins simpliHŌM, plans southern California expansion",
      "link": "https://www.housingwire.com/articles/bringas-home-team-joins-simplihom-plans-southern-california-expansion/",
      "published": "Wed, 10 Jun 2026"
    },
    {
      "title": "PennyMac names Tiffany To, Ontollo CEO, to board of directors",
      "link": "https://www.housingwire.com/articles/pennymac-tiffany-to-board/",
      "published": "Wed, 10 Jun 2026"
    },
    {
      "title": "Refinance and purchase applications rebound in latest MBA survey",
      "link": "https://www.housingwire.com/articles/refinance-and-purchase-applications-mba/",
      "published": "Wed, 10 Jun 2026"
    },
    {
      "title": "The responsible AI framework every mortgage lender needs before going live",
      "link": "https://www.housingwire.com/articles/responsible-ai-framework-mortgage/",
      "published": "Wed, 10 Jun 2026"
    },
    {
      "title": "How to study for the real estate exam: AI-powered strategies that work",
      "link": "https://www.housingwire.com/articles/ai-real-estate-exam-study/",
      "published": "Wed, 10 Jun 2026"
    },
    {
      "title": "Nashville, Miami and Austin–Once Pandemic Homebuying Hotspots–Are This Spring’s Strongest Buyer’s Markets",
      "link": "https://www.redfin.com/news/buyers-vs-sellers-may-2026/",
      "published": "Tue, 09 Jun 2026"
    },
    {
      "title": "This Week’s Inflation and Sentiment Data May Clarify the Fed’s Path",
      "link": "https://www.redfin.com/news/mortage-rates-still-risk-of-rising-strait-hormuz-still-closed/",
      "published": "Mon, 08 Jun 2026"
    },
    {
      "title": "Rising Rates Stall Housing Market Momentum Just After Closed Home Sales Hit Highest Level Since 2022",
      "link": "https://www.redfin.com/news/rising-rates-stall-housing-market-momentum/",
      "published": "Mon, 08 Jun 2026"
    },
    {
      "title": "Strong Jobs Report Pushes Mortgage Rates Higher, Reopening the Door to Future Fed Hikes",
      "link": "https://www.redfin.com/news/strong-jobs-report-pushes-mortgage-rates-higher-reopening-the-door-to-future-fed-hikes/",
      "published": "Fri, 05 Jun 2026"
    },
    {
      "title": "Redfin Agents Shine in National RealTrends Verified Rankings",
      "link": "https://www.redfin.com/news/realtrends-verified-2026/",
      "published": "Fri, 05 Jun 2026"
    },
    {
      "title": "New Listings Fall 1.3%, One of the Biggest Weekly Declines of 2026",
      "link": "https://www.redfin.com/news/housing-market-update-new-listings-decline-rising-rates/",
      "published": "Thu, 04 Jun 2026"
    }
  ],
  "feed_101020": {
    "macro": [
      {
        "title": "This Week’s Inflation and Sentiment Data May Clarify the Fed’s Path",
        "url": "https://www.redfin.com/news/mortage-rates-still-risk-of-rising-strait-hormuz-still-closed/",
        "what": "This Week In A Nutshell: With the Strait of Hormuz still closed and fresh off a hot jobs report last week, rates are at risk of climbing further this week if Wednesday’s inflation data comes in above expectations",
        "numbers": "",
        "justified": "redfin.com — https://www.redfin.com/news/mortage-rates-still-risk-of-rising-strait-hormuz-still-closed/",
        "why": "Rates & inflation shape discount rates and housing affordability.",
        "market": "Lower rates support demand/valuations; higher rates pressure builders/REITs and slow transactions."
      },
      {
        "title": "Rising Rates Stall Housing Market Momentum Just After Closed Home Sales Hit Highest Level Since 2022",
        "url": "https://www.redfin.com/news/rising-rates-stall-housing-market-momentum/",
        "what": "Closed home sales jumped in May, reflecting April’s dipping mortgage rates and a strong labor market",
        "numbers": "2022",
        "justified": "redfin.com — https://www.redfin.com/news/rising-rates-stall-housing-market-momentum/",
        "why": "Rates & inflation shape discount rates and housing affordability.",