{
  "as_of": "2026-03-05 10:01 UTC",
  "macro": {
    "spx": null,
    "ten_year": {
      "yield_pct": 4.06,
      "delta_bp_1d": 0.9999999999999787
    },
    "mortgage_30y": {
      "rate_pct": 5.98,
      "delta_bp_wow": -2.999999999999936
    },
    "starts": {
      "level_saar": 1404.0,
      "mom": 0.062027231467473465
    }
  },
  "permits": {
    "florida": {
      "latest": 13220,
      "latest_date": "2025-12",
      "mom": 0.3696643182760049,
      "yoy": 0.10590597289610182,
      "ytd": -0.002057400912362728,
      "ytd_count": 174133,
      "latest_year": 2025,
      "latest_month_name": "Dec"
    },
    "msa": {
      "Orlando–Kissimmee–Sanford": {
        "total": {
          "latest": 2182,
          "latest_year": 2025,
          "latest_month": 12,
          "latest_month_name": "Dec",
          "mom": 1.0900383141762453,
          "yoy": 0.011121408711770142,
          "ytd_yoy": 0.16461185273361112,
          "ytd_count": 27394
        },
        "one_unit": {
          "latest": 865,
          "latest_year": 2025,
          "latest_month": 12,
          "latest_month_name": "Dec",
          "mom": 0.11901681759379046,
          "yoy": -0.348644578313253,
          "ytd_yoy": -0.09051834744675391,
          "ytd_count": 14177
        },
        "dom": {
          "days": 88,
          "yoy": 0.08641975308641969,
          "as_of": "2026-01"
        }
      },
      "Tampa–St. Petersburg–Clearwater": {
        "total": {
          "latest": 1233,
          "latest_year": 2025,
          "latest_month": 12,
          "latest_month_name": "Dec",
          "mom": 0.020695364238410674,
          "yoy": 0.2992623814541622,
          "ytd_yoy": 0.06361240811797875,
          "ytd_count": 23007
        },
        "one_unit": {
          "latest": 933,
          "latest_year": 2025,
          "latest_month": 12,
          "latest_month_name": "Dec",
          "mom": 0.07986111111111116,
          "yoy": 0.015233949945593128,
          "ytd_yoy": -0.015809140557631496,
          "ytd_count": 13696
        },
        "dom": {
          "days": 85,
          "yoy": 0.2142857142857142,
          "as_of": "2026-01"
        }
      },
      "Ocala": {
        "total": {
          "latest": 408,
          "latest_year": 2025,
          "latest_month": 12,
          "latest_month_name": "Dec",
          "mom": 1.3448275862068964,
          "yoy": -0.02857142857142858,
          "ytd_yoy": -0.15358506576156128,
          "ytd_count": 5985
        },
        "one_unit": {
          "latest": 400,
          "latest_year": 2025,
          "latest_month": 12,
          "latest_month_name": "Dec",
          "mom": 1.3255813953488373,
          "yoy": -0.014778325123152691,
          "ytd_yoy": -0.15431424559213602,
          "ytd_count": 5420
        },
        "dom": {
          "days": 93,
          "yoy": 0.2567567567567568,
          "as_of": "2026-01"
        }
      },
      "Palm Bay–Melbourne–Titusville": {
        "total": {
          "latest": 534,
          "latest_year": 2025,
          "latest_month": 12,
          "latest_month_name": "Dec",
          "mom": 1.2066115702479339,
          "yoy": 0.5213675213675213,
          "ytd_yoy": -0.0004329941545788696,
          "ytd_count": 4617
        },
        "one_unit": {
          "latest": 269,
          "latest_year": 2025,
          "latest_month": 12,
          "latest_month_name": "Dec",
          "mom": 0.1350210970464134,
          "yoy": -0.2157434402332361,
          "ytd_yoy": -0.13548883756735952,
          "ytd_count": 3369
        },
        "dom": {
          "days": 77,
          "yoy": 0.0547945205479452,
          "as_of": "2026-01"
        }
      }
    }
  },
  "watchlist": [],
  "feed": [
    {
      "title": "The 200-Basis-point gap: Why many lenders are leaving money on the table",
      "link": "https://www.housingwire.com/articles/the-200-basis-point-gap-why-many-lenders-are-leaving-money-on-the-table/",
      "published": "Thu, 05 Mar 2026"
    },
    {
      "title": "New York’s housing crisis won’t be solved by one mega-project",
      "link": "https://www.housingwire.com/articles/mamdani-sunnyside-yard-affordable-housing/",
      "published": "Wed, 04 Mar 2026"
    },
    {
      "title": "Florida Agency Network partners with law firm to launch OL Title",
      "link": "https://www.housingwire.com/articles/florida-agency-network-partners-with-law-firm-to-launch-ol-title/",
      "published": "Wed, 04 Mar 2026"
    },
    {
      "title": "Premier Sotheby’s International Realty promotions include new CFO",
      "link": "https://www.housingwire.com/articles/premier-sothebys-international-realty-cfo/",
      "published": "Wed, 04 Mar 2026"
    },
    {
      "title": "5 referral partners every loan officer needs to build a resilient pipeline",
      "link": "https://www.housingwire.com/articles/mortgage-referral-partners/",
      "published": "Wed, 04 Mar 2026"
    },
    {
      "title": "Trump 401(k) plan, if expanded, could advance universal retirement",
      "link": "https://www.housingwire.com/articles/trump-401k-plan-universal-retirement/",
      "published": "Wed, 04 Mar 2026"
    },
    {
      "title": "For Real Estate Investors, the West Coast Is Hot and Florida Is Not",
      "link": "https://www.redfin.com/news/investor-report-q4-2025/",
      "published": "Wed, 04 Mar 2026"
    },
    {
      "title": "The Typical U.S. Homeowner Hangs Onto Their House For 12 Years. In Los Angeles, It’s 20 Years.",
      "link": "https://www.redfin.com/news/homeowner-tenure-12-years/",
      "published": "Tue, 03 Mar 2026"
    },
    {
      "title": "Redfin Economists’ Weekly Take: After Dipping Below 6%, Mortgage Rates Enter Unpredictable Week Amid Iran Tensions",
      "link": "https://www.redfin.com/news/weekly-economic-update-march-2-2026/",
      "published": "Mon, 02 Mar 2026"
    },
    {
      "title": "West Palm Beach’s Luxury Housing Market Is Booming, With Sales Up 30%",
      "link": "https://www.redfin.com/news/west-palm-beach-luxury-homes-january-2026/",
      "published": "Mon, 02 Mar 2026"
    },
    {
      "title": "More Homeowners Have a Rate Above 6% Than a Rate Below 3% For the First Time in 5 Years",
      "link": "https://www.redfin.com/news/mortgage-rates-q3-2025/",
      "published": "Fri, 27 Feb 2026"
    },
    {
      "title": "Redfin and Compass Partner to Expand Inventory and Seller Choice",
      "link": "https://www.redfin.com/news/redfin-policy-seller-choice/",
      "published": "Thu, 26 Feb 2026"
    }
  ],
  "feed_101020": {
    "macro": [
      {
        "title": "New York’s housing crisis won’t be solved by one mega-project",
        "url": "https://www.housingwire.com/articles/mamdani-sunnyside-yard-affordable-housing/",
        "what": "New York City Mayor Zohran Mamdani’s attempt to revive an old plan to build 12,000 affordable units over a borough railyard is seen as a long shot, even if he gains support from President Trump",
        "numbers": "12,000, 180",
        "justified": "housingwire.com — https://www.housingwire.com/articles/mamdani-sunnyside-yard-affordable-housing/",
        "why": "Relevant development for housing and markets.",
        "market": "Watch second-order effects across builders, lenders, and REITs."
      },
      {
        "title": "Senate Democrats propose bill targeting corporate homeowner tax breaks",
        "url": "https://www.housingwire.com/articles/american-homeownership-act-tax-breaks/",
        "what": "The American Homeownership Act would cut federal benefits for big landlords, tighten antitrust review and fund affordable housing supply.",
        "numbers": "",
        "justified": "housingwire.com — https://www.housingwire.com/articles/american-homeownership-act-tax-breaks/",
        "why": "Rates & inflation shape discount rates and housing affordability.",