{
  "as_of": "2026-03-31 17:13 UTC",
  "macro": {
    "spx": null,
    "ten_year": {
      "yield_pct": 4.44,
      "delta_bp_1d": 2.000000000000046
    },
    "mortgage_30y": {
      "rate_pct": 6.38,
      "delta_bp_wow": 16.000000000000014
    },
    "starts": {
      "level_saar": 1487.0,
      "mom": 0.07209805335255948
    }
  },
  "permits": {
    "florida": {
      "latest": 11132,
      "latest_date": "2026-01",
      "mom": -0.15794251134644477,
      "yoy": -0.3402086296823139,
      "ytd": -0.3402086296823139,
      "ytd_count": 11132,
      "latest_year": 2026,
      "latest_month_name": "Jan"
    },
    "msa": {
      "Orlando–Kissimmee–Sanford": {
        "total": {
          "latest": 1394,
          "latest_year": 2026,
          "latest_month": 1,
          "latest_month_name": "Jan",
          "mom": -0.3611365719523373,
          "yoy": -0.6161894273127753,
          "ytd_yoy": -0.6161894273127753,
          "ytd_count": 1394
        },
        "one_unit": {
          "latest": 956,
          "latest_year": 2026,
          "latest_month": 1,
          "latest_month_name": "Jan",
          "mom": 0.10520231213872822,
          "yoy": -0.3137114142139268,
          "ytd_yoy": -0.3137114142139268,
          "ytd_count": 956
        },
        "dom": {
          "days": 82,
          "yoy": 0.10810810810810811,
          "as_of": "2026-02"
        }
      },
      "Tampa–St. Petersburg–Clearwater": {
        "total": {
          "latest": 1255,
          "latest_year": 2026,
          "latest_month": 1,
          "latest_month_name": "Jan",
          "mom": 0.017842660178426506,
          "yoy": -0.42219152854511965,
          "ytd_yoy": -0.42219152854511965,
          "ytd_count": 1255
        },
        "one_unit": {
          "latest": 1120,
          "latest_year": 2026,
          "latest_month": 1,
          "latest_month_name": "Jan",
          "mom": 0.20042872454448024,
          "yoy": 0.02658111824014675,
          "ytd_yoy": 0.02658111824014675,
          "ytd_count": 1120
        },
        "dom": {
          "days": 80,
          "yoy": 0.21212121212121215,
          "as_of": "2026-02"
        }
      },
      "Ocala": {
        "total": {
          "latest": 504,
          "latest_year": 2026,
          "latest_month": 1,
          "latest_month_name": "Jan",
          "mom": 0.23529411764705888,
          "yoy": -0.2186046511627907,
          "ytd_yoy": -0.2186046511627907,
          "ytd_count": 504
        },
        "one_unit": {
          "latest": 486,
          "latest_year": 2026,
          "latest_month": 1,
          "latest_month_name": "Jan",
          "mom": 0.21500000000000008,
          "yoy": -0.18592964824120606,
          "ytd_yoy": -0.18592964824120606,
          "ytd_count": 486
        },
        "dom": {
          "days": 91,
          "yoy": 0.2816901408450705,
          "as_of": "2026-02"
        }
      },
      "Palm Bay–Melbourne–Titusville": {
        "total": {
          "latest": 198,
          "latest_year": 2026,
          "latest_month": 1,
          "latest_month_name": "Jan",
          "mom": -0.6292134831460674,
          "yoy": -0.5560538116591929,
          "ytd_yoy": -0.5560538116591929,
          "ytd_count": 198
        },
        "one_unit": {
          "latest": 198,
          "latest_year": 2026,
          "latest_month": 1,
          "latest_month_name": "Jan",
          "mom": -0.2639405204460966,
          "yoy": -0.28776978417266186,
          "ytd_yoy": -0.28776978417266186,
          "ytd_count": 198
        },
        "dom": {
          "days": 72,
          "yoy": 0.07462686567164178,
          "as_of": "2026-02"
        }
      }
    }
  },
  "watchlist": [],
  "feed": [
    {
      "title": "Growing micro markets were a single-family outlier in late 2025",
      "link": "https://www.housingwire.com/articles/micro-counties-hbgi-growth/",
      "published": "Tue, 31 Mar 2026"
    },
    {
      "title": "The 94% problem: What real estate agents aren’t being told about MLS success rates",
      "link": "https://www.housingwire.com/articles/mls-sales-denominator/",
      "published": "Tue, 31 Mar 2026"
    },
    {
      "title": "Nothing to see in Texas: How a Texas court put AML efforts further behind",
      "link": "https://www.housingwire.com/articles/nothing-to-see-in-texas/",
      "published": "Tue, 31 Mar 2026"
    },
    {
      "title": "Homeowner Assistance Fund backstopped vulnerable borrowers, study finds",
      "link": "https://www.housingwire.com/articles/homeowner-assistance-fund-backstop/",
      "published": "Tue, 31 Mar 2026"
    },
    {
      "title": "Case-Shiller index shows home price growth cooled further in January",
      "link": "https://www.housingwire.com/articles/case-shiller-january-home-prices/",
      "published": "Tue, 31 Mar 2026"
    },
    {
      "title": "DC-area agent launches hyperlocal site to explain post-NAR commission changes",
      "link": "https://www.housingwire.com/articles/dc-agent-launches-ai-built-hyperlocal-real-estate-education-site/",
      "published": "Tue, 31 Mar 2026"
    },
    {
      "title": "Cleveland Remains a Beacon of Affordability for Homebuyers",
      "link": "https://www.redfin.com/news/cleveland-remains-a-beacon-of-affordability-for-homebuyers/",
      "published": "Tue, 31 Mar 2026"
    },
    {
      "title": "Over Half of Home Listings Have Been Lingering on the Market For More Than 2 Months",
      "link": "https://www.redfin.com/news/stale-housing-inventory-february-2026/",
      "published": "Mon, 30 Mar 2026"
    },
    {
      "title": "Market Jitters Drive Mortgage Rates Up, Sending Some Would-Be Homebuyers to the Sidelines",
      "link": "https://www.redfin.com/news/housing-market-update-market-jitters-mortgage-rates/",
      "published": "Thu, 26 Mar 2026"
    },
    {
      "title": "14% of Home-Sale Agreements Fell Through Last Month–A Record for February",
      "link": "https://www.redfin.com/news/contract-cancellations-february-2026/",
      "published": "Tue, 24 Mar 2026"
    },
    {
      "title": "U.S. Home Prices Barely Budged in February",
      "link": "https://www.redfin.com/news/home-price-index-february-2026/",
      "published": "Tue, 24 Mar 2026"
    },
    {
      "title": "Redfin Economists’ Weekly Take: Iran War Drives Rate Volatility",
      "link": "https://www.redfin.com/news/weekly-economic-update-march-23-2026/",
      "published": "Mon, 23 Mar 2026"
    }
  ],
  "feed_101020": {
    "macro": [
      {
        "title": "Growing micro markets were a single-family outlier in late 2025",
        "url": "https://www.housingwire.com/articles/micro-counties-hbgi-growth/",
        "what": "NAHB’s Home Building Geography Index shows single-family construction weakening across every county type in late 2025 except micro counties, up 1.6%",
        "numbers": "2025, 1.6, 12.8",
        "justified": "housingwire.com — https://www.housingwire.com/articles/micro-counties-hbgi-growth/",
        "why": "Supply pipeline sets future inventory and construction activity.",
        "market": "Stronger pipeline aids suppliers; oversupply later can weigh on pricing."
      },
      {
        "title": "The 94% problem: What real estate agents aren’t being told about MLS success rates",
        "url": "https://www.housingwire.com/articles/mls-sales-denominator/",
        "what": "The 94% sold on MLS talking point uses only closed sales, excluding listings that never sold, which changes the real success rate.",
        "numbers": "94",
        "justified": "housingwire.com — https://www.housingwire.com/articles/mls-sales-denominator/",
        "why": "Rates & inflation shape discount rates and housing affordability.",
        "market": "Lower rates support demand/valuations; higher rates pressure builders/REITs and slow transactions."
      },
      {
        "title": "Market Jitters Drive Mortgage Rates Up, Sending Some Would-Be Homebuyers to the Sidelines",