{
  "as_of": "2026-05-18 16:32 UTC",
  "macro": {
    "spx": null,
    "ten_year": {
      "yield_pct": 4.47,
      "delta_bp_1d": 0.9999999999999787
    },
    "mortgage_30y": {
      "rate_pct": 6.36,
      "delta_bp_wow": -0.9999999999999787
    },
    "starts": {
      "level_saar": 1502.0,
      "mom": 0.10766961651917395
    }
  },
  "permits": {
    "florida": {
      "latest": 12449,
      "latest_date": "2026-03",
      "mom": 0.03054635761589397,
      "yoy": -0.15719991875973194,
      "ytd": -0.23309677419354835,
      "ytd_count": 35661,
      "latest_year": 2026,
      "latest_month_name": "Mar"
    },
    "msa": {
      "Orlando–Kissimmee–Sanford": {
        "total": {
          "latest": 1432,
          "latest_year": 2026,
          "latest_month": 3,
          "latest_month_name": "Mar",
          "mom": 0.07426856714178554,
          "yoy": -0.5466919911364356,
          "ytd_yoy": -0.542715777899945,
          "ytd_count": 4159
        },
        "one_unit": {
          "latest": 1122,
          "latest_year": 2026,
          "latest_month": 3,
          "latest_month_name": "Mar",
          "mom": 0.2411504424778761,
          "yoy": -0.1816192560175055,
          "ytd_yoy": -0.2602331927561399,
          "ytd_count": 2982
        },
        "dom": {
          "days": 68,
          "yoy": 0.09677419354838701,
          "as_of": "2026-04"
        }
      },
      "Tampa–St. Petersburg–Clearwater": {
        "total": {
          "latest": 1586,
          "latest_year": 2026,
          "latest_month": 3,
          "latest_month_name": "Mar",
          "mom": -0.10698198198198194,
          "yoy": 0.1696165191740413,
          "ytd_yoy": -0.12903225806451613,
          "ytd_count": 4617
        },
        "one_unit": {
          "latest": 1176,
          "latest_year": 2026,
          "latest_month": 3,
          "latest_month_name": "Mar",
          "mom": 0.01906412478336228,
          "yoy": -0.028099173553719048,
          "ytd_yoy": 0.08082706766917291,
          "ytd_count": 3450
        },
        "dom": {
          "days": 67,
          "yoy": 0.15517241379310343,
          "as_of": "2026-04"
        }
      },
      "Ocala": {
        "total": {
          "latest": 618,
          "latest_year": 2026,
          "latest_month": 3,
          "latest_month_name": "Mar",
          "mom": 0.006514657980456029,
          "yoy": -0.07067669172932334,
          "ytd_yoy": -0.09677419354838712,
          "ytd_count": 1736
        },
        "one_unit": {
          "latest": 618,
          "latest_year": 2026,
          "latest_month": 3,
          "latest_month_name": "Mar",
          "mom": 0.04391891891891886,
          "yoy": 0.08231173380035028,
          "ytd_yoy": -0.033067274800456126,
          "ytd_count": 1696
        },
        "dom": {
          "days": 75,
          "yoy": 0.13636363636363646,
          "as_of": "2026-04"
        }
      },
      "Palm Bay–Melbourne–Titusville": {
        "total": {
          "latest": 330,
          "latest_year": 2026,
          "latest_month": 3,
          "latest_month_name": "Mar",
          "mom": 0.346938775510204,
          "yoy": 0.13793103448275867,
          "ytd_yoy": -0.22699999999999998,
          "ytd_count": 773
        },
        "one_unit": {
          "latest": 330,
          "latest_year": 2026,
          "latest_month": 3,
          "latest_month_name": "Mar",
          "mom": 0.346938775510204,
          "yoy": 0.13793103448275867,
          "ytd_yoy": -0.06416464891041163,
          "ytd_count": 773
        },
        "dom": {
          "days": 67,
          "yoy": 0.09836065573770503,
          "as_of": "2026-04"
        }
      }
    }
  },
  "watchlist": [],
  "feed": [
    {
      "title": "Redfin Early Access adds pre-market and coming soon listings",
      "link": "https://www.housingwire.com/articles/redfin-early-access-listings/",
      "published": "Mon, 18 May 2026"
    },
    {
      "title": "Rate brings on Arizona-based LO Kelsey Marquardt",
      "link": "https://www.housingwire.com/articles/rate-adds-kelsey-marquardt/",
      "published": "Mon, 18 May 2026"
    },
    {
      "title": "The Clear Cooperation Policy is dead. The MRED model is what replaces it.",
      "link": "https://www.housingwire.com/articles/ccp-private-listing-networks/",
      "published": "Mon, 18 May 2026"
    },
    {
      "title": "Brody Gapp launches mortgage AI governance audit",
      "link": "https://www.housingwire.com/articles/brody-gapp-mortgage-ai-governance/",
      "published": "Mon, 18 May 2026"
    },
    {
      "title": "Listing agent demands raise antitrust and ethics risks",
      "link": "https://www.housingwire.com/articles/listing-agent-demands-buyer-agreement/",
      "published": "Mon, 18 May 2026"
    },
    {
      "title": "Broeksmit presses regulators on cost drivers as “stubbornly high” rates persist",
      "link": "https://www.housingwire.com/articles/mba-rollback-mortgage-rules-high-rates/",
      "published": "Mon, 18 May 2026"
    },
    {
      "title": "More Than 80% of Prospective Home Sellers Are Interested in a “Coming Soon” Approach to Listing",
      "link": "https://www.redfin.com/news/early-access-survey/",
      "published": "Mon, 18 May 2026"
    },
    {
      "title": "Inside the $150,000 Hamptons Trailer This Couple Turned Into a Dream Home",
      "link": "https://www.redfin.com/news/couple-renovate-hamptons-mobile-home/",
      "published": "Fri, 15 May 2026"
    },
    {
      "title": "The Price Point: What $400,000 Buys in These Hot U.S. Neighborhoods",
      "link": "https://www.redfin.com/news/the-price-point-what-400000-buys-in-these-hot-u-s-neighborhoods/",
      "published": "Fri, 15 May 2026"
    },
    {
      "title": "Pending Home Sales Jump 10% From a Year Ago to Highest Level Since 2022",
      "link": "https://www.redfin.com/news/housing-market-update-pending-home-sales-jump/",
      "published": "Thu, 14 May 2026"
    },
    {
      "title": "Just Listed in Virginia: A One-of-a-Kind Estate That’s Part Home, Part Event Venue, Part Airbnb",
      "link": "https://www.redfin.com/news/40325-charles-town-pike-hamilton-virginia-listing/",
      "published": "Wed, 13 May 2026"
    },
    {
      "title": "$60 Million Montecito Mansion Tops List of April’s Priciest Home Sales",
      "link": "https://www.redfin.com/news/most-expensive-home-sales-april-2026/",
      "published": "Wed, 13 May 2026"
    }
  ],
  "feed_101020": {
    "macro": [
      {
        "title": "Broeksmit presses regulators on cost drivers as “stubbornly high” rates persist",
        "url": "https://www.housingwire.com/articles/mba-rollback-mortgage-rules-high-rates/",
        "what": "Mortgage Bankers Association (MBA) president and CEO Bob Broeksmit said regulators should prioritize rolling back rules that raise costs as mortgage rates are likely to stay “stubb",
        "numbers": "",
        "justified": "housingwire.com — https://www.housingwire.com/articles/mba-rollback-mortgage-rules-high-rates/",
        "why": "Rates & inflation shape discount rates and housing affordability.",
        "market": "Lower rates support demand/valuations; higher rates pressure builders/REITs and slow transactions."
      },
      {
        "title": "NRMLA’s Steve Irwin on what reverse mortgage lenders are up against in 2026",
        "url": "https://www.housingwire.com/articles/reverse-mortgage-2026-nrmla/",
        "what": "NRMLA’s Steve Irwin says high rates, rising upfront costs and longer timelines are pressuring reverse mortgages even as tech advances.",
        "numbers": "",
        "justified": "housingwire.com — https://www.housingwire.com/articles/reverse-mortgage-2026-nrmla/",
        "why": "Rates & inflation shape discount rates and housing affordability.",
        "market": "Lower rates support demand/valuations; higher rates pressure builders/REITs and slow transactions."
      }
    ],