{
  "as_of": "2025-12-06 20:32 UTC",
  "macro": {
    "spx": null,
    "ten_year": {
      "yield_pct": 4.11,
      "delta_bp_1d": 5.000000000000071
    },
    "mortgage_30y": {
      "rate_pct": 6.19,
      "delta_bp_wow": -4.0000000000000036
    },
    "starts": {
      "level_saar": 1307.0,
      "mom": -0.08537438768369487
    }
  },
  "permits": {
    "florida": {
      "latest": 13594,
      "latest_date": "2025-08",
      "mom": -0.0727781188186345,
      "yoy": -0.13226094727435211,
      "ytd": -0.026868417713488135,
      "ytd_count": 122708,
      "latest_year": 2025,
      "latest_month_name": "Aug"
    },
    "msa": {
      "Orlando–Kissimmee–Sanford": {
        "total": {
          "latest": 1649,
          "latest_year": 2025,
          "latest_month": 8,
          "latest_month_name": "Aug",
          "mom": -0.20797310278578285,
          "yoy": -0.16336884830035514,
          "ytd_yoy": 0.20390428982314424,
          "ytd_count": 19673
        },
        "one_unit": {
          "latest": 927,
          "latest_year": 2025,
          "latest_month": 8,
          "latest_month_name": "Aug",
          "mom": -0.12793979303857006,
          "yoy": -0.382,
          "ytd_yoy": 0.008284136354979932,
          "ytd_count": 10589
        },
        "dom": {
          "days": 81,
          "yoy": 0.17391304347826098,
          "as_of": "2025-10"
        }
      },
      "Tampa–St. Petersburg–Clearwater": {
        "total": {
          "latest": 2908,
          "latest_year": 2025,
          "latest_month": 8,
          "latest_month_name": "Aug",
          "mom": 0.6645678305666858,
          "yoy": 0.465725806451613,
          "ytd_yoy": -0.06499153020892157,
          "ytd_count": 16559
        },
        "one_unit": {
          "latest": 1324,
          "latest_year": 2025,
          "latest_month": 8,
          "latest_month_name": "Aug",
          "mom": 0.16140350877192988,
          "yoy": 0.2526017029328287,
          "ytd_yoy": -0.09323079844298865,
          "ytd_count": 9551
        },
        "dom": {
          "days": 79,
          "yoy": 0.09722222222222232,
          "as_of": "2025-10"
        }
      },
      "Ocala": {
        "total": {
          "latest": 461,
          "latest_year": 2025,
          "latest_month": 8,
          "latest_month_name": "Aug",
          "mom": 0.0453514739229024,
          "yoy": 0.0453514739229024,
          "ytd_yoy": -0.1361718450326045,
          "ytd_count": 4504
        },
        "one_unit": {
          "latest": 451,
          "latest_year": 2025,
          "latest_month": 8,
          "latest_month_name": "Aug",
          "mom": 0.09200968523002429,
          "yoy": 0.0562060889929743,
          "ytd_yoy": -0.12195652173913041,
          "ytd_count": 4039
        },
        "dom": {
          "days": 78,
          "yoy": 0.11428571428571432,
          "as_of": "2025-10"
        }
      },
      "Palm Bay–Melbourne–Titusville": {
        "total": {
          "latest": 391,
          "latest_year": 2025,
          "latest_month": 8,
          "latest_month_name": "Aug",
          "mom": -0.28519195612431447,
          "yoy": 0.3076923076923077,
          "ytd_yoy": 0.03214156735283491,
          "ytd_count": 2858
        },
        "one_unit": {
          "latest": 239,
          "latest_year": 2025,
          "latest_month": 8,
          "latest_month_name": "Aug",
          "mom": -0.13090909090909086,
          "yoy": -0.2006688963210702,
          "ytd_yoy": -0.10545165141265422,
          "ytd_count": 2248
        },
        "dom": {
          "days": 75,
          "yoy": 0.08695652173913038,
          "as_of": "2025-10"
        }
      }
    }
  },
  "watchlist": [],
  "feed": [
    {
      "title": "Kansas City sellers reduce listing prices as inventory grows faster than buyer demand",
      "link": "https://www.housingwire.com/articles/kansas-city-market-update/",
      "published": "Sat, 06 Dec 2025"
    },
    {
      "title": "Limited inventory and price cuts shape Cincinnati’s housing market",
      "link": "https://www.housingwire.com/articles/cincinnati-housing-market/",
      "published": "Sat, 06 Dec 2025"
    },
    {
      "title": "Nashville housing market balances as inventory and price cuts rise",
      "link": "https://www.housingwire.com/articles/nashville-housing-market/",
      "published": "Sat, 06 Dec 2025"
    },
    {
      "title": "Price reductions surge in Charlotte, but median list price remains firm",
      "link": "https://www.housingwire.com/articles/charlotte-housing-market/",
      "published": "Sat, 06 Dec 2025"
    },
    {
      "title": "Atlanta housing supply grows, price reductions outpace U.S. average",
      "link": "https://www.housingwire.com/articles/atlanta-housing-inventory/",
      "published": "Sat, 06 Dec 2025"
    },
    {
      "title": "Indiana’s shifting housing market, price cuts are driving faster sales",
      "link": "https://www.housingwire.com/articles/indiana-housing-market-november/",
      "published": "Fri, 05 Dec 2025"
    },
    {
      "title": "Investor Activity Is Muted, With Home Purchases Up 1% and Market Share Holding Steady",
      "link": "https://www.redfin.com/news/investor-home-purchases-q3-2025/",
      "published": "Fri, 05 Dec 2025"
    },
    {
      "title": "Starter-Home Sales Climb 5%, But Prices Stay in Check as Inventory Hits 9-Year High",
      "link": "https://www.redfin.com/news/starter-home-report-october-2025/",
      "published": "Thu, 04 Dec 2025"
    },
    {
      "title": "Inventory Growth Loses Steam As Would-Be Sellers React to Lackluster Homebuying Demand",
      "link": "https://www.redfin.com/news/housing-market-update-inventory-growth-loses-steam/",
      "published": "Thu, 04 Dec 2025"
    },
    {
      "title": "15% of Home Purchases Fell Through in October, Up Slightly From a Year Earlier",
      "link": "https://www.redfin.com/news/home-purchase-cancellations-october-2025/",
      "published": "Wed, 03 Dec 2025"
    },
    {
      "title": "Redfin’s 2026 Predictions: Welcome to The Great Housing Reset",
      "link": "https://www.redfin.com/news/housing-market-predictions-2026/",
      "published": "Tue, 02 Dec 2025"
    },
    {
      "title": "Redfin Economists’ Weekly Take: Mortgage Rates May Bounce Around Ahead of Fed Meeting",
      "link": "https://www.redfin.com/news/weekly-economics-update-december-1/",
      "published": "Mon, 01 Dec 2025"
    }
  ],
  "feed_101020": {
    "macro": [
      {
        "title": "Most prospective homebuyers want to seal the deal in 2026",
        "url": "https://www.housingwire.com/articles/homeownership-affordability-survey-2025/",
        "what": "About three-quarters said more affordable home prices would prompt buying within six months",
        "numbers": "2",
        "justified": "housingwire.com — https://www.housingwire.com/articles/homeownership-affordability-survey-2025/",
        "why": "Rates & inflation shape discount rates and housing affordability.",
        "market": "Lower rates support demand/valuations; higher rates pressure builders/REITs and slow transactions."
      },
      {
        "title": "Inventory Growth Loses Steam As Would-Be Sellers React to Lackluster Homebuying Demand",
        "url": "https://www.redfin.com/news/housing-market-update-inventory-growth-loses-steam/",
        "what": "Even though mortgage rates have come down from their peak, housing costs are still too high for many would-be buyers",
        "numbers": "5.1",
        "justified": "redfin.com — https://www.redfin.com/news/housing-market-update-inventory-growth-loses-steam/",
        "why": "Rates & inflation shape discount rates and housing affordability.",
        "market": "Lower rates support demand/valuations; higher rates pressure builders/REITs and slow transactions."
      },
      {
        "title": "15% of Home Purchases Fell Through in October, Up Slightly From a Year Earlier",