{
  "as_of": "2026-07-14 17:33 UTC",
  "macro": {
    "spx": null,
    "ten_year": {
      "yield_pct": 4.56,
      "delta_bp_1d": 1.9999999999999574
    },
    "mortgage_30y": {
      "rate_pct": 6.49,
      "delta_bp_wow": 6.00000000000005
    },
    "starts": {
      "level_saar": 1177.0,
      "mom": -0.15445402298850575
    }
  },
  "permits": {
    "florida": {
      "latest": 13055,
      "latest_date": "2026-05",
      "mom": -0.10557687037544528,
      "yoy": -0.1036116451524306,
      "ytd": -0.15488219982647,
      "ytd_count": 63312,
      "latest_year": 2026,
      "latest_month_name": "May"
    },
    "msa": {
      "Orlando–Kissimmee–Sanford": {
        "total": {
          "latest": 1846,
          "latest_year": 2026,
          "latest_month": 5,
          "latest_month_name": "May",
          "mom": -0.041536863966770476,
          "yoy": 0.030133928571428603,
          "ytd_yoy": -0.40573954742994156,
          "ytd_count": 7931
        },
        "one_unit": {
          "latest": 1050,
          "latest_year": 2026,
          "latest_month": 5,
          "latest_month_name": "May",
          "mom": -0.0658362989323843,
          "yoy": -0.13007456503728254,
          "ytd_yoy": -0.2376164424072157,
          "ytd_count": 5156
        },
        "dom": {
          "days": 70,
          "yoy": 0.0,
          "as_of": "2026-06"
        }
      },
      "Tampa–St. Petersburg–Clearwater": {
        "total": {
          "latest": 2505,
          "latest_year": 2026,
          "latest_month": 5,
          "latest_month_name": "May",
          "mom": 0.5666041275797373,
          "yoy": 0.03256389117889524,
          "ytd_yoy": -0.0788973384030418,
          "ytd_count": 8721
        },
        "one_unit": {
          "latest": 1141,
          "latest_year": 2026,
          "latest_month": 5,
          "latest_month_name": "May",
          "mom": -0.047579298831385675,
          "yoy": -0.14595808383233533,
          "ytd_yoy": -0.005497337227280519,
          "ytd_count": 5789
        },
        "dom": {
          "days": 68,
          "yoy": 0.0,
          "as_of": "2026-06"
        }
      },
      "Ocala": {
        "total": {
          "latest": 481,
          "latest_year": 2026,
          "latest_month": 5,
          "latest_month_name": "May",
          "mom": -0.1819727891156463,
          "yoy": -0.034136546184738936,
          "ytd_yoy": -0.02604166666666663,
          "ytd_count": 2805
        },
        "one_unit": {
          "latest": 477,
          "latest_year": 2026,
          "latest_month": 5,
          "latest_month_name": "May",
          "mom": -0.18877551020408168,
          "yoy": -0.01851851851851849,
          "ytd_yoy": 0.02792256142963523,
          "ytd_count": 2761
        },
        "dom": {
          "days": 78,
          "yoy": 0.0,
          "as_of": "2026-06"
        }
      },
      "Palm Bay–Melbourne–Titusville": {
        "total": {
          "latest": 328,
          "latest_year": 2026,
          "latest_month": 5,
          "latest_month_name": "May",
          "mom": 0.08250825082508251,
          "yoy": 0.2615384615384615,
          "ytd_yoy": -0.10857142857142854,
          "ytd_count": 1404
        },
        "one_unit": {
          "latest": 328,
          "latest_year": 2026,
          "latest_month": 5,
          "latest_month_name": "May",
          "mom": 0.08250825082508251,
          "yoy": 0.3015873015873016,
          "ytd_yoy": 0.010799136069114423,
          "ytd_count": 1404
        },
        "dom": {
          "days": 66,
          "yoy": -0.08333333333333337,
          "as_of": "2026-06"
        }
      }
    }
  },
  "watchlist": [],
  "feed": [
    {
      "title": "Taylor Morrison appoints Jeremy Hampson as Jacksonville division president",
      "link": "https://www.housingwire.com/articles/taylor-morrison-jeremy-hampson-jacksonville-division-president/",
      "published": "Tue, 14 Jul 2026"
    },
    {
      "title": "Mortgage rates move higher, but cooling inflation should provide relief",
      "link": "https://www.housingwire.com/articles/mortgage-rates-june-cpi-fedwatch/",
      "published": "Tue, 14 Jul 2026"
    },
    {
      "title": "Big banks crush Q2 mortgage origination expectations",
      "link": "https://www.housingwire.com/articles/q2-bank-mortgage-volume/",
      "published": "Tue, 14 Jul 2026"
    },
    {
      "title": "EquityProtect report shows expanding deed theft protections, room for improvement",
      "link": "https://www.housingwire.com/articles/equityprotect-report-shows-expanding-deed-theft-protections-room-for-improvement/",
      "published": "Tue, 14 Jul 2026"
    },
    {
      "title": "Real Brokerage REMAX merger clears antitrust hurdle",
      "link": "https://www.housingwire.com/articles/real-remax-hsr-clearance/",
      "published": "Tue, 14 Jul 2026"
    },
    {
      "title": "Dream Finders names former Lennar co-CEO Rick Beckwitt as board co-chair",
      "link": "https://www.housingwire.com/articles/dream-finders-rick-beckwitt-board-co-chairman/",
      "published": "Tue, 14 Jul 2026"
    },
    {
      "title": "Mortgage Rates to Fall as Cooler-Than-Expected Inflation Report Lowers Odds of a July Fed Rate Hike",
      "link": "https://www.redfin.com/news/cpi-july-2026/",
      "published": "Tue, 14 Jul 2026"
    },
    {
      "title": "Home Sellers Outnumber Buyers 2 to 1 in Miami, Nashville, and Much of Texas, The Nation’s Strongest Buyer’s Markets",
      "link": "https://www.redfin.com/news/buyers-vs-sellers-june-2026/",
      "published": "Tue, 14 Jul 2026"
    },
    {
      "title": "Jim Dalrymple Joins Rocket as Principal of Industry Relations",
      "link": "https://www.redfin.com/news/jim-dalrymple-joins-rocket-as-principal-of-industry-relations/",
      "published": "Mon, 13 Jul 2026"
    },
    {
      "title": "U.S. Home Prices Hit All-Time High, Driven in Part By Big Upticks in San Francisco and West Palm Beach",
      "link": "https://www.redfin.com/news/home-prices-record-high-june-2026/",
      "published": "Mon, 13 Jul 2026"
    },
    {
      "title": "OpenAI, Anthropic Employees Could Buy Nearly One-Third of All Homes in San Francisco With IPO Earnings",
      "link": "https://www.redfin.com/news/openai-anthropic-housing-wealth/",
      "published": "Thu, 09 Jul 2026"
    },
    {
      "title": "U.S. Pending Home Sales Rise to Highest Level in 6 Weeks",
      "link": "https://www.redfin.com/news/housing-market-update-pending-sales-increase-summer-starts/",
      "published": "Thu, 09 Jul 2026"
    }
  ],
  "feed_101020": {
    "macro": [
      {
        "title": "Mortgage rates move higher, but cooling inflation should provide relief",
        "url": "https://www.housingwire.com/articles/mortgage-rates-june-cpi-fedwatch/",
        "what": "Fears that mortgage rates were going to soar past 7% may have been assuaged Tuesday when Consumer Price Index (CPI) data for June showed cooling inflation.",
        "numbers": "7",
        "justified": "housingwire.com — https://www.housingwire.com/articles/mortgage-rates-june-cpi-fedwatch/",
        "why": "Rates & inflation shape discount rates and housing affordability.",
        "market": "Lower rates support demand/valuations; higher rates pressure builders/REITs and slow transactions."
      },
      {
        "title": "Dream Finders names former Lennar co-CEO Rick Beckwitt as board co-chair",
        "url": "https://www.housingwire.com/articles/dream-finders-rick-beckwitt-board-co-chairman/",
        "what": "Dream Finders announced that Rick Beckwitt as co-chairman of its board of directors",
        "numbers": "",
        "justified": "housingwire.com — https://www.housingwire.com/articles/dream-finders-rick-beckwitt-board-co-chairman/",
        "why": "Rates & inflation shape discount rates and housing affordability.",