{
  "as_of": "2026-06-26 01:29 UTC",
  "macro": {
    "spx": null,
    "ten_year": {
      "yield_pct": 4.41,
      "delta_bp_1d": -8.999999999999986
    },
    "mortgage_30y": {
      "rate_pct": 6.49,
      "delta_bp_wow": 2.000000000000046
    },
    "starts": {
      "level_saar": 1177.0,
      "mom": -0.15445402298850575
    }
  },
  "permits": {
    "florida": {
      "latest": 13055,
      "latest_date": "2026-05",
      "mom": -0.10557687037544528,
      "yoy": -0.1036116451524306,
      "ytd": -0.15488219982647,
      "ytd_count": 63312,
      "latest_year": 2026,
      "latest_month_name": "May"
    },
    "msa": {
      "Orlando–Kissimmee–Sanford": {
        "total": {
          "latest": 1846,
          "latest_year": 2026,
          "latest_month": 5,
          "latest_month_name": "May",
          "mom": -0.041536863966770476,
          "yoy": 0.030133928571428603,
          "ytd_yoy": -0.40573954742994156,
          "ytd_count": 7931
        },
        "one_unit": {
          "latest": 1050,
          "latest_year": 2026,
          "latest_month": 5,
          "latest_month_name": "May",
          "mom": -0.0658362989323843,
          "yoy": -0.13007456503728254,
          "ytd_yoy": -0.2376164424072157,
          "ytd_count": 5156
        },
        "dom": {
          "days": 70,
          "yoy": 0.07692307692307687,
          "as_of": "2026-05"
        }
      },
      "Tampa–St. Petersburg–Clearwater": {
        "total": {
          "latest": 2505,
          "latest_year": 2026,
          "latest_month": 5,
          "latest_month_name": "May",
          "mom": 0.5666041275797373,
          "yoy": 0.03256389117889524,
          "ytd_yoy": -0.0788973384030418,
          "ytd_count": 8721
        },
        "one_unit": {
          "latest": 1141,
          "latest_year": 2026,
          "latest_month": 5,
          "latest_month_name": "May",
          "mom": -0.047579298831385675,
          "yoy": -0.14595808383233533,
          "ytd_yoy": -0.005497337227280519,
          "ytd_count": 5789
        },
        "dom": {
          "days": 67,
          "yoy": 0.1166666666666667,
          "as_of": "2026-05"
        }
      },
      "Ocala": {
        "total": {
          "latest": 481,
          "latest_year": 2026,
          "latest_month": 5,
          "latest_month_name": "May",
          "mom": -0.1819727891156463,
          "yoy": -0.034136546184738936,
          "ytd_yoy": -0.02604166666666663,
          "ytd_count": 2805
        },
        "one_unit": {
          "latest": 477,
          "latest_year": 2026,
          "latest_month": 5,
          "latest_month_name": "May",
          "mom": -0.18877551020408168,
          "yoy": -0.01851851851851849,
          "ytd_yoy": 0.02792256142963523,
          "ytd_count": 2761
        },
        "dom": {
          "days": 79,
          "yoy": 0.09722222222222232,
          "as_of": "2026-05"
        }
      },
      "Palm Bay–Melbourne–Titusville": {
        "total": {
          "latest": 328,
          "latest_year": 2026,
          "latest_month": 5,
          "latest_month_name": "May",
          "mom": 0.08250825082508251,
          "yoy": 0.2615384615384615,
          "ytd_yoy": -0.10857142857142854,
          "ytd_count": 1404
        },
        "one_unit": {
          "latest": 328,
          "latest_year": 2026,
          "latest_month": 5,
          "latest_month_name": "May",
          "mom": 0.08250825082508251,
          "yoy": 0.3015873015873016,
          "ytd_yoy": 0.010799136069114423,
          "ytd_count": 1404
        },
        "dom": {
          "days": 65,
          "yoy": 0.0,
          "as_of": "2026-05"
        }
      }
    }
  },
  "watchlist": [],
  "feed": [
    {
      "title": "KB Home Q2 2026 earnings point to scale vs execution debate",
      "link": "https://www.housingwire.com/articles/kb-home-built-to-order-shift/",
      "published": "Thu, 25 Jun 2026"
    },
    {
      "title": "Experienced Realtors hold the line in a tough housing market",
      "link": "https://www.housingwire.com/articles/nar-2026-member-profile-experience/",
      "published": "Thu, 25 Jun 2026"
    },
    {
      "title": "Senators push bipartisan plan to ‘save Social Security’",
      "link": "https://www.housingwire.com/articles/bipartisan-plan-to-save-social-security/",
      "published": "Thu, 25 Jun 2026"
    },
    {
      "title": "Young buyers are priced out in most U.S. metros, Pew data shows",
      "link": "https://www.housingwire.com/articles/young-homebuyers-priced-out-most-us-metros-pew-2026/",
      "published": "Thu, 25 Jun 2026"
    },
    {
      "title": "JPMorgan Chase names co-presidents as Dimon succession plan takes shape",
      "link": "https://www.housingwire.com/articles/jpmorgan-petno-rohrbaugh-co-presidents/",
      "published": "Thu, 25 Jun 2026"
    },
    {
      "title": "CoStar stockholders back directors, approve pay plan",
      "link": "https://www.housingwire.com/articles/costar-directors-pay-vote/",
      "published": "Thu, 25 Jun 2026"
    },
    {
      "title": "Fewer Homeowners Are Listing as Spring Market Ends With a Whimper, Not a Bang",
      "link": "https://www.redfin.com/news/housing-market-update-new-listings-decline-spring-2026/",
      "published": "Thu, 25 Jun 2026"
    },
    {
      "title": "Congress Takes Historic Step on Housing Affordability with Bipartisan ROAD to Housing Act",
      "link": "https://www.redfin.com/news/road-to-housing-act-historic/",
      "published": "Wed, 24 Jun 2026"
    },
    {
      "title": "Flood-Prone Parts of America Are Losing Residents at Nearly Twice Last Year’s Rate",
      "link": "https://www.redfin.com/news/climate-migration-real-estate-2026/",
      "published": "Wed, 24 Jun 2026"
    },
    {
      "title": "NYC Suburbs and the Bay Area Are This Spring’s Most Competitive Housing Markets",
      "link": "https://www.redfin.com/news/most-competitive-housing-markets-2026/",
      "published": "Tue, 23 Jun 2026"
    },
    {
      "title": "U.S. Home-Price Growth Accelerated in May, Fueled by April’s Brief Mortgage-Rate Reprieve",
      "link": "https://www.redfin.com/news/home-price-index-may-2026/",
      "published": "Tue, 23 Jun 2026"
    },
    {
      "title": "46% of Home Sellers Gave Concessions to Buyers in May, the Highest Share on Record For That Month",
      "link": "https://www.redfin.com/news/home-seller-concessions-record-high-rate/",
      "published": "Mon, 22 Jun 2026"
    }
  ],
  "feed_101020": {
    "macro": [
      {
        "title": "Young buyers are priced out in most U.S. metros, Pew data shows",
        "url": "https://www.housingwire.com/articles/young-homebuyers-priced-out-most-us-metros-pew-2026/",
        "what": "Buying a first home has gotten materially harder for young adults in most major U.S",
        "numbers": "2019,",
        "justified": "housingwire.com — https://www.housingwire.com/articles/young-homebuyers-priced-out-most-us-metros-pew-2026/",
        "why": "Rates & inflation shape discount rates and housing affordability.",
        "market": "Lower rates support demand/valuations; higher rates pressure builders/REITs and slow transactions."
      },
      {
        "title": "Mortgage payments rise 2.2% in May as rates, loan sizes grow",
        "url": "https://www.housingwire.com/articles/mba-papi-rises-may/",
        "what": "MBA's PAPI rose 2.2% to a reading of 159.4 in May as median purchase payments increased to $2,198 due to higher rates and loan sizes.",
        "numbers": "2.2, 159.4, $2,198",
        "justified": "housingwire.com — https://www.housingwire.com/articles/mba-papi-rises-may/",
        "why": "Rates & inflation shape discount rates and housing affordability.",
        "market": "Lower rates support demand/valuations; higher rates pressure builders/REITs and slow transactions."
      }
    ],
    "housing": [
      {
        "title": "Experienced Realtors hold the line in a tough housing market",