{
  "as_of": "2025-11-13 09:34 UTC",
  "macro": {
    "spx": null,
    "ten_year": {
      "yield_pct": 4.13,
      "delta_bp_1d": 1.9999999999999574
    },
    "mortgage_30y": {
      "rate_pct": 6.22,
      "delta_bp_wow": 4.999999999999982
    },
    "starts": {
      "level_saar": 1307.0,
      "mom": -0.08537438768369487
    }
  },
  "permits": {
    "florida": {
      "latest": 13594,
      "latest_date": "2025-08",
      "mom": -0.0727781188186345,
      "yoy": -0.13226094727435211,
      "ytd": -0.026868417713488135,
      "ytd_count": 122708,
      "latest_year": 2025,
      "latest_month_name": "Aug"
    },
    "msa": {
      "Orlando–Kissimmee–Sanford": {
        "total": {
          "latest": 1649,
          "latest_year": 2025,
          "latest_month": 8,
          "latest_month_name": "Aug",
          "mom": -0.20797310278578285,
          "yoy": -0.16336884830035514,
          "ytd_yoy": 0.20390428982314424,
          "ytd_count": 19673
        },
        "one_unit": {
          "latest": 927,
          "latest_year": 2025,
          "latest_month": 8,
          "latest_month_name": "Aug",
          "mom": -0.12793979303857006,
          "yoy": -0.382,
          "ytd_yoy": 0.008284136354979932,
          "ytd_count": 10589
        },
        "dom": {
          "days": 81,
          "yoy": 0.17391304347826098,
          "as_of": "2025-10"
        }
      },
      "Tampa–St. Petersburg–Clearwater": {
        "total": {
          "latest": 2908,
          "latest_year": 2025,
          "latest_month": 8,
          "latest_month_name": "Aug",
          "mom": 0.6645678305666858,
          "yoy": 0.465725806451613,
          "ytd_yoy": -0.06499153020892157,
          "ytd_count": 16559
        },
        "one_unit": {
          "latest": 1324,
          "latest_year": 2025,
          "latest_month": 8,
          "latest_month_name": "Aug",
          "mom": 0.16140350877192988,
          "yoy": 0.2526017029328287,
          "ytd_yoy": -0.09323079844298865,
          "ytd_count": 9551
        },
        "dom": {
          "days": 79,
          "yoy": 0.09722222222222232,
          "as_of": "2025-10"
        }
      },
      "Ocala": {
        "total": {
          "latest": 461,
          "latest_year": 2025,
          "latest_month": 8,
          "latest_month_name": "Aug",
          "mom": 0.0453514739229024,
          "yoy": 0.0453514739229024,
          "ytd_yoy": -0.1361718450326045,
          "ytd_count": 4504
        },
        "one_unit": {
          "latest": 451,
          "latest_year": 2025,
          "latest_month": 8,
          "latest_month_name": "Aug",
          "mom": 0.09200968523002429,
          "yoy": 0.0562060889929743,
          "ytd_yoy": -0.12195652173913041,
          "ytd_count": 4039
        },
        "dom": {
          "days": 78,
          "yoy": 0.11428571428571432,
          "as_of": "2025-10"
        }
      },
      "Palm Bay–Melbourne–Titusville": {
        "total": {
          "latest": 391,
          "latest_year": 2025,
          "latest_month": 8,
          "latest_month_name": "Aug",
          "mom": -0.28519195612431447,
          "yoy": 0.3076923076923077,
          "ytd_yoy": 0.03214156735283491,
          "ytd_count": 2858
        },
        "one_unit": {
          "latest": 239,
          "latest_year": 2025,
          "latest_month": 8,
          "latest_month_name": "Aug",
          "mom": -0.13090909090909086,
          "yoy": -0.2006688963210702,
          "ytd_yoy": -0.10545165141265422,
          "ytd_count": 2248
        },
        "dom": {
          "days": 75,
          "yoy": 0.08695652173913038,
          "as_of": "2025-10"
        }
      }
    }
  },
  "watchlist": [],
  "feed": [
    {
      "title": "FHFA eyes assumable and portable mortgages, raising questions for lenders",
      "link": "https://www.housingwire.com/articles/fhfa-assumable-portable-mortgages/",
      "published": "Wed, 12 Nov 2025"
    },
    {
      "title": "What real estate agents need to know about the 50-year mortgage",
      "link": "https://www.housingwire.com/articles/what-real-estate-agents-need-to-know-about-the-50-year-mortgage/",
      "published": "Wed, 12 Nov 2025"
    },
    {
      "title": "9 real estate events and conferences to attend in 2026",
      "link": "https://www.housingwire.com/articles/real-estate-events-conferences/",
      "published": "Wed, 12 Nov 2025"
    },
    {
      "title": "WSJ: Fannie Mae officials fired amid mortgage fraud probe",
      "link": "https://www.housingwire.com/articles/fannie-mae-mortgage-records-probe/",
      "published": "Wed, 12 Nov 2025"
    },
    {
      "title": "Raphael Bostic to retire as Atlanta Fed president",
      "link": "https://www.housingwire.com/articles/raphael-bostic-retirement-atlanta-fed/",
      "published": "Wed, 12 Nov 2025"
    },
    {
      "title": "Vanguard: Turning savings into stable retirement income is a common hurdle",
      "link": "https://www.housingwire.com/articles/vanguard-turning-savings-into-stable-retirement-income-is-a-common-hurdle/",
      "published": "Wed, 12 Nov 2025"
    },
    {
      "title": "Redfin Economists’ Weekly Take: Fresh Government Data Could Bring Mortgage Rate Volatility",
      "link": "https://www.redfin.com/news/weekly-economics-update-november-10/",
      "published": "Mon, 10 Nov 2025"
    },
    {
      "title": "Affordability Improves Slightly For Veteran Homebuyers, But Most Homes Are Still Out of Reach",
      "link": "https://www.redfin.com/news/veteran-homebuying-affordability-2025/",
      "published": "Mon, 10 Nov 2025"
    },
    {
      "title": "45% of Americans Say the Government Shutdown Makes Them Less Likely to Make a Major Purchase, Up From 21% in Early October",
      "link": "https://www.redfin.com/news/shutdown-sentiment-job-security-survey/",
      "published": "Fri, 07 Nov 2025"
    },
    {
      "title": "New on Redfin: See Your Buying Power While You Search",
      "link": "https://www.redfin.com/news/new-on-redfin-see-your-buying-power-while-you-search/",
      "published": "Fri, 07 Nov 2025"
    },
    {
      "title": "Flood-Prone America Is Seeing More People Move Out Than In for the First Time Since 2019",
      "link": "https://www.redfin.com/news/climate-migration-real-estate-2025/",
      "published": "Thu, 06 Nov 2025"
    },
    {
      "title": "Pending Home Sales Barely Budge, As Buyers Stay Cautious Despite Lower Mortgage Rates",
      "link": "https://www.redfin.com/news/housing-market-update-pending-home-sales-barely-budge/",
      "published": "Thu, 06 Nov 2025"
    }
  ],
  "feed_101020": {
    "macro": [
      {
        "title": "FHFA eyes assumable and portable mortgages, raising questions for lenders",
        "url": "https://www.housingwire.com/articles/fhfa-assumable-portable-mortgages/",
        "what": "Bill Pulte said this week that the Federal Housing Finance Agency (FHFA) may allow Fannie Mae and Freddie Mac to offer assumable or portable mortgages.",
        "numbers": "",
        "justified": "housingwire.com — https://www.housingwire.com/articles/fhfa-assumable-portable-mortgages/",
        "why": "Rates & inflation shape discount rates and housing affordability.",
        "market": "Lower rates support demand/valuations; higher rates pressure builders/REITs and slow transactions."
      },
      {
        "title": "Raphael Bostic to retire as Atlanta Fed president",
        "url": "https://www.housingwire.com/articles/raphael-bostic-retirement-atlanta-fed/",
        "what": "Raphael Bostic, the first Black and openly gay regional Fed president, announced his retirement from the Atlanta Fed, effective in February 2026.",
        "numbers": "2026.",
        "justified": "housingwire.com — https://www.housingwire.com/articles/raphael-bostic-retirement-atlanta-fed/",
        "why": "Rates & inflation shape discount rates and housing affordability.",