{
  "as_of": "2025-10-19 15:27 UTC",
  "macro": {
    "spx": null,
    "ten_year": {
      "yield_pct": 3.99,
      "delta_bp_1d": -5.999999999999961
    },
    "mortgage_30y": {
      "rate_pct": 6.27,
      "delta_bp_wow": -3.000000000000025
    },
    "starts": {
      "level_saar": 1307.0,
      "mom": -0.08537438768369487
    }
  },
  "permits": {
    "florida": {
      "latest": 13594,
      "latest_date": "2025-08",
      "mom": -0.0727781188186345,
      "yoy": -0.13226094727435211,
      "ytd": -0.026868417713488135,
      "ytd_count": 122708,
      "latest_year": 2025,
      "latest_month_name": "Aug"
    },
    "msa": {
      "Orlando–Kissimmee–Sanford": {
        "total": {
          "latest": 1649,
          "latest_year": 2025,
          "latest_month": 8,
          "latest_month_name": "Aug",
          "mom": -0.20797310278578285,
          "yoy": -0.16336884830035514,
          "ytd_yoy": 0.20390428982314424,
          "ytd_count": 19673
        },
        "one_unit": {
          "latest": 927,
          "latest_year": 2025,
          "latest_month": 8,
          "latest_month_name": "Aug",
          "mom": -0.12793979303857006,
          "yoy": -0.382,
          "ytd_yoy": 0.008284136354979932,
          "ytd_count": 10589
        },
        "dom": {
          "days": 79,
          "yoy": 0.21538461538461529,
          "as_of": "2025-09"
        }
      },
      "Tampa–St. Petersburg–Clearwater": {
        "total": {
          "latest": 2908,
          "latest_year": 2025,
          "latest_month": 8,
          "latest_month_name": "Aug",
          "mom": 0.6645678305666858,
          "yoy": 0.465725806451613,
          "ytd_yoy": -0.06499153020892157,
          "ytd_count": 16559
        },
        "one_unit": {
          "latest": 1324,
          "latest_year": 2025,
          "latest_month": 8,
          "latest_month_name": "Aug",
          "mom": 0.16140350877192988,
          "yoy": 0.2526017029328287,
          "ytd_yoy": -0.09323079844298865,
          "ytd_count": 9551
        },
        "dom": {
          "days": 79,
          "yoy": 0.19696969696969702,
          "as_of": "2025-09"
        }
      },
      "Ocala": {
        "total": {
          "latest": 461,
          "latest_year": 2025,
          "latest_month": 8,
          "latest_month_name": "Aug",
          "mom": 0.0453514739229024,
          "yoy": 0.0453514739229024,
          "ytd_yoy": -0.1361718450326045,
          "ytd_count": 4504
        },
        "one_unit": {
          "latest": 451,
          "latest_year": 2025,
          "latest_month": 8,
          "latest_month_name": "Aug",
          "mom": 0.09200968523002429,
          "yoy": 0.0562060889929743,
          "ytd_yoy": -0.12195652173913041,
          "ytd_count": 4039
        },
        "dom": {
          "days": 80,
          "yoy": 0.19402985074626855,
          "as_of": "2025-09"
        }
      },
      "Palm Bay–Melbourne–Titusville": {
        "total": {
          "latest": 391,
          "latest_year": 2025,
          "latest_month": 8,
          "latest_month_name": "Aug",
          "mom": -0.28519195612431447,
          "yoy": 0.3076923076923077,
          "ytd_yoy": 0.03214156735283491,
          "ytd_count": 2858
        },
        "one_unit": {
          "latest": 239,
          "latest_year": 2025,
          "latest_month": 8,
          "latest_month_name": "Aug",
          "mom": -0.13090909090909086,
          "yoy": -0.2006688963210702,
          "ytd_yoy": -0.10545165141265422,
          "ytd_count": 2248
        },
        "dom": {
          "days": 75,
          "yoy": 0.15384615384615374,
          "as_of": "2025-09"
        }
      }
    }
  },
  "watchlist": [],
  "feed": [
    {
      "title": "Housing demand now reflects a positive trend",
      "link": "https://www.housingwire.com/articles/housing-demand-now-reflects-a-positive-trend/",
      "published": "Sun, 19 Oct 2025"
    },
    {
      "title": "Tech Pulse: Are MLS policies built for the ChatGPT era?",
      "link": "https://www.housingwire.com/articles/tech-pulse-housingwire-october-17-2025/",
      "published": "Fri, 17 Oct 2025"
    },
    {
      "title": "TransUnion cuts VantageScore 4.0 pricing for mortgage lenders",
      "link": "https://www.housingwire.com/articles/transunion-vantagescore-4-0-pricing/",
      "published": "Fri, 17 Oct 2025"
    },
    {
      "title": "Griffin Funding alleges West Capital Lending, former LOs diverted borrower leads",
      "link": "https://www.housingwire.com/articles/griffin-funding-alleges-west-capital-lending-former-los-diverted-borrower-leads/",
      "published": "Fri, 17 Oct 2025"
    },
    {
      "title": "Phoenix Suns ownership dispute involving UWM’s Ishbia resolved in court",
      "link": "https://www.housingwire.com/articles/phoenix-suns-ownership-dispute-involving-uwms-ishbia-resolved-in-court/",
      "published": "Fri, 17 Oct 2025"
    },
    {
      "title": "Big Sky Sotheby’s International Realty adds top Montana agents",
      "link": "https://www.housingwire.com/articles/big-sky-sothebys-international-realty-adds-top-montana-agents/",
      "published": "Fri, 17 Oct 2025"
    },
    {
      "title": "29% of U.S. Home Purchases Are Made in Cash, Essentially Flat From a Year Ago",
      "link": "https://www.redfin.com/news/all-cash-down-payments-2025/",
      "published": "Fri, 17 Oct 2025"
    },
    {
      "title": "September’s Most Expensive Home Sales Include Ellen DeGeneres’ Former Montecito Mansion",
      "link": "https://www.redfin.com/news/most-expensive-home-sales-september-2025/",
      "published": "Thu, 16 Oct 2025"
    },
    {
      "title": "New Listings Creep Up As Would-Be Homebuyers Back Off, Haunted By High Prices and Economic Unease",
      "link": "https://www.redfin.com/news/housing-market-update-new-listings-rise-pending-sales-fall-october-2025/",
      "published": "Thu, 16 Oct 2025"
    },
    {
      "title": "Redfin Economists’ Weekly Take: China Trade Tensions Push Mortgage Rates Lower",
      "link": "https://www.redfin.com/news/weekly-economics-update-october-14/",
      "published": "Tue, 14 Oct 2025"
    },
    {
      "title": "More Home Sellers Test the Market, But Buyers Aren’t Budging",
      "link": "https://www.redfin.com/news/housing-market-update-more-sellers-list-homes/",
      "published": "Thu, 09 Oct 2025"
    },
    {
      "title": "17% of Americans Are Delaying a Major Purchase Like a Home or Car Due to Government Shutdown. 65% Are Undeterred.",
      "link": "https://www.redfin.com/news/delaying-home-car-purchase-government-shutdown/",
      "published": "Wed, 08 Oct 2025"
    }
  ],
  "feed_101020": {
    "macro": [
      {
        "title": "Housing demand now reflects a positive trend",
        "url": "https://www.housingwire.com/articles/housing-demand-now-reflects-a-positive-trend/",
        "what": "The housing market has stabilized as mortgage rates have stayed below 6.64%, impacting housing demand and inventory.",
        "numbers": "6.64",
        "justified": "housingwire.com — https://www.housingwire.com/articles/housing-demand-now-reflects-a-positive-trend/",
        "why": "Rates & inflation shape discount rates and housing affordability.",
        "market": "Lower rates support demand/valuations; higher rates pressure builders/REITs and slow transactions."
      },
      {
        "title": "TransUnion cuts VantageScore 4.0 pricing for mortgage lenders",
        "url": "https://www.housingwire.com/articles/transunion-vantagescore-4-0-pricing/",
        "what": "Credit bureau TransUnion has followed its peers in slashing prices for mortgage lenders purchasing VantageScore 4.0, responding to Fair Isaac Corp",
        "numbers": "4.0,",
        "justified": "housingwire.com — https://www.housingwire.com/articles/transunion-vantagescore-4-0-pricing/",
        "why": "Rates & inflation shape discount rates and housing affordability.",