{
  "as_of": "2026-03-02 22:47 UTC",
  "macro": {
    "spx": null,
    "ten_year": {
      "yield_pct": 3.97,
      "delta_bp_1d": -4.999999999999938
    },
    "mortgage_30y": {
      "rate_pct": 5.98,
      "delta_bp_wow": -2.999999999999936
    },
    "starts": {
      "level_saar": 1404.0,
      "mom": 0.062027231467473465
    }
  },
  "permits": {
    "florida": {
      "latest": 13220,
      "latest_date": "2025-12",
      "mom": 0.3696643182760049,
      "yoy": 0.10590597289610182,
      "ytd": -0.002057400912362728,
      "ytd_count": 174133,
      "latest_year": 2025,
      "latest_month_name": "Dec"
    },
    "msa": {
      "Orlando–Kissimmee–Sanford": {
        "total": {
          "latest": 2182,
          "latest_year": 2025,
          "latest_month": 12,
          "latest_month_name": "Dec",
          "mom": 1.0900383141762453,
          "yoy": 0.011121408711770142,
          "ytd_yoy": 0.16461185273361112,
          "ytd_count": 27394
        },
        "one_unit": {
          "latest": 865,
          "latest_year": 2025,
          "latest_month": 12,
          "latest_month_name": "Dec",
          "mom": 0.11901681759379046,
          "yoy": -0.348644578313253,
          "ytd_yoy": -0.09051834744675391,
          "ytd_count": 14177
        },
        "dom": {
          "days": 88,
          "yoy": 0.08641975308641969,
          "as_of": "2026-01"
        }
      },
      "Tampa–St. Petersburg–Clearwater": {
        "total": {
          "latest": 1233,
          "latest_year": 2025,
          "latest_month": 12,
          "latest_month_name": "Dec",
          "mom": 0.020695364238410674,
          "yoy": 0.2992623814541622,
          "ytd_yoy": 0.06361240811797875,
          "ytd_count": 23007
        },
        "one_unit": {
          "latest": 933,
          "latest_year": 2025,
          "latest_month": 12,
          "latest_month_name": "Dec",
          "mom": 0.07986111111111116,
          "yoy": 0.015233949945593128,
          "ytd_yoy": -0.015809140557631496,
          "ytd_count": 13696
        },
        "dom": {
          "days": 85,
          "yoy": 0.2142857142857142,
          "as_of": "2026-01"
        }
      },
      "Ocala": {
        "total": {
          "latest": 408,
          "latest_year": 2025,
          "latest_month": 12,
          "latest_month_name": "Dec",
          "mom": 1.3448275862068964,
          "yoy": -0.02857142857142858,
          "ytd_yoy": -0.15358506576156128,
          "ytd_count": 5985
        },
        "one_unit": {
          "latest": 400,
          "latest_year": 2025,
          "latest_month": 12,
          "latest_month_name": "Dec",
          "mom": 1.3255813953488373,
          "yoy": -0.014778325123152691,
          "ytd_yoy": -0.15431424559213602,
          "ytd_count": 5420
        },
        "dom": {
          "days": 93,
          "yoy": 0.2567567567567568,
          "as_of": "2026-01"
        }
      },
      "Palm Bay–Melbourne–Titusville": {
        "total": {
          "latest": 534,
          "latest_year": 2025,
          "latest_month": 12,
          "latest_month_name": "Dec",
          "mom": 1.2066115702479339,
          "yoy": 0.5213675213675213,
          "ytd_yoy": -0.0004329941545788696,
          "ytd_count": 4617
        },
        "one_unit": {
          "latest": 269,
          "latest_year": 2025,
          "latest_month": 12,
          "latest_month_name": "Dec",
          "mom": 0.1350210970464134,
          "yoy": -0.2157434402332361,
          "ytd_yoy": -0.13548883756735952,
          "ytd_count": 3369
        },
        "dom": {
          "days": 77,
          "yoy": 0.0547945205479452,
          "as_of": "2026-01"
        }
      }
    }
  },
  "watchlist": [],
  "feed": [
    {
      "title": "What war risk could mean for builders, rates and spring demand in 2026",
      "link": "https://www.housingwire.com/articles/homebuilders-uncertainty-spring-2026/",
      "published": "Mon, 02 Mar 2026"
    },
    {
      "title": "Experian imposes another price increase on mortgage credit reports, resellers say",
      "link": "https://www.housingwire.com/articles/experian-mortgage-price-increase/",
      "published": "Mon, 02 Mar 2026"
    },
    {
      "title": "How to build high-converting real estate landing pages (+ examples)",
      "link": "https://www.housingwire.com/articles/real-estate-landing-pages/",
      "published": "Mon, 02 Mar 2026"
    },
    {
      "title": "CertifID expands platform with AI-powered payoff ordering and document workflows",
      "link": "https://www.housingwire.com/articles/certifid-expands-platform-with-ai-powered-payoff-ordering-and-document-workflows/",
      "published": "Mon, 02 Mar 2026"
    },
    {
      "title": "Boomer retirements could trigger record small-business transfers",
      "link": "https://www.housingwire.com/articles/baby-boomer-retirement-small-business-transfers/",
      "published": "Mon, 02 Mar 2026"
    },
    {
      "title": "Fairway Home Mortgage promotes Holly Mattson to co-president of recruiting",
      "link": "https://www.housingwire.com/articles/fairway-mattson-co-president-recruiting/",
      "published": "Mon, 02 Mar 2026"
    },
    {
      "title": "Redfin Economists’ Weekly Take: After Dipping Below 6%, Mortgage Rates Enter Unpredictable Week Amid Iran Tensions",
      "link": "https://www.redfin.com/news/weekly-economic-update-march-2-2026/",
      "published": "Mon, 02 Mar 2026"
    },
    {
      "title": "West Palm Beach’s Luxury Housing Market Is Booming, With Sales Up 30%",
      "link": "https://www.redfin.com/news/west-palm-beach-luxury-homes-january-2026/",
      "published": "Mon, 02 Mar 2026"
    },
    {
      "title": "More Homeowners Have a Rate Above 6% Than a Rate Below 3% For the First Time in 5 Years",
      "link": "https://www.redfin.com/news/mortgage-rates-q3-2025/",
      "published": "Fri, 27 Feb 2026"
    },
    {
      "title": "Redfin and Compass Partner to Expand Inventory and Seller Choice",
      "link": "https://www.redfin.com/news/redfin-policy-seller-choice/",
      "published": "Thu, 26 Feb 2026"
    },
    {
      "title": "Denver Has a New Neighbor: Kiel Murphy Wins the Great American Home Search",
      "link": "https://www.redfin.com/news/great-american-home-search-winner/",
      "published": "Thu, 26 Feb 2026"
    },
    {
      "title": "Homebuying Affordability Improves As Mortgage Rates Fall to Lowest Level in Over 3 Years",
      "link": "https://www.redfin.com/news/housing-market-update-mortgage-rates-fall-affordability-improves/",
      "published": "Thu, 26 Feb 2026"
    }
  ],
  "feed_101020": {
    "macro": [
      {
        "title": "What war risk could mean for builders, rates and spring demand in 2026",
        "url": "https://www.housingwire.com/articles/homebuilders-uncertainty-spring-2026/",
        "what": "Nature abhors a vacuum and does something about it",
        "numbers": "",
        "justified": "housingwire.com — https://www.housingwire.com/articles/homebuilders-uncertainty-spring-2026/",
        "why": "Rates & inflation shape discount rates and housing affordability.",
        "market": "Lower rates support demand/valuations; higher rates pressure builders/REITs and slow transactions."
      },
      {
        "title": "Redfin Economists’ Weekly Take: After Dipping Below 6%, Mortgage Rates Enter Unpredictable Week Amid Iran Tensions",
        "url": "https://www.redfin.com/news/weekly-economic-update-march-2-2026/",
        "what": "This Week In A Nutshell: We’re in for an unpredictable week with potentially significant moves in rates between the ongoing Iran conflict and important job market data on Friday",
        "numbers": "6",
        "justified": "redfin.com — https://www.redfin.com/news/weekly-economic-update-march-2-2026/",
        "why": "Rates & inflation shape discount rates and housing affordability.",