{
  "as_of": "2025-11-02 18:36 UTC",
  "macro": {
    "spx": null,
    "ten_year": {
      "yield_pct": 4.11,
      "delta_bp_1d": 3.000000000000025
    },
    "mortgage_30y": {
      "rate_pct": 6.17,
      "delta_bp_wow": -2.000000000000046
    },
    "starts": {
      "level_saar": 1307.0,
      "mom": -0.08537438768369487
    }
  },
  "permits": {
    "florida": {
      "latest": 13594,
      "latest_date": "2025-08",
      "mom": -0.0727781188186345,
      "yoy": -0.13226094727435211,
      "ytd": -0.026868417713488135,
      "ytd_count": 122708,
      "latest_year": 2025,
      "latest_month_name": "Aug"
    },
    "msa": {
      "Orlando–Kissimmee–Sanford": {
        "total": {
          "latest": 1649,
          "latest_year": 2025,
          "latest_month": 8,
          "latest_month_name": "Aug",
          "mom": -0.20797310278578285,
          "yoy": -0.16336884830035514,
          "ytd_yoy": 0.20390428982314424,
          "ytd_count": 19673
        },
        "one_unit": {
          "latest": 927,
          "latest_year": 2025,
          "latest_month": 8,
          "latest_month_name": "Aug",
          "mom": -0.12793979303857006,
          "yoy": -0.382,
          "ytd_yoy": 0.008284136354979932,
          "ytd_count": 10589
        },
        "dom": {
          "days": 81,
          "yoy": 0.17391304347826098,
          "as_of": "2025-10"
        }
      },
      "Tampa–St. Petersburg–Clearwater": {
        "total": {
          "latest": 2908,
          "latest_year": 2025,
          "latest_month": 8,
          "latest_month_name": "Aug",
          "mom": 0.6645678305666858,
          "yoy": 0.465725806451613,
          "ytd_yoy": -0.06499153020892157,
          "ytd_count": 16559
        },
        "one_unit": {
          "latest": 1324,
          "latest_year": 2025,
          "latest_month": 8,
          "latest_month_name": "Aug",
          "mom": 0.16140350877192988,
          "yoy": 0.2526017029328287,
          "ytd_yoy": -0.09323079844298865,
          "ytd_count": 9551
        },
        "dom": {
          "days": 79,
          "yoy": 0.09722222222222232,
          "as_of": "2025-10"
        }
      },
      "Ocala": {
        "total": {
          "latest": 461,
          "latest_year": 2025,
          "latest_month": 8,
          "latest_month_name": "Aug",
          "mom": 0.0453514739229024,
          "yoy": 0.0453514739229024,
          "ytd_yoy": -0.1361718450326045,
          "ytd_count": 4504
        },
        "one_unit": {
          "latest": 451,
          "latest_year": 2025,
          "latest_month": 8,
          "latest_month_name": "Aug",
          "mom": 0.09200968523002429,
          "yoy": 0.0562060889929743,
          "ytd_yoy": -0.12195652173913041,
          "ytd_count": 4039
        },
        "dom": {
          "days": 78,
          "yoy": 0.11428571428571432,
          "as_of": "2025-10"
        }
      },
      "Palm Bay–Melbourne–Titusville": {
        "total": {
          "latest": 391,
          "latest_year": 2025,
          "latest_month": 8,
          "latest_month_name": "Aug",
          "mom": -0.28519195612431447,
          "yoy": 0.3076923076923077,
          "ytd_yoy": 0.03214156735283491,
          "ytd_count": 2858
        },
        "one_unit": {
          "latest": 239,
          "latest_year": 2025,
          "latest_month": 8,
          "latest_month_name": "Aug",
          "mom": -0.13090909090909086,
          "yoy": -0.2006688963210702,
          "ytd_yoy": -0.10545165141265422,
          "ytd_count": 2248
        },
        "dom": {
          "days": 75,
          "yoy": 0.08695652173913038,
          "as_of": "2025-10"
        }
      }
    }
  },
  "watchlist": [],
  "feed": [
    {
      "title": "Mortgage spreads hit lowest level in years, keeping rates near 6%",
      "link": "https://www.housingwire.com/articles/mortgage-spreads-hit-lowest-level-in-years-keeping-rates-near-6/",
      "published": "Sun, 02 Nov 2025"
    },
    {
      "title": "Tech Pulse: AI advances, big earnings and policy shifts",
      "link": "https://www.housingwire.com/articles/tech-pulse-ai-advances-big-earnings-and-policy-shifts/",
      "published": "Fri, 31 Oct 2025"
    },
    {
      "title": "Florida Realtors, Japan-America Real Estate Coalition expand ties",
      "link": "https://www.housingwire.com/articles/florida-realtors-japan-america-real-estate-coalition-expand-ties/",
      "published": "Fri, 31 Oct 2025"
    },
    {
      "title": "NorthstarMLS restructures board, embraces new governance model",
      "link": "https://www.housingwire.com/articles/northstarmls-governance-revamp/",
      "published": "Fri, 31 Oct 2025"
    },
    {
      "title": "Newrez wholesale leader Tony Kottenbrock talks about growing non-QM",
      "link": "https://www.housingwire.com/articles/newrez-non-qm-mortgage-surge/",
      "published": "Fri, 31 Oct 2025"
    },
    {
      "title": "Realtor.com releasing 3D “FlyAround” property viewing tool",
      "link": "https://www.housingwire.com/articles/realtor-com-releasing-3d-flyaround-property-viewing-tool/",
      "published": "Fri, 31 Oct 2025"
    },
    {
      "title": "Only 28 Out of Every 1,000 U.S. Homes Changed Hands This Year—The Lowest Turnover in Decades",
      "link": "https://www.redfin.com/news/home-turnover-report-2025/",
      "published": "Fri, 31 Oct 2025"
    },
    {
      "title": "U.S. Luxury Home Prices Rose 5% in September, Twice the Pace of Non-Luxury Prices",
      "link": "https://www.redfin.com/news/luxury-homes-market-september-2025/",
      "published": "Thu, 30 Oct 2025"
    },
    {
      "title": "Median Monthly Housing Payment Posts Biggest Decline in Nearly a Year",
      "link": "https://www.redfin.com/news/housing-market-update-monthly-payments-biggest-decline-in-year/",
      "published": "Thu, 30 Oct 2025"
    },
    {
      "title": "Mortgage Rates to Tick Up After Fed Signals That December Cut Isn’t Guaranteed",
      "link": "https://www.redfin.com/news/fed-meeting-analysis-oct-2025/",
      "published": "Wed, 29 Oct 2025"
    },
    {
      "title": "27% of For-Sale Homes Are Newly Built, the Lowest Share in 4 Years",
      "link": "https://www.redfin.com/news/august-2025-new-construction-homes/",
      "published": "Wed, 29 Oct 2025"
    },
    {
      "title": "Bay Area Housing Market Heats Up Amid AI Boom, Return to Office",
      "link": "https://www.redfin.com/news/bay-area-san-francisco-home-sales/",
      "published": "Tue, 28 Oct 2025"
    }
  ],
  "feed_101020": {
    "macro": [
      {
        "title": "Mortgage spreads hit lowest level in years, keeping rates near 6%",
        "url": "https://www.housingwire.com/articles/mortgage-spreads-hit-lowest-level-in-years-keeping-rates-near-6/",
        "what": "Improved mortgage spreads have been key to lowering rates near 6% in 2025, enhancing the housing market's stability.",
        "numbers": "6, 2025,",
        "justified": "housingwire.com — https://www.housingwire.com/articles/mortgage-spreads-hit-lowest-level-in-years-keeping-rates-near-6/",
        "why": "Rates & inflation shape discount rates and housing affordability.",
        "market": "Lower rates support demand/valuations; higher rates pressure builders/REITs and slow transactions."
      },
      {
        "title": "Ocrolus adds automated conditioning to mortgage tools",
        "url": "https://www.housingwire.com/articles/ocrolus-automated-conditioning/",
        "what": "The new AI-powered feature accelerates loan processing by automating the identification and management of conditions.",
        "numbers": "",
        "justified": "housingwire.com — https://www.housingwire.com/articles/ocrolus-automated-conditioning/",
        "why": "Rates & inflation shape discount rates and housing affordability.",