{
  "as_of": "2026-04-23 03:46 UTC",
  "macro": {
    "spx": null,
    "ten_year": {
      "yield_pct": 4.3,
      "delta_bp_1d": 4.0000000000000036
    },
    "mortgage_30y": {
      "rate_pct": 6.3,
      "delta_bp_wow": -7.000000000000028
    },
    "starts": {
      "level_saar": 1487.0,
      "mom": 0.07209805335255948
    }
  },
  "permits": {
    "florida": {
      "latest": 11132,
      "latest_date": "2026-01",
      "mom": -0.15794251134644477,
      "yoy": -0.3402086296823139,
      "ytd": -0.3402086296823139,
      "ytd_count": 11132,
      "latest_year": 2026,
      "latest_month_name": "Jan"
    },
    "msa": {
      "Orlando–Kissimmee–Sanford": {
        "total": {
          "latest": 1394,
          "latest_year": 2026,
          "latest_month": 1,
          "latest_month_name": "Jan",
          "mom": -0.3611365719523373,
          "yoy": -0.6161894273127753,
          "ytd_yoy": -0.6161894273127753,
          "ytd_count": 1394
        },
        "one_unit": {
          "latest": 956,
          "latest_year": 2026,
          "latest_month": 1,
          "latest_month_name": "Jan",
          "mom": 0.10520231213872822,
          "yoy": -0.3137114142139268,
          "ytd_yoy": -0.3137114142139268,
          "ytd_count": 956
        },
        "dom": {
          "days": 67,
          "yoy": 0.1166666666666667,
          "as_of": "2026-03"
        }
      },
      "Tampa–St. Petersburg–Clearwater": {
        "total": {
          "latest": 1255,
          "latest_year": 2026,
          "latest_month": 1,
          "latest_month_name": "Jan",
          "mom": 0.017842660178426506,
          "yoy": -0.42219152854511965,
          "ytd_yoy": -0.42219152854511965,
          "ytd_count": 1255
        },
        "one_unit": {
          "latest": 1120,
          "latest_year": 2026,
          "latest_month": 1,
          "latest_month_name": "Jan",
          "mom": 0.20042872454448024,
          "yoy": 0.02658111824014675,
          "ytd_yoy": 0.02658111824014675,
          "ytd_count": 1120
        },
        "dom": {
          "days": 66,
          "yoy": 0.1578947368421053,
          "as_of": "2026-03"
        }
      },
      "Ocala": {
        "total": {
          "latest": 504,
          "latest_year": 2026,
          "latest_month": 1,
          "latest_month_name": "Jan",
          "mom": 0.23529411764705888,
          "yoy": -0.2186046511627907,
          "ytd_yoy": -0.2186046511627907,
          "ytd_count": 504
        },
        "one_unit": {
          "latest": 486,
          "latest_year": 2026,
          "latest_month": 1,
          "latest_month_name": "Jan",
          "mom": 0.21500000000000008,
          "yoy": -0.18592964824120606,
          "ytd_yoy": -0.18592964824120606,
          "ytd_count": 486
        },
        "dom": {
          "days": 74,
          "yoy": 0.1212121212121211,
          "as_of": "2026-03"
        }
      },
      "Palm Bay–Melbourne–Titusville": {
        "total": {
          "latest": 198,
          "latest_year": 2026,
          "latest_month": 1,
          "latest_month_name": "Jan",
          "mom": -0.6292134831460674,
          "yoy": -0.5560538116591929,
          "ytd_yoy": -0.5560538116591929,
          "ytd_count": 198
        },
        "one_unit": {
          "latest": 198,
          "latest_year": 2026,
          "latest_month": 1,
          "latest_month_name": "Jan",
          "mom": -0.2639405204460966,
          "yoy": -0.28776978417266186,
          "ytd_yoy": -0.28776978417266186,
          "ytd_count": 198
        },
        "dom": {
          "days": 64,
          "yoy": 0.0847457627118644,
          "as_of": "2026-03"
        }
      }
    }
  },
  "watchlist": [],
  "feed": [
    {
      "title": "Inventory rises as pricing lags in the spring housing market",
      "link": "https://www.housingwire.com/articles/housing-inventory-pricing-gap-2026/",
      "published": "Wed, 22 Apr 2026"
    },
    {
      "title": "Lawmakers target retirement gaps facing family caregivers",
      "link": "https://www.housingwire.com/articles/lawmakers-target-retirement-gaps-facing-family-caregivers/",
      "published": "Wed, 22 Apr 2026"
    },
    {
      "title": "Beazer Homes CEO Allan Merrill on sustainability and affordability",
      "link": "https://www.housingwire.com/articles/beazer-allan-merrill-sustainability-affordability/",
      "published": "Wed, 22 Apr 2026"
    },
    {
      "title": "How fraud gets stopped in its tracks by real estate and title pros",
      "link": "https://www.housingwire.com/articles/how-fraud-gets-stopped-in-its-tracks-by-real-estate-and-title-pros/",
      "published": "Wed, 22 Apr 2026"
    },
    {
      "title": "FSBO.com launches loan officer portal for consumer-directed listings",
      "link": "https://www.housingwire.com/articles/fsbo-loan-officer-portal/",
      "published": "Wed, 22 Apr 2026"
    },
    {
      "title": "Mortgage industry welcomes new credit score models, urges further reform",
      "link": "https://www.housingwire.com/articles/mortgage-credit-scores/",
      "published": "Wed, 22 Apr 2026"
    },
    {
      "title": "More Than 50,000 Home-Purchase Contracts Fell Through in March",
      "link": "https://www.redfin.com/news/contract-cancellations-march-2026/",
      "published": "Wed, 22 Apr 2026"
    },
    {
      "title": "I Traded My 2.9% Mortgage Rate for a 7.35% Rate to Move to Santa Barbara. I Don’t Regret It, But I Did Refinance.",
      "link": "https://www.redfin.com/news/refinance-personal-essay-2026/",
      "published": "Tue, 21 Apr 2026"
    },
    {
      "title": "U.S. Home Prices Inched Up 0.1% in March",
      "link": "https://www.redfin.com/news/home-price-index-march-2026/",
      "published": "Tue, 21 Apr 2026"
    },
    {
      "title": "Redfin Economists’ Weekly Take: All Eyes on Fed Succession as Mortgage-Rate Swings Ease",
      "link": "https://www.redfin.com/news/weekly-economic-update-april-20-2026/",
      "published": "Tue, 21 Apr 2026"
    },
    {
      "title": "Say hello to the Newfins who joined us in Q1!",
      "link": "https://www.redfin.com/news/q1-2026-agent-hires/",
      "published": "Mon, 20 Apr 2026"
    },
    {
      "title": "Late April Is the Best Time to List a Home For Sale",
      "link": "https://www.redfin.com/news/best-time-to-sell-buy-home/",
      "published": "Mon, 20 Apr 2026"
    }
  ],
  "feed_101020": {
    "macro": [
      {
        "title": "More Than 50,000 Home-Purchase Contracts Fell Through in March",
        "url": "https://www.redfin.com/news/contract-cancellations-march-2026/",
        "what": "13.4% of home-sale agreements that went under contract in March were canceled",
        "numbers": "13.4, 50,000",
        "justified": "redfin.com — https://www.redfin.com/news/contract-cancellations-march-2026/",
        "why": "Relevant development for housing and markets.",
        "market": "Watch second-order effects across builders, lenders, and REITs."
      },
      {
        "title": "I Traded My 2.9% Mortgage Rate for a 7.35% Rate to Move to Santa Barbara. I Don’t Regret It, But I Did Refinance.",
        "url": "https://www.redfin.com/news/refinance-personal-essay-2026/",
        "what": "This was originally published by Inman on April 14, 2026",
        "numbers": "14,, 2026., 7.35, 2024., 6.2, 18",
        "justified": "redfin.com — https://www.redfin.com/news/refinance-personal-essay-2026/",
        "why": "Rates & inflation shape discount rates and housing affordability.",
        "market": "Lower rates support demand/valuations; higher rates pressure builders/REITs and slow transactions."
      },
      {
        "title": "Redfin Economists’ Weekly Take: All Eyes on Fed Succession as Mortgage-Rate Swings Ease",
        "url": "https://www.redfin.com/news/weekly-economic-update-april-20-2026/",