{
  "as_of": "2026-02-05 07:16 UTC",
  "macro": {
    "spx": null,
    "ten_year": {
      "yield_pct": 4.28,
      "delta_bp_1d": -0.9999999999999787
    },
    "mortgage_30y": {
      "rate_pct": 6.1,
      "delta_bp_wow": 0.9999999999999787
    },
    "starts": {
      "level_saar": 1246.0,
      "mom": -0.04594180704441042
    }
  },
  "permits": {
    "florida": {
      "latest": 15200,
      "latest_date": "2025-10",
      "mom": 0.13832097655957454,
      "yoy": 0.14268531047962707,
      "ytd": -0.0034062907667777864,
      "ytd_count": 151261,
      "latest_year": 2025,
      "latest_month_name": "Oct"
    },
    "msa": {
      "Orlando–Kissimmee–Sanford": {
        "total": {
          "latest": 2471,
          "latest_year": 2025,
          "latest_month": 10,
          "latest_month_name": "Oct",
          "mom": 0.2208498023715415,
          "yoy": 0.505789152955515,
          "ytd_yoy": 0.2098518221866239,
          "ytd_count": 24168
        },
        "one_unit": {
          "latest": 1094,
          "latest_year": 2025,
          "latest_month": 10,
          "latest_month_name": "Oct",
          "mom": 0.27803738317757,
          "yoy": -0.09060681629260181,
          "ytd_yoy": -0.03620292083013066,
          "ytd_count": 12539
        },
        "dom": {
          "days": 83,
          "yoy": 0.03750000000000009,
          "as_of": "2025-12"
        }
      },
      "Tampa–St. Petersburg–Clearwater": {
        "total": {
          "latest": 2427,
          "latest_year": 2025,
          "latest_month": 10,
          "latest_month_name": "Oct",
          "mom": 0.5360759493670886,
          "yoy": 1.2939508506616257,
          "ytd_yoy": 0.04073680481757003,
          "ytd_count": 20566
        },
        "one_unit": {
          "latest": 1287,
          "latest_year": 2025,
          "latest_month": 10,
          "latest_month_name": "Oct",
          "mom": 0.2130065975494817,
          "yoy": 0.5,
          "ytd_yoy": -0.015960965927886206,
          "ytd_count": 11899
        },
        "dom": {
          "days": 80,
          "yoy": 0.11111111111111116,
          "as_of": "2025-12"
        }
      },
      "Ocala": {
        "total": {
          "latest": 470,
          "latest_year": 2025,
          "latest_month": 10,
          "latest_month_name": "Oct",
          "mom": 0.09557109557109555,
          "yoy": -0.010526315789473717,
          "ytd_yoy": -0.13937559732398852,
          "ytd_count": 5403
        },
        "one_unit": {
          "latest": 444,
          "latest_year": 2025,
          "latest_month": 10,
          "latest_month_name": "Oct",
          "mom": 0.21643835616438367,
          "yoy": -0.0326797385620915,
          "ytd_yoy": -0.1404255319148936,
          "ytd_count": 4848
        },
        "dom": {
          "days": 87,
          "yoy": 0.15999999999999992,
          "as_of": "2025-12"
        }
      },
      "Palm Bay–Melbourne–Titusville": {
        "total": {
          "latest": 343,
          "latest_year": 2025,
          "latest_month": 10,
          "latest_month_name": "Oct",
          "mom": -0.46406250000000004,
          "yoy": -0.51,
          "ytd_yoy": -0.004406428201140455,
          "ytd_count": 3841
        },
        "one_unit": {
          "latest": 343,
          "latest_year": 2025,
          "latest_month": 10,
          "latest_month_name": "Oct",
          "mom": 0.26102941176470584,
          "yoy": 0.026946107784431073,
          "ytd_yoy": -0.11307311028500622,
          "ytd_count": 2863
        },
        "dom": {
          "days": 78,
          "yoy": 0.040000000000000036,
          "as_of": "2025-12"
        }
      }
    }
  },
  "watchlist": [],
  "feed": [
    {
      "title": "Washington seeks to reset ground-floor retail rules for residential buildings",
      "link": "https://www.housingwire.com/articles/washington-ground-floor-mandates/",
      "published": "Wed, 04 Feb 2026"
    },
    {
      "title": "Long & Foster’s next chapter: Lacey Conway eyes growth, capture and consolidation",
      "link": "https://www.housingwire.com/articles/lacey-conway-long-foster/",
      "published": "Wed, 04 Feb 2026"
    },
    {
      "title": "The best offense is a leaner, meaner next drive: Century’s playbook",
      "link": "https://www.housingwire.com/articles/century-defense-playbook-q4-2025/",
      "published": "Wed, 04 Feb 2026"
    },
    {
      "title": "Georgia legislation would curb HOA foreclosures as senior fights loss of his house",
      "link": "https://www.housingwire.com/articles/georgia-lawmakers-hoa-foreclosures/",
      "published": "Wed, 04 Feb 2026"
    },
    {
      "title": "More activist investors push CoStar to exit Homes.com business",
      "link": "https://www.housingwire.com/articles/costar-divest-shutdown-homes/",
      "published": "Wed, 04 Feb 2026"
    },
    {
      "title": "Out-of-pocket health care costs eat up retirees’ income",
      "link": "https://www.housingwire.com/articles/out-of-pocket-health-care-costs-retirement/",
      "published": "Wed, 04 Feb 2026"
    },
    {
      "title": "The Great American Home Search: Redfin’s Big Game Debut Kicks Off a Scavenger Hunt for $1 Million Home",
      "link": "https://www.redfin.com/news/announcing-great-american-home-search/",
      "published": "Wed, 04 Feb 2026"
    },
    {
      "title": "Minneapolis Pending Home Sales Dropped Nearly 20% in January, New Listings Fell 5%",
      "link": "https://www.redfin.com/news/minneapolis-housing-market-update/",
      "published": "Tue, 03 Feb 2026"
    },
    {
      "title": "Luxury Home Prices Keep Climbing Despite Sluggish Demand",
      "link": "https://www.redfin.com/news/luxury-homes-market-q4-2025/",
      "published": "Tue, 03 Feb 2026"
    },
    {
      "title": "Black Gen Zers and Millennials Are Half As Likely to Own Their Home As White Counterparts",
      "link": "https://www.redfin.com/news/homeownership-rate-by-race-2025/",
      "published": "Tue, 03 Feb 2026"
    },
    {
      "title": "Redfin Economists’ Weekly Take: Mortgage Rates Tick Up After Strong Manufacturing Report, Key Jobs Data Delayed",
      "link": "https://www.redfin.com/news/weekly-economic-update-manufacturing-report/",
      "published": "Mon, 02 Feb 2026"
    },
    {
      "title": "How Climate Disasters Turn Homeowners Into Renters",
      "link": "https://www.redfin.com/news/climate-disasters-homeowners-renters/",
      "published": "Mon, 02 Feb 2026"
    }
  ],
  "feed_101020": {
    "macro": [
      {
        "title": "Redfin Economists’ Weekly Take: Mortgage Rates Tick Up After Strong Manufacturing Report, Key Jobs Data Delayed",
        "url": "https://www.redfin.com/news/weekly-economic-update-manufacturing-report/",
        "what": "This Week In A Nutshell: Rates have drifted slightly higher today after a surprisingly strong ISM (Institute for Supply Management) report suggesting more robust manufacturing activity",
        "numbers": "",
        "justified": "redfin.com — https://www.redfin.com/news/weekly-economic-update-manufacturing-report/",
        "why": "Rates & inflation shape discount rates and housing affordability.",
        "market": "Lower rates support demand/valuations; higher rates pressure builders/REITs and slow transactions."
      }
    ],
    "housing": [
      {
        "title": "Washington seeks to reset ground-floor retail rules for residential buildings",
        "url": "https://www.housingwire.com/articles/washington-ground-floor-mandates/",
        "what": "A fight over ground-floor retail mandates could become one of the most consequential zoning debates of 2026, with Washington state lawmakers moving to curb mandatory storefronts in new residential buildings",
        "numbers": "2026,, 30,000",
        "justified": "housingwire.com — https://www.housingwire.com/articles/washington-ground-floor-mandates/",
        "why": "Relevant development for housing and markets.",