{
  "as_of": "2026-04-09 14:14 UTC",
  "macro": {
    "spx": null,
    "ten_year": {
      "yield_pct": 4.33,
      "delta_bp_1d": -0.9999999999999787
    },
    "mortgage_30y": {
      "rate_pct": 6.46,
      "delta_bp_wow": 8.000000000000007
    },
    "starts": {
      "level_saar": 1487.0,
      "mom": 0.07209805335255948
    }
  },
  "permits": {
    "florida": {
      "latest": 11132,
      "latest_date": "2026-01",
      "mom": -0.15794251134644477,
      "yoy": -0.3402086296823139,
      "ytd": -0.3402086296823139,
      "ytd_count": 11132,
      "latest_year": 2026,
      "latest_month_name": "Jan"
    },
    "msa": {
      "Orlando–Kissimmee–Sanford": {
        "total": {
          "latest": 1394,
          "latest_year": 2026,
          "latest_month": 1,
          "latest_month_name": "Jan",
          "mom": -0.3611365719523373,
          "yoy": -0.6161894273127753,
          "ytd_yoy": -0.6161894273127753,
          "ytd_count": 1394
        },
        "one_unit": {
          "latest": 956,
          "latest_year": 2026,
          "latest_month": 1,
          "latest_month_name": "Jan",
          "mom": 0.10520231213872822,
          "yoy": -0.3137114142139268,
          "ytd_yoy": -0.3137114142139268,
          "ytd_count": 956
        },
        "dom": {
          "days": 67,
          "yoy": 0.1166666666666667,
          "as_of": "2026-03"
        }
      },
      "Tampa–St. Petersburg–Clearwater": {
        "total": {
          "latest": 1255,
          "latest_year": 2026,
          "latest_month": 1,
          "latest_month_name": "Jan",
          "mom": 0.017842660178426506,
          "yoy": -0.42219152854511965,
          "ytd_yoy": -0.42219152854511965,
          "ytd_count": 1255
        },
        "one_unit": {
          "latest": 1120,
          "latest_year": 2026,
          "latest_month": 1,
          "latest_month_name": "Jan",
          "mom": 0.20042872454448024,
          "yoy": 0.02658111824014675,
          "ytd_yoy": 0.02658111824014675,
          "ytd_count": 1120
        },
        "dom": {
          "days": 66,
          "yoy": 0.1578947368421053,
          "as_of": "2026-03"
        }
      },
      "Ocala": {
        "total": {
          "latest": 504,
          "latest_year": 2026,
          "latest_month": 1,
          "latest_month_name": "Jan",
          "mom": 0.23529411764705888,
          "yoy": -0.2186046511627907,
          "ytd_yoy": -0.2186046511627907,
          "ytd_count": 504
        },
        "one_unit": {
          "latest": 486,
          "latest_year": 2026,
          "latest_month": 1,
          "latest_month_name": "Jan",
          "mom": 0.21500000000000008,
          "yoy": -0.18592964824120606,
          "ytd_yoy": -0.18592964824120606,
          "ytd_count": 486
        },
        "dom": {
          "days": 74,
          "yoy": 0.1212121212121211,
          "as_of": "2026-03"
        }
      },
      "Palm Bay–Melbourne–Titusville": {
        "total": {
          "latest": 198,
          "latest_year": 2026,
          "latest_month": 1,
          "latest_month_name": "Jan",
          "mom": -0.6292134831460674,
          "yoy": -0.5560538116591929,
          "ytd_yoy": -0.5560538116591929,
          "ytd_count": 198
        },
        "one_unit": {
          "latest": 198,
          "latest_year": 2026,
          "latest_month": 1,
          "latest_month_name": "Jan",
          "mom": -0.2639405204460966,
          "yoy": -0.28776978417266186,
          "ytd_yoy": -0.28776978417266186,
          "ytd_count": 198
        },
        "dom": {
          "days": 64,
          "yoy": 0.0847457627118644,
          "as_of": "2026-03"
        }
      }
    }
  },
  "watchlist": [],
  "feed": [
    {
      "title": "Veterans United: Bank of mom and dad propels next generation of homebuyers",
      "link": "https://www.housingwire.com/articles/bank-of-mom-and-dad-homebuyer-support-veterans-united-survey/",
      "published": "Thu, 09 Apr 2026"
    },
    {
      "title": "GTIS Partners, Hovnanian close $200M JV targeting seven for-sale communities",
      "link": "https://www.housingwire.com/articles/gtis-hovnanian-jv-announcement/",
      "published": "Thu, 09 Apr 2026"
    },
    {
      "title": "A post-New Urban master plan: Colby Cox’s quest for timeless balance",
      "link": "https://www.housingwire.com/articles/post-new-urbanist-master-planned-community-granary/",
      "published": "Thu, 09 Apr 2026"
    },
    {
      "title": "Dwight Sandlin’s 2026 spring-selling survive-to-thrive guide",
      "link": "https://www.housingwire.com/articles/dwight-sandlins-2026-spring-selling-survive-to-thrive-guide/",
      "published": "Thu, 09 Apr 2026"
    },
    {
      "title": "Why real estate investors are done waiting",
      "link": "https://www.housingwire.com/articles/why-real-estate-investors-are-done-waiting/",
      "published": "Thu, 09 Apr 2026"
    },
    {
      "title": "Minimum residential lot size dispute heats up in a Texas county",
      "link": "https://www.housingwire.com/articles/texas-minimum-residential-lot-size/",
      "published": "Wed, 08 Apr 2026"
    },
    {
      "title": "A Record 34% of February Home Sellers Cut Their List Price",
      "link": "https://www.redfin.com/news/home-price-cuts-2026/",
      "published": "Thu, 09 Apr 2026"
    },
    {
      "title": "Pending Home Sales Post Biggest Decline in 3 Months as High Rates, Iran War Chill Market",
      "link": "https://www.redfin.com/news/housing-market-update-pending-home-sales-decline-market-chill/",
      "published": "Thu, 09 Apr 2026"
    },
    {
      "title": "Redfin Economists’ Weekly Take: Iran War Drives Mortgage Rate Volatility as Markets Brace for Inflation Data",
      "link": "https://www.redfin.com/news/weekly-economic-update-april-6-2026/",
      "published": "Mon, 06 Apr 2026"
    },
    {
      "title": "Ryanair Co-Founder Restored an 18th Century Village in Ireland and Now It’s Up for Sale for $23 Million",
      "link": "https://www.redfin.com/news/ireland-village-at-lyons-sale/",
      "published": "Fri, 03 Apr 2026"
    },
    {
      "title": "Seemingly Strong March Jobs Report Won’t Impact Mortgage Rates Much",
      "link": "https://www.redfin.com/news/jobs-report-march-2026/",
      "published": "Fri, 03 Apr 2026"
    },
    {
      "title": "The Great Housing Mismatch: Empty Nesters Own 28% of the Nation’s Large Homes, Millennial Families Own 16%",
      "link": "https://www.redfin.com/news/empty-nest-large-homes-2026/",
      "published": "Thu, 02 Apr 2026"
    }
  ],
  "feed_101020": {
    "macro": [
      {
        "title": "Pending Home Sales Post Biggest Decline in 3 Months as High Rates, Iran War Chill Market",
        "url": "https://www.redfin.com/news/housing-market-update-pending-home-sales-decline-market-chill/",
        "what": "Easter weekend also sidelined many would-be buyers",
        "numbers": "2.4, 5,, 15.5, 15.4, 15.3, 3",
        "justified": "redfin.com — https://www.redfin.com/news/housing-market-update-pending-home-sales-decline-market-chill/",
        "why": "Rates & inflation shape discount rates and housing affordability.",
        "market": "Lower rates support demand/valuations; higher rates pressure builders/REITs and slow transactions."
      },
      {
        "title": "Why real estate investors are done waiting",
        "url": "https://www.housingwire.com/articles/why-real-estate-investors-are-done-waiting/",
        "what": "Picture this: a real estate investor has spent months trying to source the perfect fix and flip deal",
        "numbers": "30, 6",
        "justified": "housingwire.com — https://www.housingwire.com/articles/why-real-estate-investors-are-done-waiting/",
        "why": "Rates & inflation shape discount rates and housing affordability.",