{
  "as_of": "2026-03-20 13:34 UTC",
  "macro": {
    "spx": null,
    "ten_year": {
      "yield_pct": 4.26,
      "delta_bp_1d": 5.999999999999961
    },
    "mortgage_30y": {
      "rate_pct": 6.22,
      "delta_bp_wow": 10.999999999999943
    },
    "starts": {
      "level_saar": 1487.0,
      "mom": 0.07209805335255948
    }
  },
  "permits": {
    "florida": {
      "latest": 13220,
      "latest_date": "2025-12",
      "mom": 0.3696643182760049,
      "yoy": 0.10590597289610182,
      "ytd": -0.002057400912362728,
      "ytd_count": 174133,
      "latest_year": 2025,
      "latest_month_name": "Dec"
    },
    "msa": {
      "Orlando–Kissimmee–Sanford": {
        "total": {
          "latest": 2182,
          "latest_year": 2025,
          "latest_month": 12,
          "latest_month_name": "Dec",
          "mom": 1.0900383141762453,
          "yoy": 0.011121408711770142,
          "ytd_yoy": 0.16461185273361112,
          "ytd_count": 27394
        },
        "one_unit": {
          "latest": 865,
          "latest_year": 2025,
          "latest_month": 12,
          "latest_month_name": "Dec",
          "mom": 0.11901681759379046,
          "yoy": -0.348644578313253,
          "ytd_yoy": -0.09051834744675391,
          "ytd_count": 14177
        },
        "dom": {
          "days": 82,
          "yoy": 0.10810810810810811,
          "as_of": "2026-02"
        }
      },
      "Tampa–St. Petersburg–Clearwater": {
        "total": {
          "latest": 1233,
          "latest_year": 2025,
          "latest_month": 12,
          "latest_month_name": "Dec",
          "mom": 0.020695364238410674,
          "yoy": 0.2992623814541622,
          "ytd_yoy": 0.06361240811797875,
          "ytd_count": 23007
        },
        "one_unit": {
          "latest": 933,
          "latest_year": 2025,
          "latest_month": 12,
          "latest_month_name": "Dec",
          "mom": 0.07986111111111116,
          "yoy": 0.015233949945593128,
          "ytd_yoy": -0.015809140557631496,
          "ytd_count": 13696
        },
        "dom": {
          "days": 80,
          "yoy": 0.21212121212121215,
          "as_of": "2026-02"
        }
      },
      "Ocala": {
        "total": {
          "latest": 408,
          "latest_year": 2025,
          "latest_month": 12,
          "latest_month_name": "Dec",
          "mom": 1.3448275862068964,
          "yoy": -0.02857142857142858,
          "ytd_yoy": -0.15358506576156128,
          "ytd_count": 5985
        },
        "one_unit": {
          "latest": 400,
          "latest_year": 2025,
          "latest_month": 12,
          "latest_month_name": "Dec",
          "mom": 1.3255813953488373,
          "yoy": -0.014778325123152691,
          "ytd_yoy": -0.15431424559213602,
          "ytd_count": 5420
        },
        "dom": {
          "days": 91,
          "yoy": 0.2816901408450705,
          "as_of": "2026-02"
        }
      },
      "Palm Bay–Melbourne–Titusville": {
        "total": {
          "latest": 534,
          "latest_year": 2025,
          "latest_month": 12,
          "latest_month_name": "Dec",
          "mom": 1.2066115702479339,
          "yoy": 0.5213675213675213,
          "ytd_yoy": -0.0004329941545788696,
          "ytd_count": 4617
        },
        "one_unit": {
          "latest": 269,
          "latest_year": 2025,
          "latest_month": 12,
          "latest_month_name": "Dec",
          "mom": 0.1350210970464134,
          "yoy": -0.2157434402332361,
          "ytd_yoy": -0.13548883756735952,
          "ytd_count": 3369
        },
        "dom": {
          "days": 72,
          "yoy": 0.07462686567164178,
          "as_of": "2026-02"
        }
      }
    }
  },
  "watchlist": [],
  "feed": [
    {
      "title": "Daiwa House deal adds Washington foothold as Trumark buys JK Monarch",
      "link": "https://www.housingwire.com/articles/daiwa-trumark-jk-monarch/",
      "published": "Fri, 20 Mar 2026"
    },
    {
      "title": "Why policy looks different from the business side — And why advocacy is strategy",
      "link": "https://www.housingwire.com/articles/why-policy-looks-different-from-the-business-side-and-why-advocacy-is-strategy/",
      "published": "Fri, 20 Mar 2026"
    },
    {
      "title": "Lower rates aren’t enough: What mortgage lenders and servicers must do to set spring homebuyers up for long-term success",
      "link": "https://www.housingwire.com/articles/lower-rates-arent-enough-what-mortgage-lenders-and-servicers-must-do-to-set-spring-homebuyers-up-for-long-term-success/",
      "published": "Fri, 20 Mar 2026"
    },
    {
      "title": "January new home sales fall 17.6%, weather and rates in focus",
      "link": "https://www.housingwire.com/articles/new-home-sales-january/",
      "published": "Thu, 19 Mar 2026"
    },
    {
      "title": "How policy uncertainty is reshaping senior retirement plans",
      "link": "https://www.housingwire.com/articles/policy-uncertainty-reshaping-senior-retirement-plans/",
      "published": "Thu, 19 Mar 2026"
    },
    {
      "title": "BFS CEO Jackson maps a bigger role in homebuilding workflows",
      "link": "https://www.housingwire.com/articles/builders-firstsource-ceo-peter-jackson/",
      "published": "Thu, 19 Mar 2026"
    },
    {
      "title": "3 in 5 Americans Fear AI Could Replace Jobs, Making it Harder to Afford Homes",
      "link": "https://www.redfin.com/news/survey-ai-fears-housing-affordability/",
      "published": "Fri, 20 Mar 2026"
    },
    {
      "title": "Homebuyers Can Afford to Take Their Time Heading Into Spring 2026",
      "link": "https://www.redfin.com/news/homebuyers-taking-their-time-2026/",
      "published": "Thu, 19 Mar 2026"
    },
    {
      "title": "Today’s Homebuyers Save $150 a Month By Choosing an Adjustable-Rate Mortgage–The Biggest Discount Since 2022",
      "link": "https://www.redfin.com/news/adjustable-rate-mortgage-savings/",
      "published": "Thu, 19 Mar 2026"
    },
    {
      "title": "Mortgage Rates Jump Back Above 6% As Pending Home Sales, New Listings Post Small Improvements",
      "link": "https://www.redfin.com/news/housing-market-update-mortgage-rates-rise-sales-improve/",
      "published": "Thu, 19 Mar 2026"
    },
    {
      "title": "Mortgage Rates Could Nudge Slightly Higher As Fed Holds Rates Steady, Flags Inflation Risk",
      "link": "https://www.redfin.com/news/fed-meeting-march-18/",
      "published": "Wed, 18 Mar 2026"
    },
    {
      "title": "The Top 20% of Earners Hold Nearly 60% of America’s Real Estate Wealth",
      "link": "https://www.redfin.com/news/real-estate-wealth-by-income/",
      "published": "Wed, 18 Mar 2026"
    }
  ],
  "feed_101020": {
    "macro": [
      {
        "title": "3 in 5 Americans Fear AI Could Replace Jobs, Making it Harder to Afford Homes",
        "url": "https://www.redfin.com/news/survey-ai-fears-housing-affordability/",
        "what": "Just 30% of Americans believe advances in AI will help boost the economy and help more people afford homes, according to a recent Redfin survey",
        "numbers": "30, 3, 5",
        "justified": "redfin.com — https://www.redfin.com/news/survey-ai-fears-housing-affordability/",
        "why": "Rates & inflation shape discount rates and housing affordability.",
        "market": "Lower rates support demand/valuations; higher rates pressure builders/REITs and slow transactions."
      },
      {
        "title": "Lower rates aren’t enough: What mortgage lenders and servicers must do to set spring homebuyers up for long-term success",
        "url": "https://www.housingwire.com/articles/lower-rates-arent-enough-what-mortgage-lenders-and-servicers-must-do-to-set-spring-homebuyers-up-for-long-term-success/",
        "what": "As the spring homebuying season approaches, mortgage lenders and servicers are watching closely for signs of a long‑awaited inflection point",
        "numbers": "",