{
  "as_of": "2026-05-08 14:16 UTC",
  "macro": {
    "spx": null,
    "ten_year": {
      "yield_pct": 4.36,
      "delta_bp_1d": -6.99999999999994
    },
    "mortgage_30y": {
      "rate_pct": 6.37,
      "delta_bp_wow": 7.000000000000028
    },
    "starts": {
      "level_saar": 1502.0,
      "mom": 0.10766961651917395
    }
  },
  "permits": {
    "florida": {
      "latest": 12449,
      "latest_date": "2026-03",
      "mom": 0.03054635761589397,
      "yoy": -0.15719991875973194,
      "ytd": -0.23309677419354835,
      "ytd_count": 35661,
      "latest_year": 2026,
      "latest_month_name": "Mar"
    },
    "msa": {
      "Orlando–Kissimmee–Sanford": {
        "total": {
          "latest": 1432,
          "latest_year": 2026,
          "latest_month": 3,
          "latest_month_name": "Mar",
          "mom": 0.07426856714178554,
          "yoy": -0.5466919911364356,
          "ytd_yoy": -0.542715777899945,
          "ytd_count": 4159
        },
        "one_unit": {
          "latest": 1122,
          "latest_year": 2026,
          "latest_month": 3,
          "latest_month_name": "Mar",
          "mom": 0.2411504424778761,
          "yoy": -0.1816192560175055,
          "ytd_yoy": -0.2602331927561399,
          "ytd_count": 2982
        },
        "dom": {
          "days": 68,
          "yoy": 0.09677419354838701,
          "as_of": "2026-04"
        }
      },
      "Tampa–St. Petersburg–Clearwater": {
        "total": {
          "latest": 1586,
          "latest_year": 2026,
          "latest_month": 3,
          "latest_month_name": "Mar",
          "mom": -0.10698198198198194,
          "yoy": 0.1696165191740413,
          "ytd_yoy": -0.12903225806451613,
          "ytd_count": 4617
        },
        "one_unit": {
          "latest": 1176,
          "latest_year": 2026,
          "latest_month": 3,
          "latest_month_name": "Mar",
          "mom": 0.01906412478336228,
          "yoy": -0.028099173553719048,
          "ytd_yoy": 0.08082706766917291,
          "ytd_count": 3450
        },
        "dom": {
          "days": 67,
          "yoy": 0.15517241379310343,
          "as_of": "2026-04"
        }
      },
      "Ocala": {
        "total": {
          "latest": 618,
          "latest_year": 2026,
          "latest_month": 3,
          "latest_month_name": "Mar",
          "mom": 0.006514657980456029,
          "yoy": -0.07067669172932334,
          "ytd_yoy": -0.09677419354838712,
          "ytd_count": 1736
        },
        "one_unit": {
          "latest": 618,
          "latest_year": 2026,
          "latest_month": 3,
          "latest_month_name": "Mar",
          "mom": 0.04391891891891886,
          "yoy": 0.08231173380035028,
          "ytd_yoy": -0.033067274800456126,
          "ytd_count": 1696
        },
        "dom": {
          "days": 75,
          "yoy": 0.13636363636363646,
          "as_of": "2026-04"
        }
      },
      "Palm Bay–Melbourne–Titusville": {
        "total": {
          "latest": 330,
          "latest_year": 2026,
          "latest_month": 3,
          "latest_month_name": "Mar",
          "mom": 0.346938775510204,
          "yoy": 0.13793103448275867,
          "ytd_yoy": -0.22699999999999998,
          "ytd_count": 773
        },
        "one_unit": {
          "latest": 330,
          "latest_year": 2026,
          "latest_month": 3,
          "latest_month_name": "Mar",
          "mom": 0.346938775510204,
          "yoy": 0.13793103448275867,
          "ytd_yoy": -0.06416464891041163,
          "ytd_count": 773
        },
        "dom": {
          "days": 67,
          "yoy": 0.09836065573770503,
          "as_of": "2026-04"
        }
      }
    }
  },
  "watchlist": [],
  "feed": [
    {
      "title": "Growth starts with risk: Amy Butler on leadership, culture and scaling success",
      "link": "https://www.housingwire.com/articles/growth-starts-with-risk-amy-butler-on-leadership-culture-and-scaling-success/",
      "published": "Fri, 08 May 2026"
    },
    {
      "title": "CCM raises Two Harbors offer to $12 to fend off UWM",
      "link": "https://www.housingwire.com/articles/ccm-two-harbors-bid/",
      "published": "Fri, 08 May 2026"
    },
    {
      "title": "Innovation through mortgage advocacy: Why our industry needs to stop treating policy like background noise",
      "link": "https://www.housingwire.com/articles/mortgage-policy-advocacy-risk/",
      "published": "Fri, 08 May 2026"
    },
    {
      "title": "For solutions to the housing affordability crisis, we need to use every tool available",
      "link": "https://www.housingwire.com/articles/for-solutions-to-the-housing-affordability-crisis-we-need-to-use-every-tool-available/",
      "published": "Fri, 08 May 2026"
    },
    {
      "title": "Mortgage’s AI crisis is coming. The industry isn’t ready to talk about it.",
      "link": "https://www.housingwire.com/articles/mortgages-ai-crisis-is-coming-the-industry-isnt-ready-to-talk-about-it/",
      "published": "Fri, 08 May 2026"
    },
    {
      "title": "Mario Alvarez Jr. brings $1B+ track record to eXp Commercial",
      "link": "https://www.housingwire.com/articles/mario-alvarez-jr-brings-1b-track-record-to-exp-commercial/",
      "published": "Thu, 07 May 2026"
    },
    {
      "title": "Mortgage Rates Likely to Hold Steady After April Jobs Report Shows Stronger Hiring, Softer Wages",
      "link": "https://www.redfin.com/news/april-2026-jobs-report/",
      "published": "Fri, 08 May 2026"
    },
    {
      "title": "The Price Point: What $250,000 Buys in These Best Cities for New Grads",
      "link": "https://www.redfin.com/news/the-price-point-what-250000-buys-best-cities-new-college-grads/",
      "published": "Fri, 08 May 2026"
    },
    {
      "title": "Just Listed in Texas: A $12 Million Lakefront Estate That’s Luxurious Inside and Out",
      "link": "https://www.redfin.com/news/3104-rivercrest-drive-austin-texas-listing/",
      "published": "Thu, 07 May 2026"
    },
    {
      "title": "Should You Buy a Home Before Getting Married? Economist Says Yes.",
      "link": "https://www.redfin.com/news/should-you-buy-a-home-before-getting-married/",
      "published": "Thu, 07 May 2026"
    },
    {
      "title": "Viral HomeGoods Finds Are Everywhere—Here’s How to Use Them to Boost Your Home’s Value",
      "link": "https://www.redfin.com/news/viral-homegoods-finds-how-to-use-to-boost-home-value/",
      "published": "Thu, 07 May 2026"
    },
    {
      "title": "Pending Home Sales Hit Highest Level in Nearly 4 Years",
      "link": "https://www.redfin.com/news/pending-home-sales-rise-spring/",
      "published": "Thu, 07 May 2026"
    }
  ],
  "feed_101020": {
    "macro": [
      {
        "title": "Mortgage Rates Likely to Hold Steady After April Jobs Report Shows Stronger Hiring, Softer Wages",
        "url": "https://www.redfin.com/news/april-2026-jobs-report/",
        "what": "Takeaway: A mixed bag April jobs report will keep mortgage rates mostly steady as stronger-than-expected hiring lowers recession risk",
        "numbers": "",
        "justified": "redfin.com — https://www.redfin.com/news/april-2026-jobs-report/",
        "why": "Rates & inflation shape discount rates and housing affordability.",
        "market": "Lower rates support demand/valuations; higher rates pressure builders/REITs and slow transactions."
      },
      {
        "title": "For solutions to the housing affordability crisis, we need to use every tool available",
        "url": "https://www.housingwire.com/articles/for-solutions-to-the-housing-affordability-crisis-we-need-to-use-every-tool-available/",
        "what": "Across the country, roughly 65% of households are priced out of the median-priced new home",
        "numbers": "65",
        "justified": "housingwire.com — https://www.housingwire.com/articles/for-solutions-to-the-housing-affordability-crisis-we-need-to-use-every-tool-available/",