{
  "as_of": "2025-09-26 20:31 UTC",
  "macro": {
    "spx": null,
    "ten_year": {
      "yield_pct": 4.18,
      "delta_bp_1d": 1.9999999999999574
    },
    "mortgage_30y": {
      "rate_pct": 6.3,
      "delta_bp_wow": 4.0000000000000036
    },
    "starts": {
      "level_saar": 1307.0,
      "mom": -0.08537438768369487
    }
  },
  "permits": {
    "florida": {
      "latest": 13594,
      "latest_date": "2025-08",
      "mom": -0.0727781188186345,
      "yoy": -0.13226094727435211,
      "ytd": -0.026868417713488135,
      "ytd_count": 122708,
      "latest_year": 2025,
      "latest_month_name": "Aug"
    },
    "msa": {
      "Orlando–Kissimmee–Sanford": {
        "total": {
          "latest": 1649,
          "latest_year": 2025,
          "latest_month": 8,
          "latest_month_name": "Aug",
          "mom": -0.20797310278578285,
          "yoy": -0.16336884830035514,
          "ytd_yoy": 0.20390428982314424,
          "ytd_count": 19673
        },
        "one_unit": {
          "latest": 927,
          "latest_year": 2025,
          "latest_month": 8,
          "latest_month_name": "Aug",
          "mom": -0.12793979303857006,
          "yoy": -0.382,
          "ytd_yoy": 0.008284136354979932,
          "ytd_count": 10589
        },
        "dom": {
          "days": 77,
          "yoy": 0.22222222222222232,
          "as_of": "2025-08"
        }
      },
      "Tampa–St. Petersburg–Clearwater": {
        "total": {
          "latest": 2908,
          "latest_year": 2025,
          "latest_month": 8,
          "latest_month_name": "Aug",
          "mom": 0.6645678305666858,
          "yoy": 0.465725806451613,
          "ytd_yoy": -0.06499153020892157,
          "ytd_count": 16559
        },
        "one_unit": {
          "latest": 1324,
          "latest_year": 2025,
          "latest_month": 8,
          "latest_month_name": "Aug",
          "mom": 0.16140350877192988,
          "yoy": 0.2526017029328287,
          "ytd_yoy": -0.09323079844298865,
          "ytd_count": 9551
        },
        "dom": {
          "days": 77,
          "yoy": 0.203125,
          "as_of": "2025-08"
        }
      },
      "Ocala": {
        "total": {
          "latest": 461,
          "latest_year": 2025,
          "latest_month": 8,
          "latest_month_name": "Aug",
          "mom": 0.0453514739229024,
          "yoy": 0.0453514739229024,
          "ytd_yoy": -0.1361718450326045,
          "ytd_count": 4504
        },
        "one_unit": {
          "latest": 451,
          "latest_year": 2025,
          "latest_month": 8,
          "latest_month_name": "Aug",
          "mom": 0.09200968523002429,
          "yoy": 0.0562060889929743,
          "ytd_yoy": -0.12195652173913041,
          "ytd_count": 4039
        },
        "dom": {
          "days": 78,
          "yoy": 0.18181818181818188,
          "as_of": "2025-08"
        }
      },
      "Palm Bay–Melbourne–Titusville": {
        "total": {
          "latest": 391,
          "latest_year": 2025,
          "latest_month": 8,
          "latest_month_name": "Aug",
          "mom": -0.28519195612431447,
          "yoy": 0.3076923076923077,
          "ytd_yoy": 0.03214156735283491,
          "ytd_count": 2858
        },
        "one_unit": {
          "latest": 239,
          "latest_year": 2025,
          "latest_month": 8,
          "latest_month_name": "Aug",
          "mom": -0.13090909090909086,
          "yoy": -0.2006688963210702,
          "ytd_yoy": -0.10545165141265422,
          "ytd_count": 2248
        },
        "dom": {
          "days": 75,
          "yoy": 0.15384615384615374,
          "as_of": "2025-08"
        }
      }
    }
  },
  "watchlist": [],
  "feed": [
    {
      "title": "Bipartisan RESIDE Act aims to convert vacant spaces into housing",
      "link": "https://www.housingwire.com/articles/reside-act-vacant-spaces-housing/",
      "published": "Fri, 26 Sep 2025"
    },
    {
      "title": "Realtor association tools driving member success",
      "link": "https://www.housingwire.com/articles/realtor-associations-tools-member-success/",
      "published": "Fri, 26 Sep 2025"
    },
    {
      "title": "NAR pegs former Etihad exec to lead event strategy",
      "link": "https://www.housingwire.com/articles/nar-appoints-amanda-whitehead-event-strategy/",
      "published": "Fri, 26 Sep 2025"
    },
    {
      "title": "Douglas Elliman investigated over insider trading: Reuters",
      "link": "https://www.housingwire.com/articles/douglas-elliman-insider-trading-investigation-reuters/",
      "published": "Fri, 26 Sep 2025"
    },
    {
      "title": "NFIP set to expire as shutdown, disaster seasons collide",
      "link": "https://www.housingwire.com/articles/national-flood-insurance-program-government-shutdown/",
      "published": "Fri, 26 Sep 2025"
    },
    {
      "title": "Government shutdown looms large for real estate, mortgage",
      "link": "https://www.housingwire.com/articles/government-shutdown-real-estate-mortgage-impact/",
      "published": "Fri, 26 Sep 2025"
    },
    {
      "title": "Pending Home Sales Post First Decline in 3 Months, Even As Mortgage Rates Drop",
      "link": "https://www.redfin.com/news/housing-market-update-pending-sales-rates-fall/",
      "published": "Thu, 25 Sep 2025"
    },
    {
      "title": "August’s Most Expensive Home Sales: Rosie O’Donnell’s Former Miami Mansion, Kauai Compound Once Owned by Julia Roberts",
      "link": "https://www.redfin.com/news/most-expensive-home-sales-august-2025/",
      "published": "Wed, 24 Sep 2025"
    },
    {
      "title": "High Housing Costs Are Pushing Some Americans to Make Major Family Sacrifices, Like Delaying Having Kids Or Giving Up Pets",
      "link": "https://www.redfin.com/news/survey-homebuyers-renters-family-sacrifices/",
      "published": "Tue, 23 Sep 2025"
    },
    {
      "title": "U.S. Home Prices Ticked Up 0.2% in August",
      "link": "https://www.redfin.com/news/home-price-index-august-2025/",
      "published": "Tue, 23 Sep 2025"
    },
    {
      "title": "Redfin Economists’ Weekly Take: Fed Speeches May Offer Clues About Future Rate Cuts",
      "link": "https://www.redfin.com/news/weekly-economics-update-september-22/",
      "published": "Mon, 22 Sep 2025"
    },
    {
      "title": "Summer 2025 Was the Strongest Buyer’s Market in Records Dating Back Over a Decade",
      "link": "https://www.redfin.com/news/buyers-vs-sellers-august-2025/",
      "published": "Mon, 22 Sep 2025"
    }
  ],
  "feed_101020": {
    "macro": [
      {
        "title": "Pending Home Sales Post First Decline in 3 Months, Even As Mortgage Rates Drop",
        "url": "https://www.redfin.com/news/housing-market-update-pending-sales-rates-fall/",
        "what": "Pending Home Sales Post First Decline in 3 Months, Even As Mortgage Rates Drop",
        "numbers": "",
        "justified": "redfin.com — https://www.redfin.com/news/housing-market-update-pending-sales-rates-fall/",
        "why": "",
        "market": ""
      },
      {
        "title": "Redfin Economists’ Weekly Take: Fed Speeches May Offer Clues About Future Rate Cuts",
        "url": "https://www.redfin.com/news/weekly-economics-update-september-22/",
        "what": "Redfin Economists’ Weekly Take: Fed Speeches May Offer Clues About Future Rate Cuts",
        "numbers": "",
        "justified": "redfin.com — https://www.redfin.com/news/weekly-economics-update-september-22/",
        "why": "",
        "market": ""
      }
    ],
    "housing": [
      {
        "title": "Bipartisan RESIDE Act aims to convert vacant spaces into housing",
        "url": "https://www.housingwire.com/articles/reside-act-vacant-spaces-housing/",
        "what": "Bipartisan RESIDE Act aims to convert vacant spaces into housing",
        "numbers": "",
        "justified": "housingwire.com — https://www.housingwire.com/articles/reside-act-vacant-spaces-housing/",
        "why": "",