{
  "as_of": "2026-05-14 13:03 UTC",
  "macro": {
    "spx": null,
    "ten_year": {
      "yield_pct": 4.46,
      "delta_bp_1d": 4.0000000000000036
    },
    "mortgage_30y": {
      "rate_pct": 6.37,
      "delta_bp_wow": 7.000000000000028
    },
    "starts": {
      "level_saar": 1502.0,
      "mom": 0.10766961651917395
    }
  },
  "permits": {
    "florida": {
      "latest": 12449,
      "latest_date": "2026-03",
      "mom": 0.03054635761589397,
      "yoy": -0.15719991875973194,
      "ytd": -0.23309677419354835,
      "ytd_count": 35661,
      "latest_year": 2026,
      "latest_month_name": "Mar"
    },
    "msa": {
      "Orlando–Kissimmee–Sanford": {
        "total": {
          "latest": 1432,
          "latest_year": 2026,
          "latest_month": 3,
          "latest_month_name": "Mar",
          "mom": 0.07426856714178554,
          "yoy": -0.5466919911364356,
          "ytd_yoy": -0.542715777899945,
          "ytd_count": 4159
        },
        "one_unit": {
          "latest": 1122,
          "latest_year": 2026,
          "latest_month": 3,
          "latest_month_name": "Mar",
          "mom": 0.2411504424778761,
          "yoy": -0.1816192560175055,
          "ytd_yoy": -0.2602331927561399,
          "ytd_count": 2982
        },
        "dom": {
          "days": 68,
          "yoy": 0.09677419354838701,
          "as_of": "2026-04"
        }
      },
      "Tampa–St. Petersburg–Clearwater": {
        "total": {
          "latest": 1586,
          "latest_year": 2026,
          "latest_month": 3,
          "latest_month_name": "Mar",
          "mom": -0.10698198198198194,
          "yoy": 0.1696165191740413,
          "ytd_yoy": -0.12903225806451613,
          "ytd_count": 4617
        },
        "one_unit": {
          "latest": 1176,
          "latest_year": 2026,
          "latest_month": 3,
          "latest_month_name": "Mar",
          "mom": 0.01906412478336228,
          "yoy": -0.028099173553719048,
          "ytd_yoy": 0.08082706766917291,
          "ytd_count": 3450
        },
        "dom": {
          "days": 67,
          "yoy": 0.15517241379310343,
          "as_of": "2026-04"
        }
      },
      "Ocala": {
        "total": {
          "latest": 618,
          "latest_year": 2026,
          "latest_month": 3,
          "latest_month_name": "Mar",
          "mom": 0.006514657980456029,
          "yoy": -0.07067669172932334,
          "ytd_yoy": -0.09677419354838712,
          "ytd_count": 1736
        },
        "one_unit": {
          "latest": 618,
          "latest_year": 2026,
          "latest_month": 3,
          "latest_month_name": "Mar",
          "mom": 0.04391891891891886,
          "yoy": 0.08231173380035028,
          "ytd_yoy": -0.033067274800456126,
          "ytd_count": 1696
        },
        "dom": {
          "days": 75,
          "yoy": 0.13636363636363646,
          "as_of": "2026-04"
        }
      },
      "Palm Bay–Melbourne–Titusville": {
        "total": {
          "latest": 330,
          "latest_year": 2026,
          "latest_month": 3,
          "latest_month_name": "Mar",
          "mom": 0.346938775510204,
          "yoy": 0.13793103448275867,
          "ytd_yoy": -0.22699999999999998,
          "ytd_count": 773
        },
        "one_unit": {
          "latest": 330,
          "latest_year": 2026,
          "latest_month": 3,
          "latest_month_name": "Mar",
          "mom": 0.346938775510204,
          "yoy": 0.13793103448275867,
          "ytd_yoy": -0.06416464891041163,
          "ytd_count": 773
        },
        "dom": {
          "days": 67,
          "yoy": 0.09836065573770503,
          "as_of": "2026-04"
        }
      }
    }
  },
  "watchlist": [],
  "feed": [
    {
      "title": "We knew Compass International Holdings could lead market share, but what about Real and eXp?",
      "link": "https://www.housingwire.com/articles/compass-anywhere-real-remax-exp-market-share/",
      "published": "Thu, 14 May 2026"
    },
    {
      "title": "Snapdocs, BNY partner on touchless mortgage collateral delivery for secondary market",
      "link": "https://www.housingwire.com/articles/snapdocs-bny-automated-digital-mortgage-collateral-ecustody/",
      "published": "Thu, 14 May 2026"
    },
    {
      "title": "ATTOM reports 42K foreclosure filings in April, up 18% from a year ago",
      "link": "https://www.housingwire.com/articles/foreclosure-filings-up-april-2026-attom/",
      "published": "Thu, 14 May 2026"
    },
    {
      "title": "A new home gains a 10-year cost edge over resale: Realtor.com",
      "link": "https://www.housingwire.com/articles/new-construction-10-year-total-cost-ownership-realtor-com-analysis/",
      "published": "Thu, 14 May 2026"
    },
    {
      "title": "The first 15 minutes that cost brokerages revenue",
      "link": "https://www.housingwire.com/articles/the-first-15-minutes-that-cost-brokerages-revenue/",
      "published": "Thu, 14 May 2026"
    },
    {
      "title": "How agency lenders are winning multifamily market share through discipline and structural creativity",
      "link": "https://www.housingwire.com/articles/how-agency-lenders-are-winning-multifamily-market-share-through-discipline-and-structural-creativity/",
      "published": "Thu, 14 May 2026"
    },
    {
      "title": "Pending Home Sales Jump 10% From a Year Ago to Highest Level Since 2022",
      "link": "https://www.redfin.com/news/housing-market-update-pending-home-sales-jump/",
      "published": "Thu, 14 May 2026"
    },
    {
      "title": "Just Listed in Virginia: A One-of-a-Kind Estate That’s Part Home, Part Event Venue, Part Airbnb",
      "link": "https://www.redfin.com/news/40325-charles-town-pike-hamilton-virginia-listing/",
      "published": "Wed, 13 May 2026"
    },
    {
      "title": "$60 Million Montecito Mansion Tops List of April’s Priciest Home Sales",
      "link": "https://www.redfin.com/news/most-expensive-home-sales-april-2026/",
      "published": "Wed, 13 May 2026"
    },
    {
      "title": "Fed in Wait-and-See Mode on Hot Inflation Report; Mortgage Rates to Track Oil Prices, Mideast Talks",
      "link": "https://www.redfin.com/news/cpi-april-2026/",
      "published": "Tue, 12 May 2026"
    },
    {
      "title": "America’s Housing Market Favors Buyers—But Their Advantage Is Finally Starting to Shrink",
      "link": "https://www.redfin.com/news/buyers-vs-sellers-april-2026/",
      "published": "Tue, 12 May 2026"
    },
    {
      "title": "Home Prices Posted the Biggest Increase in Over a Year in April",
      "link": "https://www.redfin.com/news/home-prices-rise-april-2026/",
      "published": "Tue, 12 May 2026"
    }
  ],
  "feed_101020": {
    "macro": [
      {
        "title": "A new home gains a 10-year cost edge over resale: Realtor.com",
        "url": "https://www.housingwire.com/articles/new-construction-10-year-total-cost-ownership-realtor-com-analysis/",
        "what": "Newly built homes carry a median list price premium of about $60,000 over existing homes nationally, but lower energy and major-system costs give new-home buyers an average $25,335 advantage in total cost of ownership over the first 10 years, according to a Realtor.com analysis using Pearl SCORE data",
        "numbers": "$60,000, $25,335, 10",
        "justified": "housingwire.com — https://www.housingwire.com/articles/new-construction-10-year-total-cost-ownership-realtor-com-analysis/",
        "why": "Price trend signals wealth effects and buyer/seller power.",
        "market": "Firm prices help builder margins; softness hits comps and sentiment."
      },
      {
        "title": "Fed in Wait-and-See Mode on Hot Inflation Report; Mortgage Rates to Track Oil Prices, Mideast Talks",
        "url": "https://www.redfin.com/news/cpi-april-2026/",
        "what": "Takeaway: A slightly hotter than expected CPI report will keep the Fed on hold and may push officials slightly closer to considering hikes",
        "numbers": "",