{
  "as_of": "2026-06-17 16:03 UTC",
  "macro": {
    "spx": null,
    "ten_year": {
      "yield_pct": 4.47,
      "delta_bp_1d": -1.0000000000000675
    },
    "mortgage_30y": {
      "rate_pct": 6.52,
      "delta_bp_wow": 3.9999999999999147
    },
    "starts": {
      "level_saar": 1177.0,
      "mom": -0.15445402298850575
    }
  },
  "permits": {
    "florida": {
      "latest": 14596,
      "latest_date": "2026-04",
      "mom": 0.17246365169893174,
      "yoy": 0.05378673019998548,
      "ytd": -0.16725489221388212,
      "ytd_count": 50257,
      "latest_year": 2026,
      "latest_month_name": "Apr"
    },
    "msa": {
      "Orlando–Kissimmee–Sanford": {
        "total": {
          "latest": 1926,
          "latest_year": 2026,
          "latest_month": 4,
          "latest_month_name": "Apr",
          "mom": 0.3449720670391061,
          "yoy": -0.21675477836518908,
          "ytd_yoy": -0.4733425653453349,
          "ytd_count": 6085
        },
        "one_unit": {
          "latest": 1124,
          "latest_year": 2026,
          "latest_month": 4,
          "latest_month_name": "Apr",
          "mom": 0.0017825311942958333,
          "yoy": -0.2629508196721312,
          "ytd_yoy": -0.2609791216702664,
          "ytd_count": 4106
        },
        "dom": {
          "days": 70,
          "yoy": 0.07692307692307687,
          "as_of": "2026-05"
        }
      },
      "Tampa–St. Petersburg–Clearwater": {
        "total": {
          "latest": 1599,
          "latest_year": 2026,
          "latest_month": 4,
          "latest_month_name": "Apr",
          "mom": 0.008196721311475308,
          "yoy": -0.08156232050545664,
          "ytd_yoy": -0.11729622266401596,
          "ytd_count": 6216
        },
        "one_unit": {
          "latest": 1198,
          "latest_year": 2026,
          "latest_month": 4,
          "latest_month_name": "Apr",
          "mom": 0.018707482993197244,
          "yoy": -0.07347254447022433,
          "ytd_yoy": 0.03634336677814942,
          "ytd_count": 4648
        },
        "dom": {
          "days": 67,
          "yoy": 0.1166666666666667,
          "as_of": "2026-05"
        }
      },
      "Ocala": {
        "total": {
          "latest": 588,
          "latest_year": 2026,
          "latest_month": 4,
          "latest_month_name": "Apr",
          "mom": -0.04854368932038833,
          "yoy": 0.27826086956521734,
          "ytd_yoy": -0.02434928631402178,
          "ytd_count": 2324
        },
        "one_unit": {
          "latest": 588,
          "latest_year": 2026,
          "latest_month": 4,
          "latest_month_name": "Apr",
          "mom": -0.04854368932038833,
          "yoy": 0.3183856502242153,
          "ytd_yoy": 0.038181818181818095,
          "ytd_count": 2284
        },
        "dom": {
          "days": 79,
          "yoy": 0.09722222222222232,
          "as_of": "2026-05"
        }
      },
      "Palm Bay–Melbourne–Titusville": {
        "total": {
          "latest": 303,
          "latest_year": 2026,
          "latest_month": 4,
          "latest_month_name": "Apr",
          "mom": -0.08181818181818179,
          "yoy": -0.03809523809523807,
          "ytd_yoy": -0.18174904942965775,
          "ytd_count": 1076
        },
        "one_unit": {
          "latest": 303,
          "latest_year": 2026,
          "latest_month": 4,
          "latest_month_name": "Apr",
          "mom": -0.08181818181818179,
          "yoy": -0.025723472668810254,
          "ytd_yoy": -0.05364995602462619,
          "ytd_count": 1076
        },
        "dom": {
          "days": 65,
          "yoy": 0.0,
          "as_of": "2026-05"
        }
      }
    }
  },
  "watchlist": [],
  "feed": [
    {
      "title": "UWM announces doctor loan offering",
      "link": "https://www.housingwire.com/articles/uwm-offering-doctor-loans/",
      "published": "Wed, 17 Jun 2026"
    },
    {
      "title": "Congress reaches bipartisan agreement on ROAD to Housing Act",
      "link": "https://www.housingwire.com/articles/road-to-housing-act-senate-vote/",
      "published": "Wed, 17 Jun 2026"
    },
    {
      "title": "Pending home sales rise in May across all U.S. regions",
      "link": "https://www.housingwire.com/articles/pending-home-sales-rise-in-may-across-all-u-s-regions/",
      "published": "Wed, 17 Jun 2026"
    },
    {
      "title": "New York senior homeowners included in $2.1B property tax relief measure",
      "link": "https://www.housingwire.com/articles/new-york-star-property-tax-relief-2026/",
      "published": "Wed, 17 Jun 2026"
    },
    {
      "title": "Lamacchia Realty gains Vermont license, completes New England",
      "link": "https://www.housingwire.com/articles/lamacchia-realty-vermont-license/",
      "published": "Wed, 17 Jun 2026"
    },
    {
      "title": "Mortgage applications slip 3.8% as purchase demand stays ahead of 2025",
      "link": "https://www.housingwire.com/articles/mortgage-applications-slip/",
      "published": "Wed, 17 Jun 2026"
    },
    {
      "title": "Former Red-Hot Seller’s Markets, Like Atlanta, Now Lead the Nation in Canceled Home Sales",
      "link": "https://www.redfin.com/news/contract-cancellations-may-2026/",
      "published": "Wed, 17 Jun 2026"
    },
    {
      "title": "Florida Dominates May’s Most Expensive Home Sales, Led by a $75 Million Boca Raton Deal",
      "link": "https://www.redfin.com/news/most-expensive-home-sales-may-2026/",
      "published": "Tue, 16 Jun 2026"
    },
    {
      "title": "Markets Eye Strait of Hormuz Reopening and Warsh’s First Fed Meeting as Key Tests This Week",
      "link": "https://www.redfin.com/news/strait-hormuz-potential-reopening-kevin-warsh-first-fed-meeting/",
      "published": "Mon, 15 Jun 2026"
    },
    {
      "title": "SpaceX Employees Could Buy 2 in 5 San Antonio Homes With Their IPO Windfall",
      "link": "https://www.redfin.com/news/spacex-ipo-housing-wealth/",
      "published": "Fri, 12 Jun 2026"
    },
    {
      "title": "Record Home Prices, High Mortgage Rates Push Pending Sales Down for Fourth Straight Week",
      "link": "https://www.redfin.com/news/housing-market-update-record-high-home-prices-sales-decline/",
      "published": "Thu, 11 Jun 2026"
    },
    {
      "title": "Mortgage Rates Unaffected, Fed Likely to Hold Rates Steady on Latest Inflation Data",
      "link": "https://www.redfin.com/news/cpi-may-2026/",
      "published": "Wed, 10 Jun 2026"
    }
  ],
  "feed_101020": {
    "macro": [
      {
        "title": "Markets Eye Strait of Hormuz Reopening and Warsh’s First Fed Meeting as Key Tests This Week",
        "url": "https://www.redfin.com/news/strait-hormuz-potential-reopening-kevin-warsh-first-fed-meeting/",
        "what": "This Week In A Nutshell: It’s going to be a big week with an announced deal that may open the Strait of Hormuz by Friday and Kevin Warsh’s first Fed meeting on Wednesday",
        "numbers": "1",
        "justified": "redfin.com — https://www.redfin.com/news/strait-hormuz-potential-reopening-kevin-warsh-first-fed-meeting/",
        "why": "Rates & inflation shape discount rates and housing affordability.",
        "market": "Lower rates support demand/valuations; higher rates pressure builders/REITs and slow transactions."
      },
      {
        "title": "Record Home Prices, High Mortgage Rates Push Pending Sales Down for Fourth Straight Week",
        "url": "https://www.redfin.com/news/housing-market-update-record-high-home-prices-sales-decline/",
        "what": "High housing costs and economic instability are driving would-be buyers away",
        "numbers": "$400,894, 7,, 1.5, $400,000,",
        "justified": "redfin.com — https://www.redfin.com/news/housing-market-update-record-high-home-prices-sales-decline/",
        "why": "Rates & inflation shape discount rates and housing affordability.",