{
  "as_of": "2026-07-08 03:47 UTC",
  "macro": {
    "spx": null,
    "ten_year": {
      "yield_pct": 4.48,
      "delta_bp_1d": -0.9999999999999787
    },
    "mortgage_30y": {
      "rate_pct": 6.43,
      "delta_bp_wow": -6.00000000000005
    },
    "starts": {
      "level_saar": 1177.0,
      "mom": -0.15445402298850575
    }
  },
  "permits": {
    "florida": {
      "latest": 13055,
      "latest_date": "2026-05",
      "mom": -0.10557687037544528,
      "yoy": -0.1036116451524306,
      "ytd": -0.15488219982647,
      "ytd_count": 63312,
      "latest_year": 2026,
      "latest_month_name": "May"
    },
    "msa": {
      "Orlando–Kissimmee–Sanford": {
        "total": {
          "latest": 1846,
          "latest_year": 2026,
          "latest_month": 5,
          "latest_month_name": "May",
          "mom": -0.041536863966770476,
          "yoy": 0.030133928571428603,
          "ytd_yoy": -0.40573954742994156,
          "ytd_count": 7931
        },
        "one_unit": {
          "latest": 1050,
          "latest_year": 2026,
          "latest_month": 5,
          "latest_month_name": "May",
          "mom": -0.0658362989323843,
          "yoy": -0.13007456503728254,
          "ytd_yoy": -0.2376164424072157,
          "ytd_count": 5156
        },
        "dom": {
          "days": 70,
          "yoy": 0.0,
          "as_of": "2026-06"
        }
      },
      "Tampa–St. Petersburg–Clearwater": {
        "total": {
          "latest": 2505,
          "latest_year": 2026,
          "latest_month": 5,
          "latest_month_name": "May",
          "mom": 0.5666041275797373,
          "yoy": 0.03256389117889524,
          "ytd_yoy": -0.0788973384030418,
          "ytd_count": 8721
        },
        "one_unit": {
          "latest": 1141,
          "latest_year": 2026,
          "latest_month": 5,
          "latest_month_name": "May",
          "mom": -0.047579298831385675,
          "yoy": -0.14595808383233533,
          "ytd_yoy": -0.005497337227280519,
          "ytd_count": 5789
        },
        "dom": {
          "days": 68,
          "yoy": 0.0,
          "as_of": "2026-06"
        }
      },
      "Ocala": {
        "total": {
          "latest": 481,
          "latest_year": 2026,
          "latest_month": 5,
          "latest_month_name": "May",
          "mom": -0.1819727891156463,
          "yoy": -0.034136546184738936,
          "ytd_yoy": -0.02604166666666663,
          "ytd_count": 2805
        },
        "one_unit": {
          "latest": 477,
          "latest_year": 2026,
          "latest_month": 5,
          "latest_month_name": "May",
          "mom": -0.18877551020408168,
          "yoy": -0.01851851851851849,
          "ytd_yoy": 0.02792256142963523,
          "ytd_count": 2761
        },
        "dom": {
          "days": 78,
          "yoy": 0.0,
          "as_of": "2026-06"
        }
      },
      "Palm Bay–Melbourne–Titusville": {
        "total": {
          "latest": 328,
          "latest_year": 2026,
          "latest_month": 5,
          "latest_month_name": "May",
          "mom": 0.08250825082508251,
          "yoy": 0.2615384615384615,
          "ytd_yoy": -0.10857142857142854,
          "ytd_count": 1404
        },
        "one_unit": {
          "latest": 328,
          "latest_year": 2026,
          "latest_month": 5,
          "latest_month_name": "May",
          "mom": 0.08250825082508251,
          "yoy": 0.3015873015873016,
          "ytd_yoy": 0.010799136069114423,
          "ytd_count": 1404
        },
        "dom": {
          "days": 66,
          "yoy": -0.08333333333333337,
          "as_of": "2026-06"
        }
      }
    }
  },
  "watchlist": [],
  "feed": [
    {
      "title": "Former Stockton Mortgage employees, Novus deny trade secret allegations",
      "link": "https://www.housingwire.com/articles/stockton-trade-secrets-denials/",
      "published": "Tue, 07 Jul 2026"
    },
    {
      "title": "North Carolina kicks parking rules to the curb in statewide reform",
      "link": "https://www.housingwire.com/articles/north-carolina-parking-reform-law/",
      "published": "Tue, 07 Jul 2026"
    },
    {
      "title": "Zillow, MRED, Compass await ruling in Chicagoland MLS fight",
      "link": "https://www.housingwire.com/articles/zillow-mred-compass-ruling/",
      "published": "Tue, 07 Jul 2026"
    },
    {
      "title": "Compass adds RealTrends Verified Palm Beach agent Daniel Ekerold",
      "link": "https://www.housingwire.com/articles/compass-daniel-ekerold-palm-beach/",
      "published": "Tue, 07 Jul 2026"
    },
    {
      "title": "Mortgage rates rise past 6.75% as inflation uncertainty persists",
      "link": "https://www.housingwire.com/articles/mortgage-rates-rise-fed-hawkish/",
      "published": "Tue, 07 Jul 2026"
    },
    {
      "title": "Realtors slam focus on trademark policing: ‘Is this really the next hill NAR is going to stand on?’",
      "link": "https://www.housingwire.com/articles/nar-trademark-policing-backlash/",
      "published": "Tue, 07 Jul 2026"
    },
    {
      "title": "Luxury Homes Cost 9 Times More Than the Typical Homes in These South Florida “Wealth Magnet” Metros",
      "link": "https://www.redfin.com/news/west-palm-beach-pending-sales-rise/",
      "published": "Tue, 07 Jul 2026"
    },
    {
      "title": "Monthly Payments Tick Up For First Time in 8 Months As Home Prices Hit Record High",
      "link": "https://www.redfin.com/news/housing-market-update-payments-rise-prices-record-high/",
      "published": "Thu, 02 Jul 2026"
    },
    {
      "title": "Most Homeowners See Their Home as a Reflection of Who They Are; Most Renters See It as Just a Place To Live",
      "link": "https://www.redfin.com/news/june-homeownership-month-how-people-feel-about-home-2026/",
      "published": "Wed, 01 Jul 2026"
    },
    {
      "title": "Seller Choice Keeps Winning, Quietly",
      "link": "https://www.redfin.com/news/seller-choice-keeps-winning-quietly/",
      "published": "Tue, 30 Jun 2026"
    },
    {
      "title": "A Tale of Two Markets: Luxury Home Prices Are Rising 3 Times Faster Than Non-Luxury Prices",
      "link": "https://www.redfin.com/news/luxury-housing-market-may-2026/",
      "published": "Tue, 30 Jun 2026"
    },
    {
      "title": "19% of of House Hunters Are Looking to Relocate–And They’re Headed to the Sun Belt",
      "link": "https://www.redfin.com/news/migration-q1-2026/",
      "published": "Mon, 29 Jun 2026"
    }
  ],
  "feed_101020": {
    "macro": [
      {
        "title": "Former Stockton Mortgage employees, Novus deny trade secret allegations",
        "url": "https://www.housingwire.com/articles/stockton-trade-secrets-denials/",
        "what": "In an Alabama federal court, 18 defendants and Novus denied Stockton Mortgage trade secrets and interference allegations.",
        "numbers": "18",
        "justified": "housingwire.com — https://www.housingwire.com/articles/stockton-trade-secrets-denials/",
        "why": "Rates & inflation shape discount rates and housing affordability.",
        "market": "Lower rates support demand/valuations; higher rates pressure builders/REITs and slow transactions."
      },
      {
        "title": "Mortgage rates rise past 6.75% as inflation uncertainty persists",
        "url": "https://www.housingwire.com/articles/mortgage-rates-rise-fed-hawkish/",
        "what": "30-year conforming rates averaged 6.77%, with jumbo at 6.75%, as Fed messaging stayed hawkish and 1-year inflation expectations rose to 3.7%.",
        "numbers": "30, 6.77, 6.75, 1, 3.7",
        "justified": "housingwire.com — https://www.housingwire.com/articles/mortgage-rates-rise-fed-hawkish/",
        "why": "Rates & inflation shape discount rates and housing affordability.",