{
  "as_of": "2026-01-20 20:29 UTC",
  "macro": {
    "spx": null,
    "ten_year": {
      "yield_pct": 4.17,
      "delta_bp_1d": 1.9999999999999574
    },
    "mortgage_30y": {
      "rate_pct": 6.06,
      "delta_bp_wow": -10.000000000000053
    },
    "starts": {
      "level_saar": 1246.0,
      "mom": -0.04594180704441042
    }
  },
  "permits": {
    "florida": {
      "latest": 15200,
      "latest_date": "2025-10",
      "mom": 0.13832097655957454,
      "yoy": 0.14268531047962707,
      "ytd": -0.0034062907667777864,
      "ytd_count": 151261,
      "latest_year": 2025,
      "latest_month_name": "Oct"
    },
    "msa": {
      "Orlando–Kissimmee–Sanford": {
        "total": {
          "latest": 2471,
          "latest_year": 2025,
          "latest_month": 10,
          "latest_month_name": "Oct",
          "mom": 0.2208498023715415,
          "yoy": 0.505789152955515,
          "ytd_yoy": 0.2098518221866239,
          "ytd_count": 24168
        },
        "one_unit": {
          "latest": 1094,
          "latest_year": 2025,
          "latest_month": 10,
          "latest_month_name": "Oct",
          "mom": 0.27803738317757,
          "yoy": -0.09060681629260181,
          "ytd_yoy": -0.03620292083013066,
          "ytd_count": 12539
        },
        "dom": {
          "days": 83,
          "yoy": 0.03750000000000009,
          "as_of": "2025-12"
        }
      },
      "Tampa–St. Petersburg–Clearwater": {
        "total": {
          "latest": 2427,
          "latest_year": 2025,
          "latest_month": 10,
          "latest_month_name": "Oct",
          "mom": 0.5360759493670886,
          "yoy": 1.2939508506616257,
          "ytd_yoy": 0.04073680481757003,
          "ytd_count": 20566
        },
        "one_unit": {
          "latest": 1287,
          "latest_year": 2025,
          "latest_month": 10,
          "latest_month_name": "Oct",
          "mom": 0.2130065975494817,
          "yoy": 0.5,
          "ytd_yoy": -0.015960965927886206,
          "ytd_count": 11899
        },
        "dom": {
          "days": 80,
          "yoy": 0.11111111111111116,
          "as_of": "2025-12"
        }
      },
      "Ocala": {
        "total": {
          "latest": 470,
          "latest_year": 2025,
          "latest_month": 10,
          "latest_month_name": "Oct",
          "mom": 0.09557109557109555,
          "yoy": -0.010526315789473717,
          "ytd_yoy": -0.13937559732398852,
          "ytd_count": 5403
        },
        "one_unit": {
          "latest": 444,
          "latest_year": 2025,
          "latest_month": 10,
          "latest_month_name": "Oct",
          "mom": 0.21643835616438367,
          "yoy": -0.0326797385620915,
          "ytd_yoy": -0.1404255319148936,
          "ytd_count": 4848
        },
        "dom": {
          "days": 87,
          "yoy": 0.15999999999999992,
          "as_of": "2025-12"
        }
      },
      "Palm Bay–Melbourne–Titusville": {
        "total": {
          "latest": 343,
          "latest_year": 2025,
          "latest_month": 10,
          "latest_month_name": "Oct",
          "mom": -0.46406250000000004,
          "yoy": -0.51,
          "ytd_yoy": -0.004406428201140455,
          "ytd_count": 3841
        },
        "one_unit": {
          "latest": 343,
          "latest_year": 2025,
          "latest_month": 10,
          "latest_month_name": "Oct",
          "mom": 0.26102941176470584,
          "yoy": 0.026946107784431073,
          "ytd_yoy": -0.11307311028500622,
          "ytd_count": 2863
        },
        "dom": {
          "days": 78,
          "yoy": 0.040000000000000036,
          "as_of": "2025-12"
        }
      }
    }
  },
  "watchlist": [],
  "feed": [
    {
      "title": "Do home sellers lose billions to high agent commissions?",
      "link": "https://www.housingwire.com/articles/agent-fee-overpayment-cpc/",
      "published": "Tue, 20 Jan 2026"
    },
    {
      "title": "Mortgage rate volatility returns ahead of Trump’s Davos speech",
      "link": "https://www.housingwire.com/articles/mortgage-rate-volatility-davos/",
      "published": "Tue, 20 Jan 2026"
    },
    {
      "title": "Do Trump’s policies make housing more affordable? Morgan Stanley weighs in",
      "link": "https://www.housingwire.com/articles/morgan-stanley-trump-housing/",
      "published": "Tue, 20 Jan 2026"
    },
    {
      "title": "Land Gorilla expands Encompass integration for construction loans",
      "link": "https://www.housingwire.com/articles/land-gorilla-encompass-epc-integration/",
      "published": "Tue, 20 Jan 2026"
    },
    {
      "title": "ATTOM acquires ResiShares to expand data and analytics",
      "link": "https://www.housingwire.com/articles/attom-acquires-resishares-to-expand-data-and-analytics/",
      "published": "Tue, 20 Jan 2026"
    },
    {
      "title": "HighTechLending taps Paul Fiore as VP of sales, branch production",
      "link": "https://www.housingwire.com/articles/hightechlending-paul-fiore-branch-growth/",
      "published": "Tue, 20 Jan 2026"
    },
    {
      "title": "Home Sellers Outnumber Buyers By a Record Margin, Upping Buyers’ Bargaining Power",
      "link": "https://www.redfin.com/news/buyers-vs-sellers-december-2025/",
      "published": "Tue, 20 Jan 2026"
    },
    {
      "title": "U.S. Home Prices Inched Up 0.1% in December",
      "link": "https://www.redfin.com/news/home-price-index-december-2025/",
      "published": "Tue, 20 Jan 2026"
    },
    {
      "title": "This Was 2025’s Most Popular Home on Redfin—And It Sold $740K Over Asking",
      "link": "https://www.redfin.com/news/most-popular-homes-2025/",
      "published": "Fri, 16 Jan 2026"
    },
    {
      "title": "Pending Home Sales Drop to Lowest Level on Record Aside From Start of Pandemic",
      "link": "https://www.redfin.com/news/home-sales-fall-december-2025/",
      "published": "Thu, 15 Jan 2026"
    },
    {
      "title": "Monthly Housing Costs Start the Year Down 5%, the Biggest Decline in Over a Year",
      "link": "https://www.redfin.com/news/housing-market-update-monthly-payments-big-decline/",
      "published": "Thu, 15 Jan 2026"
    },
    {
      "title": "Coastal Florida Dominates December’s Priciest Home Sales, Led By a $101M Miami Estate",
      "link": "https://www.redfin.com/news/most-expensive-home-sales-december-2025/",
      "published": "Wed, 14 Jan 2026"
    }
  ],
  "feed_101020": {
    "macro": [
      {
        "title": "Mortgage rate volatility returns ahead of Trump’s Davos speech",
        "url": "https://www.housingwire.com/articles/mortgage-rate-volatility-davos/",
        "what": "President Donald Trump is set to speak Wednesday at the World Economic Forum in Davos, Switzerland, and it’s already proving to be a catalyst for mortgage rates.",
        "numbers": "",
        "justified": "housingwire.com — https://www.housingwire.com/articles/mortgage-rate-volatility-davos/",
        "why": "Rates & inflation shape discount rates and housing affordability.",
        "market": "Lower rates support demand/valuations; higher rates pressure builders/REITs and slow transactions."
      },
      {
        "title": "Home Sellers Outnumber Buyers By a Record Margin, Upping Buyers’ Bargaining Power",
        "url": "https://www.redfin.com/news/buyers-vs-sellers-december-2025/",
        "what": "There were a record 47% more home sellers than buyers in December, giving the buyers who were in the market negotiating power",
        "numbers": "47",
        "justified": "redfin.com — https://www.redfin.com/news/buyers-vs-sellers-december-2025/",
        "why": "Rates & inflation shape discount rates and housing affordability.",
        "market": "Lower rates support demand/valuations; higher rates pressure builders/REITs and slow transactions."
      },
      {
        "title": "Manufactured housing gains traction, but negative stigma persists",