{
  "as_of": "2026-05-19 16:30 UTC",
  "macro": {
    "spx": null,
    "ten_year": {
      "yield_pct": 4.59,
      "delta_bp_1d": 12.00000000000001
    },
    "mortgage_30y": {
      "rate_pct": 6.36,
      "delta_bp_wow": -0.9999999999999787
    },
    "starts": {
      "level_saar": 1502.0,
      "mom": 0.10766961651917395
    }
  },
  "permits": {
    "florida": {
      "latest": 12449,
      "latest_date": "2026-03",
      "mom": 0.03054635761589397,
      "yoy": -0.15719991875973194,
      "ytd": -0.23309677419354835,
      "ytd_count": 35661,
      "latest_year": 2026,
      "latest_month_name": "Mar"
    },
    "msa": {
      "Orlando–Kissimmee–Sanford": {
        "total": {
          "latest": 1432,
          "latest_year": 2026,
          "latest_month": 3,
          "latest_month_name": "Mar",
          "mom": 0.07426856714178554,
          "yoy": -0.5466919911364356,
          "ytd_yoy": -0.542715777899945,
          "ytd_count": 4159
        },
        "one_unit": {
          "latest": 1122,
          "latest_year": 2026,
          "latest_month": 3,
          "latest_month_name": "Mar",
          "mom": 0.2411504424778761,
          "yoy": -0.1816192560175055,
          "ytd_yoy": -0.2602331927561399,
          "ytd_count": 2982
        },
        "dom": {
          "days": 68,
          "yoy": 0.09677419354838701,
          "as_of": "2026-04"
        }
      },
      "Tampa–St. Petersburg–Clearwater": {
        "total": {
          "latest": 1586,
          "latest_year": 2026,
          "latest_month": 3,
          "latest_month_name": "Mar",
          "mom": -0.10698198198198194,
          "yoy": 0.1696165191740413,
          "ytd_yoy": -0.12903225806451613,
          "ytd_count": 4617
        },
        "one_unit": {
          "latest": 1176,
          "latest_year": 2026,
          "latest_month": 3,
          "latest_month_name": "Mar",
          "mom": 0.01906412478336228,
          "yoy": -0.028099173553719048,
          "ytd_yoy": 0.08082706766917291,
          "ytd_count": 3450
        },
        "dom": {
          "days": 67,
          "yoy": 0.15517241379310343,
          "as_of": "2026-04"
        }
      },
      "Ocala": {
        "total": {
          "latest": 618,
          "latest_year": 2026,
          "latest_month": 3,
          "latest_month_name": "Mar",
          "mom": 0.006514657980456029,
          "yoy": -0.07067669172932334,
          "ytd_yoy": -0.09677419354838712,
          "ytd_count": 1736
        },
        "one_unit": {
          "latest": 618,
          "latest_year": 2026,
          "latest_month": 3,
          "latest_month_name": "Mar",
          "mom": 0.04391891891891886,
          "yoy": 0.08231173380035028,
          "ytd_yoy": -0.033067274800456126,
          "ytd_count": 1696
        },
        "dom": {
          "days": 75,
          "yoy": 0.13636363636363646,
          "as_of": "2026-04"
        }
      },
      "Palm Bay–Melbourne–Titusville": {
        "total": {
          "latest": 330,
          "latest_year": 2026,
          "latest_month": 3,
          "latest_month_name": "Mar",
          "mom": 0.346938775510204,
          "yoy": 0.13793103448275867,
          "ytd_yoy": -0.22699999999999998,
          "ytd_count": 773
        },
        "one_unit": {
          "latest": 330,
          "latest_year": 2026,
          "latest_month": 3,
          "latest_month_name": "Mar",
          "mom": 0.346938775510204,
          "yoy": 0.13793103448275867,
          "ytd_yoy": -0.06416464891041163,
          "ytd_count": 773
        },
        "dom": {
          "days": 67,
          "yoy": 0.09836065573770503,
          "as_of": "2026-04"
        }
      }
    }
  },
  "watchlist": [],
  "feed": [
    {
      "title": "CrossCountry Mortgage expands RON, eNote closings with Blend",
      "link": "https://www.housingwire.com/articles/crosscountry-ron-enote-blend/",
      "published": "Tue, 19 May 2026"
    },
    {
      "title": "New-home purchase applications slip 2.4% year over year in April",
      "link": "https://www.housingwire.com/articles/mba-new-home-purchase-applications/",
      "published": "Tue, 19 May 2026"
    },
    {
      "title": "Pending home sales rise 1.4% in April, NAR says",
      "link": "https://www.housingwire.com/articles/pending-home-sales-april-nar/",
      "published": "Tue, 19 May 2026"
    },
    {
      "title": "Two Harbors delays shareholder vote on CCM deal amid UWM rivalry",
      "link": "https://www.housingwire.com/articles/two-harbors-delays-ccm-sale-vote/",
      "published": "Tue, 19 May 2026"
    },
    {
      "title": "What happens if Zillow loses MRED listings tonight?",
      "link": "https://www.housingwire.com/articles/clear-cooperation-zillow-mred/",
      "published": "Tue, 19 May 2026"
    },
    {
      "title": "Rocket Mortgage, Redfin introduce savings program valued at up to $20K",
      "link": "https://www.housingwire.com/articles/rocket-mortgage-redfin-incentives/",
      "published": "Tue, 19 May 2026"
    },
    {
      "title": "Prices Drops Are Becoming Slightly Less Common As Housing Market Stabilizes",
      "link": "https://www.redfin.com/news/price-drops-april-2026/",
      "published": "Tue, 19 May 2026"
    },
    {
      "title": "U.S. Home Prices Rose 0.2% in April",
      "link": "https://www.redfin.com/news/home-price-index-april-2026/",
      "published": "Tue, 19 May 2026"
    },
    {
      "title": "Iran Tensions, Not Economic Data, Are Driving Mortgage Rates This Week",
      "link": "https://www.redfin.com/news/weekly-economic-update-may-18-2026/",
      "published": "Mon, 18 May 2026"
    },
    {
      "title": "More Than 80% of Prospective Home Sellers Are Interested in a “Coming Soon” Approach to Listing",
      "link": "https://www.redfin.com/news/early-access-survey/",
      "published": "Mon, 18 May 2026"
    },
    {
      "title": "Inside the $150,000 Hamptons Trailer This Couple Turned Into a Dream Home",
      "link": "https://www.redfin.com/news/couple-renovate-hamptons-mobile-home/",
      "published": "Fri, 15 May 2026"
    },
    {
      "title": "The Price Point: What $400,000 Buys in These Hot U.S. Neighborhoods",
      "link": "https://www.redfin.com/news/the-price-point-what-400000-buys-in-these-hot-u-s-neighborhoods/",
      "published": "Fri, 15 May 2026"
    }
  ],
  "feed_101020": {
    "macro": [
      {
        "title": "New-home purchase applications slip 2.4% year over year in April",
        "url": "https://www.housingwire.com/articles/mba-new-home-purchase-applications/",
        "what": "New-home purchase applications are down year over year in April as higher rates push more buyers into FHA and VA loans.",
        "numbers": "",
        "justified": "housingwire.com — https://www.housingwire.com/articles/mba-new-home-purchase-applications/",
        "why": "Rates & inflation shape discount rates and housing affordability.",
        "market": "Lower rates support demand/valuations; higher rates pressure builders/REITs and slow transactions."
      },
      {
        "title": "Iran Tensions, Not Economic Data, Are Driving Mortgage Rates This Week",
        "url": "https://www.redfin.com/news/weekly-economic-update-may-18-2026/",
        "what": "This Week In A Nutshell: Rates are likely to move more on headlines out of Iran than on economic data",
        "numbers": "",
        "justified": "redfin.com — https://www.redfin.com/news/weekly-economic-update-may-18-2026/",
        "why": "Rates & inflation shape discount rates and housing affordability.",
        "market": "Lower rates support demand/valuations; higher rates pressure builders/REITs and slow transactions."
      }
    ],
    "housing": [
      {
        "title": "CrossCountry Mortgage expands RON, eNote closings with Blend",
        "url": "https://www.housingwire.com/articles/crosscountry-ron-enote-blend/",