{
  "as_of": "2026-02-06 20:50 UTC",
  "macro": {
    "spx": null,
    "ten_year": {
      "yield_pct": 4.29,
      "delta_bp_1d": 0.9999999999999787
    },
    "mortgage_30y": {
      "rate_pct": 6.11,
      "delta_bp_wow": 1.0000000000000675
    },
    "starts": {
      "level_saar": 1246.0,
      "mom": -0.04594180704441042
    }
  },
  "permits": {
    "florida": {
      "latest": 15200,
      "latest_date": "2025-10",
      "mom": 0.13832097655957454,
      "yoy": 0.14268531047962707,
      "ytd": -0.0034062907667777864,
      "ytd_count": 151261,
      "latest_year": 2025,
      "latest_month_name": "Oct"
    },
    "msa": {
      "Orlando–Kissimmee–Sanford": {
        "total": {
          "latest": 2471,
          "latest_year": 2025,
          "latest_month": 10,
          "latest_month_name": "Oct",
          "mom": 0.2208498023715415,
          "yoy": 0.505789152955515,
          "ytd_yoy": 0.2098518221866239,
          "ytd_count": 24168
        },
        "one_unit": {
          "latest": 1094,
          "latest_year": 2025,
          "latest_month": 10,
          "latest_month_name": "Oct",
          "mom": 0.27803738317757,
          "yoy": -0.09060681629260181,
          "ytd_yoy": -0.03620292083013066,
          "ytd_count": 12539
        },
        "dom": {
          "days": 83,
          "yoy": 0.03750000000000009,
          "as_of": "2025-12"
        }
      },
      "Tampa–St. Petersburg–Clearwater": {
        "total": {
          "latest": 2427,
          "latest_year": 2025,
          "latest_month": 10,
          "latest_month_name": "Oct",
          "mom": 0.5360759493670886,
          "yoy": 1.2939508506616257,
          "ytd_yoy": 0.04073680481757003,
          "ytd_count": 20566
        },
        "one_unit": {
          "latest": 1287,
          "latest_year": 2025,
          "latest_month": 10,
          "latest_month_name": "Oct",
          "mom": 0.2130065975494817,
          "yoy": 0.5,
          "ytd_yoy": -0.015960965927886206,
          "ytd_count": 11899
        },
        "dom": {
          "days": 80,
          "yoy": 0.11111111111111116,
          "as_of": "2025-12"
        }
      },
      "Ocala": {
        "total": {
          "latest": 470,
          "latest_year": 2025,
          "latest_month": 10,
          "latest_month_name": "Oct",
          "mom": 0.09557109557109555,
          "yoy": -0.010526315789473717,
          "ytd_yoy": -0.13937559732398852,
          "ytd_count": 5403
        },
        "one_unit": {
          "latest": 444,
          "latest_year": 2025,
          "latest_month": 10,
          "latest_month_name": "Oct",
          "mom": 0.21643835616438367,
          "yoy": -0.0326797385620915,
          "ytd_yoy": -0.1404255319148936,
          "ytd_count": 4848
        },
        "dom": {
          "days": 87,
          "yoy": 0.15999999999999992,
          "as_of": "2025-12"
        }
      },
      "Palm Bay–Melbourne–Titusville": {
        "total": {
          "latest": 343,
          "latest_year": 2025,
          "latest_month": 10,
          "latest_month_name": "Oct",
          "mom": -0.46406250000000004,
          "yoy": -0.51,
          "ytd_yoy": -0.004406428201140455,
          "ytd_count": 3841
        },
        "one_unit": {
          "latest": 343,
          "latest_year": 2025,
          "latest_month": 10,
          "latest_month_name": "Oct",
          "mom": 0.26102941176470584,
          "yoy": 0.026946107784431073,
          "ytd_yoy": -0.11307311028500622,
          "ytd_count": 2863
        },
        "dom": {
          "days": 78,
          "yoy": 0.040000000000000036,
          "as_of": "2025-12"
        }
      }
    }
  },
  "watchlist": [],
  "feed": [
    {
      "title": "Hanna, Windermere and three more brokerages settle home seller commission lawsuits",
      "link": "https://www.housingwire.com/articles/commission-settlement-final-approval/",
      "published": "Fri, 06 Feb 2026"
    },
    {
      "title": "House scales back proposed VA mortgage fee hike",
      "link": "https://www.housingwire.com/articles/va-mortgage-fee-bill-update/",
      "published": "Fri, 06 Feb 2026"
    },
    {
      "title": "Restitution checks possible for some reverse mortgage borrowers after CFPB action",
      "link": "https://www.housingwire.com/articles/cfpb-novad-restitution/",
      "published": "Fri, 06 Feb 2026"
    },
    {
      "title": "Judge denies Compass injunction against Zillow listing policy",
      "link": "https://www.housingwire.com/articles/judge-denies-compass-injunction/",
      "published": "Fri, 06 Feb 2026"
    },
    {
      "title": "Redfin rolls out ChatGPT app for real estate searches",
      "link": "https://www.housingwire.com/articles/redfin-chatgpt-home-search/",
      "published": "Fri, 06 Feb 2026"
    },
    {
      "title": "Foreign investors keep U.S. real estate moving",
      "link": "https://www.housingwire.com/articles/foreign-investors-us-real-estate/",
      "published": "Fri, 06 Feb 2026"
    },
    {
      "title": "Going to the Big Game Could Cost Seattle and Boston Fans the Equivalent of 3 Monthly Mortgage Payments",
      "link": "https://www.redfin.com/news/comparing-costs-big-game-housing/",
      "published": "Fri, 06 Feb 2026"
    },
    {
      "title": "Austin, TX—Once Among the Nation’s Hottest Housing Markets—Is Now the Slowest",
      "link": "https://www.redfin.com/news/austin-texas-slowest-housing-market/",
      "published": "Thu, 05 Feb 2026"
    },
    {
      "title": "2026 Housing Market Mood: Buyers Are Cautious, Sellers Are Showing Up, and Agents See Signs of Busier Spring Ahead",
      "link": "https://www.redfin.com/news/housing-market-update-2026-housing-market-mood/",
      "published": "Thu, 05 Feb 2026"
    },
    {
      "title": "The Great American Home Search: Redfin’s Big Game Debut Kicks Off a Scavenger Hunt for $1 Million Home",
      "link": "https://www.redfin.com/news/announcing-great-american-home-search/",
      "published": "Wed, 04 Feb 2026"
    },
    {
      "title": "Minneapolis Pending Home Sales Dropped Nearly 20% in January, New Listings Fell 5%",
      "link": "https://www.redfin.com/news/minneapolis-housing-market-update/",
      "published": "Tue, 03 Feb 2026"
    },
    {
      "title": "Luxury Home Prices Keep Climbing Despite Sluggish Demand",
      "link": "https://www.redfin.com/news/luxury-homes-market-q4-2025/",
      "published": "Tue, 03 Feb 2026"
    }
  ],
  "feed_101020": {
    "macro": [
      {
        "title": "Judge denies Compass injunction against Zillow listing policy",
        "url": "https://www.housingwire.com/articles/judge-denies-compass-injunction/",
        "what": "A federal judge denied Compass’s motion to block Zillow’s listing access policy, allowing enforcement as the antitrust case continues.",
        "numbers": "",
        "justified": "housingwire.com — https://www.housingwire.com/articles/judge-denies-compass-injunction/",
        "why": "Rates & inflation shape discount rates and housing affordability.",
        "market": "Lower rates support demand/valuations; higher rates pressure builders/REITs and slow transactions."
      },
      {
        "title": "Foreign investors keep U.S. real estate moving",
        "url": "https://www.housingwire.com/articles/foreign-investors-us-real-estate/",
        "what": "Foreign investors drive U.S",
        "numbers": "",
        "justified": "housingwire.com — https://www.housingwire.com/articles/foreign-investors-us-real-estate/",
        "why": "Rates & inflation shape discount rates and housing affordability.",
        "market": "Lower rates support demand/valuations; higher rates pressure builders/REITs and slow transactions."
      }
    ],
    "housing": [
      {
        "title": "House scales back proposed VA mortgage fee hike",
        "url": "https://www.housingwire.com/articles/va-mortgage-fee-bill-update/",