{
  "as_of": "2026-07-24 06:39 UTC",
  "macro": {
    "spx": null,
    "ten_year": {
      "yield_pct": 4.67,
      "delta_bp_1d": 4.0000000000000036
    },
    "mortgage_30y": {
      "rate_pct": 6.58,
      "delta_bp_wow": 3.000000000000025
    },
    "starts": {
      "level_saar": 1427.0,
      "mom": 0.19015846538782322
    }
  },
  "permits": {
    "florida": {
      "latest": 13055,
      "latest_date": "2026-05",
      "mom": -0.10557687037544528,
      "yoy": -0.1036116451524306,
      "ytd": -0.15488219982647,
      "ytd_count": 63312,
      "latest_year": 2026,
      "latest_month_name": "May"
    },
    "msa": {
      "Orlando–Kissimmee–Sanford": {
        "total": {
          "latest": 1846,
          "latest_year": 2026,
          "latest_month": 5,
          "latest_month_name": "May",
          "mom": -0.041536863966770476,
          "yoy": 0.030133928571428603,
          "ytd_yoy": -0.40573954742994156,
          "ytd_count": 7931
        },
        "one_unit": {
          "latest": 1050,
          "latest_year": 2026,
          "latest_month": 5,
          "latest_month_name": "May",
          "mom": -0.0658362989323843,
          "yoy": -0.13007456503728254,
          "ytd_yoy": -0.2376164424072157,
          "ytd_count": 5156
        },
        "dom": {
          "days": 70,
          "yoy": 0.0,
          "as_of": "2026-06"
        }
      },
      "Tampa–St. Petersburg–Clearwater": {
        "total": {
          "latest": 2505,
          "latest_year": 2026,
          "latest_month": 5,
          "latest_month_name": "May",
          "mom": 0.5666041275797373,
          "yoy": 0.03256389117889524,
          "ytd_yoy": -0.0788973384030418,
          "ytd_count": 8721
        },
        "one_unit": {
          "latest": 1141,
          "latest_year": 2026,
          "latest_month": 5,
          "latest_month_name": "May",
          "mom": -0.047579298831385675,
          "yoy": -0.14595808383233533,
          "ytd_yoy": -0.005497337227280519,
          "ytd_count": 5789
        },
        "dom": {
          "days": 68,
          "yoy": 0.0,
          "as_of": "2026-06"
        }
      },
      "Ocala": {
        "total": {
          "latest": 481,
          "latest_year": 2026,
          "latest_month": 5,
          "latest_month_name": "May",
          "mom": -0.1819727891156463,
          "yoy": -0.034136546184738936,
          "ytd_yoy": -0.02604166666666663,
          "ytd_count": 2805
        },
        "one_unit": {
          "latest": 477,
          "latest_year": 2026,
          "latest_month": 5,
          "latest_month_name": "May",
          "mom": -0.18877551020408168,
          "yoy": -0.01851851851851849,
          "ytd_yoy": 0.02792256142963523,
          "ytd_count": 2761
        },
        "dom": {
          "days": 78,
          "yoy": 0.0,
          "as_of": "2026-06"
        }
      },
      "Palm Bay–Melbourne–Titusville": {
        "total": {
          "latest": 328,
          "latest_year": 2026,
          "latest_month": 5,
          "latest_month_name": "May",
          "mom": 0.08250825082508251,
          "yoy": 0.2615384615384615,
          "ytd_yoy": -0.10857142857142854,
          "ytd_count": 1404
        },
        "one_unit": {
          "latest": 328,
          "latest_year": 2026,
          "latest_month": 5,
          "latest_month_name": "May",
          "mom": 0.08250825082508251,
          "yoy": 0.3015873015873016,
          "ytd_yoy": 0.010799136069114423,
          "ytd_count": 1404
        },
        "dom": {
          "days": 66,
          "yoy": -0.08333333333333337,
          "as_of": "2026-06"
        }
      }
    }
  },
  "watchlist": [],
  "feed": [
    {
      "title": "Century Communities leans on operations as strategy in Q2 2026",
      "link": "https://www.housingwire.com/articles/century-communities-q2-2026-strategy/",
      "published": "Thu, 23 Jul 2026"
    },
    {
      "title": "Howard Hanna expands into northern New England with Portside",
      "link": "https://www.housingwire.com/articles/howard-hanna-portside-new-england/",
      "published": "Thu, 23 Jul 2026"
    },
    {
      "title": "AARP opposes expedited Social Security process proposed in PROMISE Act",
      "link": "https://www.housingwire.com/articles/aarp-opposes-expedited-social-security-process-proposed-in-promise-act/",
      "published": "Thu, 23 Jul 2026"
    },
    {
      "title": "As CCM is poised to win the TWO bidding war, an integration test awaits",
      "link": "https://www.housingwire.com/articles/ccm-two-integration-msrs/",
      "published": "Thu, 23 Jul 2026"
    },
    {
      "title": "Rodland Private Members looks to close AI gap for independent brokerages",
      "link": "https://www.housingwire.com/articles/rodland-private-members-looks-to-close-ai-gap-for-independent-brokerages/",
      "published": "Thu, 23 Jul 2026"
    },
    {
      "title": "Keller Williams names five leaders to growth roles",
      "link": "https://www.housingwire.com/articles/keller-williams-leadership-growth-roles/",
      "published": "Thu, 23 Jul 2026"
    },
    {
      "title": "From Bust to Boom: San Francisco Home Prices Are Now $1 Million Higher Than Housing-Crash Bottom",
      "link": "https://www.redfin.com/news/san-francisco-1-million-increase-prices/",
      "published": "Thu, 23 Jul 2026"
    },
    {
      "title": "Pending Home Sales Fall to 3-Month Low",
      "link": "https://www.redfin.com/news/housing-market-update-pending-sales-fall-rates-increase/",
      "published": "Thu, 23 Jul 2026"
    },
    {
      "title": "Most Americans Say “Not in My Backyard” to AI Data Centers",
      "link": "https://www.redfin.com/news/ai-data-centers-opposition-education-benefit/",
      "published": "Wed, 22 Jul 2026"
    },
    {
      "title": "House Hunters Value Clean Air in Their Homes More Than Views and Other Luxuries",
      "link": "https://www.redfin.com/news/house-hunters-value-clean-homes-survey/",
      "published": "Tue, 21 Jul 2026"
    },
    {
      "title": "U.S. Home Prices Rose 0.3% From a Month Earlier in June",
      "link": "https://www.redfin.com/news/home-price-index-june-2026/",
      "published": "Tue, 21 Jul 2026"
    },
    {
      "title": "Beachfront Florida and Coastal California Ruled June’s Ultra-Luxury Home Sales",
      "link": "https://www.redfin.com/news/most-expensive-home-sales-june-2026/",
      "published": "Fri, 17 Jul 2026"
    }
  ],
  "feed_101020": {
    "macro": [
      {
        "title": "Mortgage rates hit yearly high as Iran conflict escalates",
        "url": "https://www.housingwire.com/articles/mortgage-rates-hit-yearly-highs-as-iran-conflict-escalates/",
        "what": "Mortgage rates hit 6.85% as the 10-year yield reached 4.71% amid Iran headlines, oil over $90, and a 36% chance of a Fed rate hike.",
        "numbers": "6.85, 10, 4.71, $90,, 36",
        "justified": "housingwire.com — https://www.housingwire.com/articles/mortgage-rates-hit-yearly-highs-as-iran-conflict-escalates/",
        "why": "Rates & inflation shape discount rates and housing affordability.",
        "market": "Lower rates support demand/valuations; higher rates pressure builders/REITs and slow transactions."
      },
      {
        "title": "Voters in all parties support federal housing help beyond the ROAD",
        "url": "https://www.housingwire.com/articles/voters-battleground-districts-support-stronger-federal-housing-actions/",
        "what": "Voters in key states and districts support larger federal housing investments, following the21st Century ROAD to Housing Act's passage",
        "numbers": "21",
        "justified": "housingwire.com — https://www.housingwire.com/articles/voters-battleground-districts-support-stronger-federal-housing-actions/",
        "why": "Rates & inflation shape discount rates and housing affordability.",