{
  "as_of": "2026-01-29 21:43 UTC",
  "macro": {
    "spx": null,
    "ten_year": {
      "yield_pct": 4.26,
      "delta_bp_1d": 1.9999999999999574
    },
    "mortgage_30y": {
      "rate_pct": 6.1,
      "delta_bp_wow": 0.9999999999999787
    },
    "starts": {
      "level_saar": 1246.0,
      "mom": -0.04594180704441042
    }
  },
  "permits": {
    "florida": {
      "latest": 15200,
      "latest_date": "2025-10",
      "mom": 0.13832097655957454,
      "yoy": 0.14268531047962707,
      "ytd": -0.0034062907667777864,
      "ytd_count": 151261,
      "latest_year": 2025,
      "latest_month_name": "Oct"
    },
    "msa": {
      "Orlando–Kissimmee–Sanford": {
        "total": {
          "latest": 2471,
          "latest_year": 2025,
          "latest_month": 10,
          "latest_month_name": "Oct",
          "mom": 0.2208498023715415,
          "yoy": 0.505789152955515,
          "ytd_yoy": 0.2098518221866239,
          "ytd_count": 24168
        },
        "one_unit": {
          "latest": 1094,
          "latest_year": 2025,
          "latest_month": 10,
          "latest_month_name": "Oct",
          "mom": 0.27803738317757,
          "yoy": -0.09060681629260181,
          "ytd_yoy": -0.03620292083013066,
          "ytd_count": 12539
        },
        "dom": {
          "days": 83,
          "yoy": 0.03750000000000009,
          "as_of": "2025-12"
        }
      },
      "Tampa–St. Petersburg–Clearwater": {
        "total": {
          "latest": 2427,
          "latest_year": 2025,
          "latest_month": 10,
          "latest_month_name": "Oct",
          "mom": 0.5360759493670886,
          "yoy": 1.2939508506616257,
          "ytd_yoy": 0.04073680481757003,
          "ytd_count": 20566
        },
        "one_unit": {
          "latest": 1287,
          "latest_year": 2025,
          "latest_month": 10,
          "latest_month_name": "Oct",
          "mom": 0.2130065975494817,
          "yoy": 0.5,
          "ytd_yoy": -0.015960965927886206,
          "ytd_count": 11899
        },
        "dom": {
          "days": 80,
          "yoy": 0.11111111111111116,
          "as_of": "2025-12"
        }
      },
      "Ocala": {
        "total": {
          "latest": 470,
          "latest_year": 2025,
          "latest_month": 10,
          "latest_month_name": "Oct",
          "mom": 0.09557109557109555,
          "yoy": -0.010526315789473717,
          "ytd_yoy": -0.13937559732398852,
          "ytd_count": 5403
        },
        "one_unit": {
          "latest": 444,
          "latest_year": 2025,
          "latest_month": 10,
          "latest_month_name": "Oct",
          "mom": 0.21643835616438367,
          "yoy": -0.0326797385620915,
          "ytd_yoy": -0.1404255319148936,
          "ytd_count": 4848
        },
        "dom": {
          "days": 87,
          "yoy": 0.15999999999999992,
          "as_of": "2025-12"
        }
      },
      "Palm Bay–Melbourne–Titusville": {
        "total": {
          "latest": 343,
          "latest_year": 2025,
          "latest_month": 10,
          "latest_month_name": "Oct",
          "mom": -0.46406250000000004,
          "yoy": -0.51,
          "ytd_yoy": -0.004406428201140455,
          "ytd_count": 3841
        },
        "one_unit": {
          "latest": 343,
          "latest_year": 2025,
          "latest_month": 10,
          "latest_month_name": "Oct",
          "mom": 0.26102941176470584,
          "yoy": 0.026946107784431073,
          "ytd_yoy": -0.11307311028500622,
          "ytd_count": 2863
        },
        "dom": {
          "days": 78,
          "yoy": 0.040000000000000036,
          "as_of": "2025-12"
        }
      }
    }
  },
  "watchlist": [],
  "feed": [
    {
      "title": "Why M/I Homes is spec-heavy ahead of the spring selling season",
      "link": "https://www.housingwire.com/articles/mi-homes-q4-spec-sales/",
      "published": "Thu, 29 Jan 2026"
    },
    {
      "title": "Propy secures $100 million for AI-powered closing platform",
      "link": "https://www.housingwire.com/articles/propy-secures-100-million-for-ai-powered-closing-platform/",
      "published": "Thu, 29 Jan 2026"
    },
    {
      "title": "Paul Fiore on making HighTechLending a bigger mortgage player",
      "link": "https://www.housingwire.com/articles/fiore-hightechlending-reverse-growth/",
      "published": "Thu, 29 Jan 2026"
    },
    {
      "title": "Atlantic Bay Mortgage Group names Robyn Zacharias as CMO",
      "link": "https://www.housingwire.com/articles/atlantic-bay-zacharias-cmo/",
      "published": "Thu, 29 Jan 2026"
    },
    {
      "title": "IMBs originate 84% of residential mortgages in 2025",
      "link": "https://www.housingwire.com/articles/imb-dominance-2025-chla-report/",
      "published": "Thu, 29 Jan 2026"
    },
    {
      "title": "Study shows real estate brokerages are more profitable — and fewer are losing money",
      "link": "https://www.housingwire.com/articles/brokerage-profitability-nar-commission-data/",
      "published": "Thu, 29 Jan 2026"
    },
    {
      "title": "The Single-Family Rental Is On the Decline",
      "link": "https://www.redfin.com/news/rental-housing-multifamily-vs-single-family/",
      "published": "Thu, 29 Jan 2026"
    },
    {
      "title": "New Listings Rise For First Time in 2 Months As Lower Mortgage Rates Perk Up Homebuyers",
      "link": "https://www.redfin.com/news/housing-market-update-new-listings-increase-january/",
      "published": "Thu, 29 Jan 2026"
    },
    {
      "title": "With Fed Rate Cuts on Ice, Mortgage Rates Are Unlikely to Move",
      "link": "https://www.redfin.com/news/fed-meeting-rates-unchanged-january/",
      "published": "Wed, 28 Jan 2026"
    },
    {
      "title": "Redfin’s Most Neighborly Cities of 2026: Salt Lake City, Portland and Kansas City Top the List",
      "link": "https://www.redfin.com/news/most-neighborly-cities-2026/",
      "published": "Wed, 28 Jan 2026"
    },
    {
      "title": "Redfin Economists’ Weekly Take: There’s a Fed Meeting on Deck, But White House Policy Is Biggest Driver of Mortgage Rates",
      "link": "https://www.redfin.com/news/weekly-economic-update-fed-meeting-white-house-rates/",
      "published": "Mon, 26 Jan 2026"
    },
    {
      "title": "Meet the Newfins Starting 2026 Strong!",
      "link": "https://www.redfin.com/news/meet-the-newfins-starting-2026-strong/",
      "published": "Mon, 26 Jan 2026"
    }
  ],
  "feed_101020": {
    "macro": [
      {
        "title": "Reverse mortgage firms accused of charging illegal borrower fees",
        "url": "https://www.housingwire.com/articles/reverse-mortgage-lawsuit-fees/",
        "what": "Plaintiffs claim reverse mortgage companies added prohibited costs to HECM loans, violating federal rules and HUD fee limits.",
        "numbers": "",
        "justified": "housingwire.com — https://www.housingwire.com/articles/reverse-mortgage-lawsuit-fees/",
        "why": "Rates & inflation shape discount rates and housing affordability.",
        "market": "Lower rates support demand/valuations; higher rates pressure builders/REITs and slow transactions."
      },
      {
        "title": "New Listings Rise For First Time in 2 Months As Lower Mortgage Rates Perk Up Homebuyers",
        "url": "https://www.redfin.com/news/housing-market-update-new-listings-increase-january/",
        "what": "New listings and pending home sales are improving",
        "numbers": "1, 25,, 2",
        "justified": "redfin.com — https://www.redfin.com/news/housing-market-update-new-listings-increase-january/",
        "why": "Rates & inflation shape discount rates and housing affordability.",
        "market": "Lower rates support demand/valuations; higher rates pressure builders/REITs and slow transactions."
      },
      {
        "title": "With Fed Rate Cuts on Ice, Mortgage Rates Are Unlikely to Move",
        "url": "https://www.redfin.com/news/fed-meeting-rates-unchanged-january/",