{
  "as_of": "2026-04-16 03:46 UTC",
  "macro": {
    "spx": null,
    "ten_year": {
      "yield_pct": 4.26,
      "delta_bp_1d": -4.0000000000000036
    },
    "mortgage_30y": {
      "rate_pct": 6.37,
      "delta_bp_wow": -8.999999999999986
    },
    "starts": {
      "level_saar": 1487.0,
      "mom": 0.07209805335255948
    }
  },
  "permits": {
    "florida": {
      "latest": 11132,
      "latest_date": "2026-01",
      "mom": -0.15794251134644477,
      "yoy": -0.3402086296823139,
      "ytd": -0.3402086296823139,
      "ytd_count": 11132,
      "latest_year": 2026,
      "latest_month_name": "Jan"
    },
    "msa": {
      "Orlando–Kissimmee–Sanford": {
        "total": {
          "latest": 1394,
          "latest_year": 2026,
          "latest_month": 1,
          "latest_month_name": "Jan",
          "mom": -0.3611365719523373,
          "yoy": -0.6161894273127753,
          "ytd_yoy": -0.6161894273127753,
          "ytd_count": 1394
        },
        "one_unit": {
          "latest": 956,
          "latest_year": 2026,
          "latest_month": 1,
          "latest_month_name": "Jan",
          "mom": 0.10520231213872822,
          "yoy": -0.3137114142139268,
          "ytd_yoy": -0.3137114142139268,
          "ytd_count": 956
        },
        "dom": {
          "days": 67,
          "yoy": 0.1166666666666667,
          "as_of": "2026-03"
        }
      },
      "Tampa–St. Petersburg–Clearwater": {
        "total": {
          "latest": 1255,
          "latest_year": 2026,
          "latest_month": 1,
          "latest_month_name": "Jan",
          "mom": 0.017842660178426506,
          "yoy": -0.42219152854511965,
          "ytd_yoy": -0.42219152854511965,
          "ytd_count": 1255
        },
        "one_unit": {
          "latest": 1120,
          "latest_year": 2026,
          "latest_month": 1,
          "latest_month_name": "Jan",
          "mom": 0.20042872454448024,
          "yoy": 0.02658111824014675,
          "ytd_yoy": 0.02658111824014675,
          "ytd_count": 1120
        },
        "dom": {
          "days": 66,
          "yoy": 0.1578947368421053,
          "as_of": "2026-03"
        }
      },
      "Ocala": {
        "total": {
          "latest": 504,
          "latest_year": 2026,
          "latest_month": 1,
          "latest_month_name": "Jan",
          "mom": 0.23529411764705888,
          "yoy": -0.2186046511627907,
          "ytd_yoy": -0.2186046511627907,
          "ytd_count": 504
        },
        "one_unit": {
          "latest": 486,
          "latest_year": 2026,
          "latest_month": 1,
          "latest_month_name": "Jan",
          "mom": 0.21500000000000008,
          "yoy": -0.18592964824120606,
          "ytd_yoy": -0.18592964824120606,
          "ytd_count": 486
        },
        "dom": {
          "days": 74,
          "yoy": 0.1212121212121211,
          "as_of": "2026-03"
        }
      },
      "Palm Bay–Melbourne–Titusville": {
        "total": {
          "latest": 198,
          "latest_year": 2026,
          "latest_month": 1,
          "latest_month_name": "Jan",
          "mom": -0.6292134831460674,
          "yoy": -0.5560538116591929,
          "ytd_yoy": -0.5560538116591929,
          "ytd_count": 198
        },
        "one_unit": {
          "latest": 198,
          "latest_year": 2026,
          "latest_month": 1,
          "latest_month_name": "Jan",
          "mom": -0.2639405204460966,
          "yoy": -0.28776978417266186,
          "ytd_yoy": -0.28776978417266186,
          "ytd_count": 198
        },
        "dom": {
          "days": 64,
          "yoy": 0.0847457627118644,
          "as_of": "2026-03"
        }
      }
    }
  },
  "watchlist": [],
  "feed": [
    {
      "title": "Will new tax on ultra-luxury NYC homes derail red-hot demand?",
      "link": "https://www.housingwire.com/articles/will-new-tax-on-ultra-luxury-nyc-homes-derail-red-hot-demand/",
      "published": "Wed, 15 Apr 2026"
    },
    {
      "title": "16 indispensable AI tools for real estate agents",
      "link": "https://www.housingwire.com/articles/ai-tools-real-estate/",
      "published": "Wed, 15 Apr 2026"
    },
    {
      "title": "Side launches AI-powered compliance, reporting features inside Side App",
      "link": "https://www.housingwire.com/articles/side-app-ai-transaction-tools/",
      "published": "Wed, 15 Apr 2026"
    },
    {
      "title": "Auction.com names Ali Haralson co-CEO alongside Jason Allnutt",
      "link": "https://www.housingwire.com/articles/auction-com-names-ali-haralson-co-ceo/",
      "published": "Wed, 15 Apr 2026"
    },
    {
      "title": "New leaders appointed at WFG National Title, MyHome",
      "link": "https://www.housingwire.com/articles/new-leaders-appointed-at-wfg-national-title-myhome/",
      "published": "Wed, 15 Apr 2026"
    },
    {
      "title": "Waterstone Mortgage hires Jeremy Moreithi to lead Northern Virginia branch",
      "link": "https://www.housingwire.com/articles/waterstone-mortgage-hires-jeremy-moreithi/",
      "published": "Wed, 15 Apr 2026"
    },
    {
      "title": "A Billionaire Beach Party: Mark Zuckerberg’s $170 Million Florida Purchase Tops March’s Most Expensive Home Sales",
      "link": "https://www.redfin.com/news/most-expensive-home-sales-march-2026/",
      "published": "Wed, 15 Apr 2026"
    },
    {
      "title": "Over One-Third of American Workers Are Delaying or Canceling Major Purchases Due to Job Security Concerns",
      "link": "https://www.redfin.com/news/job-security-major-purchases-2026/",
      "published": "Wed, 15 Apr 2026"
    },
    {
      "title": "From Nebraska to Alaska: Redfin and Glassdoor Rank the Top U.S. Cities For New Grads",
      "link": "https://www.redfin.com/news/best-cities-recent-grads-2026/",
      "published": "Tue, 14 Apr 2026"
    },
    {
      "title": "Redfin Economists’ Weekly Take: Mortgage Rates Hold Steady, but Iran Ceasefire Talks Keep Risk of Sudden Swings on the Table",
      "link": "https://www.redfin.com/news/weekly-economic-update-april-13-2026/",
      "published": "Mon, 13 Apr 2026"
    },
    {
      "title": "Fed, Mortgage Rates Likely to Hold Steady on Latest Inflation Report",
      "link": "https://www.redfin.com/news/fed-mortgage-rates-likely-to-hold-steady-on-latest-inflation-report/",
      "published": "Fri, 10 Apr 2026"
    },
    {
      "title": "Redfin Earns Top 10 Spot in RealTrends Verified Rankings, Powered by Agent Productivity",
      "link": "https://www.redfin.com/news/redfin-realtrends-verified-rankings-2026/",
      "published": "Fri, 10 Apr 2026"
    }
  ],
  "feed_101020": {
    "macro": [
      {
        "title": "Will new tax on ultra-luxury NYC homes derail red-hot demand?",
        "url": "https://www.housingwire.com/articles/will-new-tax-on-ultra-luxury-nyc-homes-derail-red-hot-demand/",
        "what": "The proposed tax would apply to second homes valued above $5 million, with higher rates for properties exceeding $15 million and $25 million.",
        "numbers": "$5 million, $15 million, $25 million",
        "justified": "housingwire.com — https://www.housingwire.com/articles/will-new-tax-on-ultra-luxury-nyc-homes-derail-red-hot-demand/",
        "why": "Rates & inflation shape discount rates and housing affordability.",
        "market": "Lower rates support demand/valuations; higher rates pressure builders/REITs and slow transactions."
      },
      {
        "title": "Homebuilder confidence ticks down amid economic uncertainty",
        "url": "https://www.housingwire.com/articles/homebuilder-sentiment-april-2026/",
        "what": "Builder confidence fell four points to a reading of 34 in April, with 36% of builders cutting prices by 5% as mortgage rates remain high.",
        "numbers": "34, 36, 5",
        "justified": "housingwire.com — https://www.housingwire.com/articles/homebuilder-sentiment-april-2026/",
        "why": "Rates & inflation shape discount rates and housing affordability.",