{
  "as_of": "2025-11-18 07:31 UTC",
  "macro": {
    "spx": null,
    "ten_year": {
      "yield_pct": 4.14,
      "delta_bp_1d": 2.999999999999936
    },
    "mortgage_30y": {
      "rate_pct": 6.24,
      "delta_bp_wow": 2.000000000000046
    },
    "starts": {
      "level_saar": 1307.0,
      "mom": -0.08537438768369487
    }
  },
  "permits": {
    "florida": {
      "latest": 13594,
      "latest_date": "2025-08",
      "mom": -0.0727781188186345,
      "yoy": -0.13226094727435211,
      "ytd": -0.026868417713488135,
      "ytd_count": 122708,
      "latest_year": 2025,
      "latest_month_name": "Aug"
    },
    "msa": {
      "Orlando–Kissimmee–Sanford": {
        "total": {
          "latest": 1649,
          "latest_year": 2025,
          "latest_month": 8,
          "latest_month_name": "Aug",
          "mom": -0.20797310278578285,
          "yoy": -0.16336884830035514,
          "ytd_yoy": 0.20390428982314424,
          "ytd_count": 19673
        },
        "one_unit": {
          "latest": 927,
          "latest_year": 2025,
          "latest_month": 8,
          "latest_month_name": "Aug",
          "mom": -0.12793979303857006,
          "yoy": -0.382,
          "ytd_yoy": 0.008284136354979932,
          "ytd_count": 10589
        },
        "dom": {
          "days": 81,
          "yoy": 0.17391304347826098,
          "as_of": "2025-10"
        }
      },
      "Tampa–St. Petersburg–Clearwater": {
        "total": {
          "latest": 2908,
          "latest_year": 2025,
          "latest_month": 8,
          "latest_month_name": "Aug",
          "mom": 0.6645678305666858,
          "yoy": 0.465725806451613,
          "ytd_yoy": -0.06499153020892157,
          "ytd_count": 16559
        },
        "one_unit": {
          "latest": 1324,
          "latest_year": 2025,
          "latest_month": 8,
          "latest_month_name": "Aug",
          "mom": 0.16140350877192988,
          "yoy": 0.2526017029328287,
          "ytd_yoy": -0.09323079844298865,
          "ytd_count": 9551
        },
        "dom": {
          "days": 79,
          "yoy": 0.09722222222222232,
          "as_of": "2025-10"
        }
      },
      "Ocala": {
        "total": {
          "latest": 461,
          "latest_year": 2025,
          "latest_month": 8,
          "latest_month_name": "Aug",
          "mom": 0.0453514739229024,
          "yoy": 0.0453514739229024,
          "ytd_yoy": -0.1361718450326045,
          "ytd_count": 4504
        },
        "one_unit": {
          "latest": 451,
          "latest_year": 2025,
          "latest_month": 8,
          "latest_month_name": "Aug",
          "mom": 0.09200968523002429,
          "yoy": 0.0562060889929743,
          "ytd_yoy": -0.12195652173913041,
          "ytd_count": 4039
        },
        "dom": {
          "days": 78,
          "yoy": 0.11428571428571432,
          "as_of": "2025-10"
        }
      },
      "Palm Bay–Melbourne–Titusville": {
        "total": {
          "latest": 391,
          "latest_year": 2025,
          "latest_month": 8,
          "latest_month_name": "Aug",
          "mom": -0.28519195612431447,
          "yoy": 0.3076923076923077,
          "ytd_yoy": 0.03214156735283491,
          "ytd_count": 2858
        },
        "one_unit": {
          "latest": 239,
          "latest_year": 2025,
          "latest_month": 8,
          "latest_month_name": "Aug",
          "mom": -0.13090909090909086,
          "yoy": -0.2006688963210702,
          "ytd_yoy": -0.10545165141265422,
          "ytd_count": 2248
        },
        "dom": {
          "days": 75,
          "yoy": 0.08695652173913038,
          "as_of": "2025-10"
        }
      }
    }
  },
  "watchlist": [],
  "feed": [
    {
      "title": "Century 21 expands in central Florida",
      "link": "https://www.housingwire.com/articles/century-21-expands-in-central-florida/",
      "published": "Mon, 17 Nov 2025"
    },
    {
      "title": "Oregon agents launch Christie’s International Real Estate Evergreen",
      "link": "https://www.housingwire.com/articles/oregon-agents-launch-christies-international-real-estate-evergreen/",
      "published": "Mon, 17 Nov 2025"
    },
    {
      "title": "PulteGroup expands into Cincinnati market",
      "link": "https://www.housingwire.com/articles/pultegroup-cincinnati-expansion/",
      "published": "Mon, 17 Nov 2025"
    },
    {
      "title": "Berkshire exits D.R. Horton, adds to Lennar — what it means for homebuilders",
      "link": "https://www.housingwire.com/articles/berkshire-sells-d-r-horton-adds-lennar-analysis/",
      "published": "Mon, 17 Nov 2025"
    },
    {
      "title": "Fathom Holdings reports 38% revenue growth, ancillary service expansion",
      "link": "https://www.housingwire.com/articles/fathom-holdings-reports-38-revenue-growth-ancillary-service-expansion/",
      "published": "Mon, 17 Nov 2025"
    },
    {
      "title": "Former Fed Governor Kugler violated financial trading rules, filings show",
      "link": "https://www.housingwire.com/articles/adriana-kugler-fed-ethics-violations/",
      "published": "Mon, 17 Nov 2025"
    },
    {
      "title": "Redfin Economists’ Weekly Take: Lack of Fresh Economic Data May Prevent December Rate Cut",
      "link": "https://www.redfin.com/news/weekly-economics-update-november-17/",
      "published": "Mon, 17 Nov 2025"
    },
    {
      "title": "How a 50-Year Mortgage Would Differ From a 30-Year Mortgage—and What It Would Mean for Homebuyers",
      "link": "https://www.redfin.com/news/50-year-mortgage-explained/",
      "published": "Fri, 14 Nov 2025"
    },
    {
      "title": "Redfin Debuts Conversational Search to Reinvent How You Find Homes",
      "link": "https://www.redfin.com/news/redfin-debuts-conversational-search/",
      "published": "Thu, 13 Nov 2025"
    },
    {
      "title": "Pending Home Sales Slip As Would-Be Buyers Wait For Lower Rates and Economic Clarity",
      "link": "https://www.redfin.com/news/housing-market-update-pending-sales-decline-buyers-waiting-for-lower-rates/",
      "published": "Thu, 13 Nov 2025"
    },
    {
      "title": "Redfin Economists’ Weekly Take: Fresh Government Data Could Bring Mortgage Rate Volatility",
      "link": "https://www.redfin.com/news/weekly-economics-update-november-10/",
      "published": "Mon, 10 Nov 2025"
    },
    {
      "title": "Affordability Improves Slightly For Veteran Homebuyers, But Most Homes Are Still Out of Reach",
      "link": "https://www.redfin.com/news/veteran-homebuying-affordability-2025/",
      "published": "Mon, 10 Nov 2025"
    }
  ],
  "feed_101020": {
    "macro": [
      {
        "title": "Former Fed Governor Kugler violated financial trading rules, filings show",
        "url": "https://www.housingwire.com/articles/adriana-kugler-fed-ethics-violations/",
        "what": "Adriana Kugler's financial transactions, including several stock purchases in 2024, violated Fed ethics rules, leading to her resignation.",
        "numbers": "2024,",
        "justified": "housingwire.com — https://www.housingwire.com/articles/adriana-kugler-fed-ethics-violations/",
        "why": "Rates & inflation shape discount rates and housing affordability.",
        "market": "Lower rates support demand/valuations; higher rates pressure builders/REITs and slow transactions."
      },
      {
        "title": "Redfin Economists’ Weekly Take: Lack of Fresh Economic Data May Prevent December Rate Cut",
        "url": "https://www.redfin.com/news/weekly-economics-update-november-17/",
        "what": "This Week In A Nutshell With the government open, mortgage rates may wobble as we digest the September jobs report this Thursday and hear from the statistical agencies about what fresh data will be arriving before the December 10 Fed meeting",
        "numbers": "10",
        "justified": "redfin.com — https://www.redfin.com/news/weekly-economics-update-november-17/",