{
  "as_of": "2025-12-18 16:47 UTC",
  "macro": {
    "spx": null,
    "ten_year": {
      "yield_pct": 4.15,
      "delta_bp_1d": -2.999999999999936
    },
    "mortgage_30y": {
      "rate_pct": 6.22,
      "delta_bp_wow": 2.999999999999936
    },
    "starts": {
      "level_saar": 1307.0,
      "mom": -0.08537438768369487
    }
  },
  "permits": {
    "florida": {
      "latest": 13594,
      "latest_date": "2025-08",
      "mom": -0.0727781188186345,
      "yoy": -0.13226094727435211,
      "ytd": -0.026868417713488135,
      "ytd_count": 122708,
      "latest_year": 2025,
      "latest_month_name": "Aug"
    },
    "msa": {
      "Orlando–Kissimmee–Sanford": {
        "total": {
          "latest": 1649,
          "latest_year": 2025,
          "latest_month": 8,
          "latest_month_name": "Aug",
          "mom": -0.20797310278578285,
          "yoy": -0.16336884830035514,
          "ytd_yoy": 0.20390428982314424,
          "ytd_count": 19673
        },
        "one_unit": {
          "latest": 927,
          "latest_year": 2025,
          "latest_month": 8,
          "latest_month_name": "Aug",
          "mom": -0.12793979303857006,
          "yoy": -0.382,
          "ytd_yoy": 0.008284136354979932,
          "ytd_count": 10589
        },
        "dom": {
          "days": 80,
          "yoy": 0.09589041095890405,
          "as_of": "2025-11"
        }
      },
      "Tampa–St. Petersburg–Clearwater": {
        "total": {
          "latest": 2908,
          "latest_year": 2025,
          "latest_month": 8,
          "latest_month_name": "Aug",
          "mom": 0.6645678305666858,
          "yoy": 0.465725806451613,
          "ytd_yoy": -0.06499153020892157,
          "ytd_count": 16559
        },
        "one_unit": {
          "latest": 1324,
          "latest_year": 2025,
          "latest_month": 8,
          "latest_month_name": "Aug",
          "mom": 0.16140350877192988,
          "yoy": 0.2526017029328287,
          "ytd_yoy": -0.09323079844298865,
          "ytd_count": 9551
        },
        "dom": {
          "days": 78,
          "yoy": 0.054054054054053946,
          "as_of": "2025-11"
        }
      },
      "Ocala": {
        "total": {
          "latest": 461,
          "latest_year": 2025,
          "latest_month": 8,
          "latest_month_name": "Aug",
          "mom": 0.0453514739229024,
          "yoy": 0.0453514739229024,
          "ytd_yoy": -0.1361718450326045,
          "ytd_count": 4504
        },
        "one_unit": {
          "latest": 451,
          "latest_year": 2025,
          "latest_month": 8,
          "latest_month_name": "Aug",
          "mom": 0.09200968523002429,
          "yoy": 0.0562060889929743,
          "ytd_yoy": -0.12195652173913041,
          "ytd_count": 4039
        },
        "dom": {
          "days": 79,
          "yoy": 0.12857142857142856,
          "as_of": "2025-11"
        }
      },
      "Palm Bay–Melbourne–Titusville": {
        "total": {
          "latest": 391,
          "latest_year": 2025,
          "latest_month": 8,
          "latest_month_name": "Aug",
          "mom": -0.28519195612431447,
          "yoy": 0.3076923076923077,
          "ytd_yoy": 0.03214156735283491,
          "ytd_count": 2858
        },
        "one_unit": {
          "latest": 239,
          "latest_year": 2025,
          "latest_month": 8,
          "latest_month_name": "Aug",
          "mom": -0.13090909090909086,
          "yoy": -0.2006688963210702,
          "ytd_yoy": -0.10545165141265422,
          "ytd_count": 2248
        },
        "dom": {
          "days": 74,
          "yoy": 0.04225352112676051,
          "as_of": "2025-11"
        }
      }
    }
  },
  "watchlist": [],
  "feed": [
    {
      "title": "OCC proposes simplified CRA plans for community banks",
      "link": "https://www.housingwire.com/articles/occ-cra-guidance-community-banks/",
      "published": "Thu, 18 Dec 2025"
    },
    {
      "title": "New executives named at @properties Christie’s International Real Estate",
      "link": "https://www.housingwire.com/articles/christies-leadership-changes-2025/",
      "published": "Thu, 18 Dec 2025"
    },
    {
      "title": "What’s new from Tech100 honoree CLARIFIRE? Security, AI transcription and automation for mortgage servicers",
      "link": "https://www.housingwire.com/articles/clarifire-ai-automation-2025/",
      "published": "Thu, 18 Dec 2025"
    },
    {
      "title": "Mortgage payments decrease slightly in November",
      "link": "https://www.housingwire.com/articles/homebuyer-affordability-improves-november/",
      "published": "Thu, 18 Dec 2025"
    },
    {
      "title": "Inflation cooled in November after September peak",
      "link": "https://www.housingwire.com/articles/november-inflation-slows-2025/",
      "published": "Thu, 18 Dec 2025"
    },
    {
      "title": "Homebuilders have new competition for lots. Data centers",
      "link": "https://www.housingwire.com/articles/ai-data-center-land-impact/",
      "published": "Thu, 18 Dec 2025"
    },
    {
      "title": "Mortgage Rates Stay Relatively Flat After Noisy Inflation Data",
      "link": "https://www.redfin.com/news/mortgage-rates-steady-noisy-inflation-data/",
      "published": "Thu, 18 Dec 2025"
    },
    {
      "title": "Pending Home Sales Fall 6%, the Biggest Drop in Nearly a Year",
      "link": "https://www.redfin.com/news/housing-market-update-pending-sales-fall-holiday/",
      "published": "Thu, 18 Dec 2025"
    },
    {
      "title": "The Suburbs of St. Louis Are the Most Affordable Place in the U.S. to Buy a Home",
      "link": "https://www.redfin.com/news/most-affordable-cities-november-2025/",
      "published": "Wed, 17 Dec 2025"
    },
    {
      "title": "Mortgage Rates Likely to Remain Unchanged Following Mixed October, November Jobs Data",
      "link": "https://www.redfin.com/news/economist-take-november-jobs-data/",
      "published": "Tue, 16 Dec 2025"
    },
    {
      "title": "Aspen Dominates November’s Priciest Home Sales",
      "link": "https://www.redfin.com/news/most-expensive-home-sales-november-2025/",
      "published": "Tue, 16 Dec 2025"
    },
    {
      "title": "Washington Flooding: Redfin’s Latest Flood-Risk and Housing Data as Atmospheric River Sweeps State",
      "link": "https://www.redfin.com/news/washington-state-flooding-2025/",
      "published": "Tue, 16 Dec 2025"
    }
  ],
  "feed_101020": {
    "macro": [
      {
        "title": "Mortgage Rates Stay Relatively Flat After Noisy Inflation Data",
        "url": "https://www.redfin.com/news/mortgage-rates-steady-noisy-inflation-data/",
        "what": "Takeaway: Core CPI inflation came in at 2.6% year over year, much lower than consensus expectations of 3.0%",
        "numbers": "2.6, 3.0",
        "justified": "redfin.com — https://www.redfin.com/news/mortgage-rates-steady-noisy-inflation-data/",
        "why": "Rates & inflation shape discount rates and housing affordability.",
        "market": "Lower rates support demand/valuations; higher rates pressure builders/REITs and slow transactions."
      },
      {
        "title": "Inflation cooled in November after September peak",
        "url": "https://www.housingwire.com/articles/november-inflation-slows-2025/",
        "what": "Inflation cooled to an annual increase of 2.7% in November as energy prices rise after posting a 3.0% increase in September",
        "numbers": "2.7, 3.0",
        "justified": "housingwire.com — https://www.housingwire.com/articles/november-inflation-slows-2025/",
        "why": "Rates & inflation shape discount rates and housing affordability.",
        "market": "Lower rates support demand/valuations; higher rates pressure builders/REITs and slow transactions."
      },
      {
        "title": "Zillow was right to kill Climate RiskScores",
        "url": "https://www.housingwire.com/articles/zillow-was-right-to-kill-climate-riskscores/",