{
  "as_of": "2026-06-09 15:29 UTC",
  "macro": {
    "spx": null,
    "ten_year": {
      "yield_pct": 4.55,
      "delta_bp_1d": 8.000000000000007
    },
    "mortgage_30y": {
      "rate_pct": 6.48,
      "delta_bp_wow": -4.999999999999982
    },
    "starts": {
      "level_saar": 1465.0,
      "mom": -0.02786994027869938
    }
  },
  "permits": {
    "florida": {
      "latest": 14596,
      "latest_date": "2026-04",
      "mom": 0.17246365169893174,
      "yoy": 0.05378673019998548,
      "ytd": -0.16725489221388212,
      "ytd_count": 50257,
      "latest_year": 2026,
      "latest_month_name": "Apr"
    },
    "msa": {
      "Orlando–Kissimmee–Sanford": {
        "total": {
          "latest": 1926,
          "latest_year": 2026,
          "latest_month": 4,
          "latest_month_name": "Apr",
          "mom": 0.3449720670391061,
          "yoy": -0.21675477836518908,
          "ytd_yoy": -0.4733425653453349,
          "ytd_count": 6085
        },
        "one_unit": {
          "latest": 1124,
          "latest_year": 2026,
          "latest_month": 4,
          "latest_month_name": "Apr",
          "mom": 0.0017825311942958333,
          "yoy": -0.2629508196721312,
          "ytd_yoy": -0.2609791216702664,
          "ytd_count": 4106
        },
        "dom": {
          "days": 70,
          "yoy": 0.07692307692307687,
          "as_of": "2026-05"
        }
      },
      "Tampa–St. Petersburg–Clearwater": {
        "total": {
          "latest": 1599,
          "latest_year": 2026,
          "latest_month": 4,
          "latest_month_name": "Apr",
          "mom": 0.008196721311475308,
          "yoy": -0.08156232050545664,
          "ytd_yoy": -0.11729622266401596,
          "ytd_count": 6216
        },
        "one_unit": {
          "latest": 1198,
          "latest_year": 2026,
          "latest_month": 4,
          "latest_month_name": "Apr",
          "mom": 0.018707482993197244,
          "yoy": -0.07347254447022433,
          "ytd_yoy": 0.03634336677814942,
          "ytd_count": 4648
        },
        "dom": {
          "days": 67,
          "yoy": 0.1166666666666667,
          "as_of": "2026-05"
        }
      },
      "Ocala": {
        "total": {
          "latest": 588,
          "latest_year": 2026,
          "latest_month": 4,
          "latest_month_name": "Apr",
          "mom": -0.04854368932038833,
          "yoy": 0.27826086956521734,
          "ytd_yoy": -0.02434928631402178,
          "ytd_count": 2324
        },
        "one_unit": {
          "latest": 588,
          "latest_year": 2026,
          "latest_month": 4,
          "latest_month_name": "Apr",
          "mom": -0.04854368932038833,
          "yoy": 0.3183856502242153,
          "ytd_yoy": 0.038181818181818095,
          "ytd_count": 2284
        },
        "dom": {
          "days": 79,
          "yoy": 0.09722222222222232,
          "as_of": "2026-05"
        }
      },
      "Palm Bay–Melbourne–Titusville": {
        "total": {
          "latest": 303,
          "latest_year": 2026,
          "latest_month": 4,
          "latest_month_name": "Apr",
          "mom": -0.08181818181818179,
          "yoy": -0.03809523809523807,
          "ytd_yoy": -0.18174904942965775,
          "ytd_count": 1076
        },
        "one_unit": {
          "latest": 303,
          "latest_year": 2026,
          "latest_month": 4,
          "latest_month_name": "Apr",
          "mom": -0.08181818181818179,
          "yoy": -0.025723472668810254,
          "ytd_yoy": -0.05364995602462619,
          "ytd_count": 1076
        },
        "dom": {
          "days": 65,
          "yoy": 0.0,
          "as_of": "2026-05"
        }
      }
    }
  },
  "watchlist": [],
  "feed": [
    {
      "title": "Martha Stewart, Trex team up on outdoor living for remodelers, builders",
      "link": "https://www.housingwire.com/articles/martha-stewart-trex-outdoor-living-collaboration-builders-remodelers/",
      "published": "Tue, 09 Jun 2026"
    },
    {
      "title": "Wendy Forsythe promoted to COO at eXp Realty",
      "link": "https://www.housingwire.com/articles/wendy-forsythe-exp-coo/",
      "published": "Tue, 09 Jun 2026"
    },
    {
      "title": "Dan Firda named CEO at Brands By Integra",
      "link": "https://www.housingwire.com/articles/brands-integra-ceo-transition-firda/",
      "published": "Tue, 09 Jun 2026"
    },
    {
      "title": "2026 The Thousand: Noble Black mega team closes $546.03M, joins Corcoran",
      "link": "https://www.housingwire.com/articles/noble-black-546m-corcoran/",
      "published": "Tue, 09 Jun 2026"
    },
    {
      "title": "Rocket seeks $1.2B notes sale to repay 2026 bonds",
      "link": "https://www.housingwire.com/articles/rocket-notes-repay-2026/",
      "published": "Tue, 09 Jun 2026"
    },
    {
      "title": "2026 The Thousand: The Gedalje Group moves into top 10 after 468 sides in 2025",
      "link": "https://www.housingwire.com/articles/gedalje-group-realtrends-468/",
      "published": "Tue, 09 Jun 2026"
    },
    {
      "title": "Nashville, Miami and Austin–Once Pandemic Homebuying Hotspots–Are This Spring’s Strongest Buyer’s Markets",
      "link": "https://www.redfin.com/news/buyers-vs-sellers-may-2026/",
      "published": "Tue, 09 Jun 2026"
    },
    {
      "title": "This Week’s Inflation and Sentiment Data May Clarify the Fed’s Path",
      "link": "https://www.redfin.com/news/mortage-rates-still-risk-of-rising-strait-hormuz-still-closed/",
      "published": "Mon, 08 Jun 2026"
    },
    {
      "title": "Rising Rates Stall Housing Market Momentum Just After Closed Home Sales Hit Highest Level Since 2022",
      "link": "https://www.redfin.com/news/rising-rates-stall-housing-market-momentum/",
      "published": "Mon, 08 Jun 2026"
    },
    {
      "title": "Strong Jobs Report Pushes Mortgage Rates Higher, Reopening the Door to Future Fed Hikes",
      "link": "https://www.redfin.com/news/strong-jobs-report-pushes-mortgage-rates-higher-reopening-the-door-to-future-fed-hikes/",
      "published": "Fri, 05 Jun 2026"
    },
    {
      "title": "Redfin Agents Shine in National RealTrends Verified Rankings",
      "link": "https://www.redfin.com/news/realtrends-verified-2026/",
      "published": "Fri, 05 Jun 2026"
    },
    {
      "title": "New Listings Fall 1.3%, One of the Biggest Weekly Declines of 2026",
      "link": "https://www.redfin.com/news/housing-market-update-new-listings-decline-rising-rates/",
      "published": "Thu, 04 Jun 2026"
    }
  ],
  "feed_101020": {
    "macro": [
      {
        "title": "Rocket seeks $1.2B notes sale to repay 2026 bonds",
        "url": "https://www.housingwire.com/articles/rocket-notes-repay-2026/",
        "what": "Rocket Companies plans to issue $1.2 billion in debt, with proceeds earmarked to pay upcoming maturities and other debt obligations, the company announced Tuesday.",
        "numbers": "$1.2 billion",
        "justified": "housingwire.com — https://www.housingwire.com/articles/rocket-notes-repay-2026/",
        "why": "Relevant development for housing and markets.",
        "market": "Watch second-order effects across builders, lenders, and REITs."
      },
      {
        "title": "The verification layer financial systems forgot to build",
        "url": "https://www.housingwire.com/articles/ai-lending-verification-layer/",
        "what": "As AI accelerates financial decision-making and makes synthetic data easier to fabricate, the lending industry is accumulating a dangerous amount of \"verification debt.\" To prevent",
        "numbers": "",
        "justified": "housingwire.com — https://www.housingwire.com/articles/ai-lending-verification-layer/",
        "why": "Rates & inflation shape discount rates and housing affordability.",