{
  "as_of": "2026-07-20 18:18 UTC",
  "macro": {
    "spx": null,
    "ten_year": {
      "yield_pct": 4.57,
      "delta_bp_1d": 2.000000000000046
    },
    "mortgage_30y": {
      "rate_pct": 6.55,
      "delta_bp_wow": 5.999999999999961
    },
    "starts": {
      "level_saar": 1427.0,
      "mom": 0.19015846538782322
    }
  },
  "permits": {
    "florida": {
      "latest": 13055,
      "latest_date": "2026-05",
      "mom": -0.10557687037544528,
      "yoy": -0.1036116451524306,
      "ytd": -0.15488219982647,
      "ytd_count": 63312,
      "latest_year": 2026,
      "latest_month_name": "May"
    },
    "msa": {
      "Orlando–Kissimmee–Sanford": {
        "total": {
          "latest": 1846,
          "latest_year": 2026,
          "latest_month": 5,
          "latest_month_name": "May",
          "mom": -0.041536863966770476,
          "yoy": 0.030133928571428603,
          "ytd_yoy": -0.40573954742994156,
          "ytd_count": 7931
        },
        "one_unit": {
          "latest": 1050,
          "latest_year": 2026,
          "latest_month": 5,
          "latest_month_name": "May",
          "mom": -0.0658362989323843,
          "yoy": -0.13007456503728254,
          "ytd_yoy": -0.2376164424072157,
          "ytd_count": 5156
        },
        "dom": {
          "days": 70,
          "yoy": 0.0,
          "as_of": "2026-06"
        }
      },
      "Tampa–St. Petersburg–Clearwater": {
        "total": {
          "latest": 2505,
          "latest_year": 2026,
          "latest_month": 5,
          "latest_month_name": "May",
          "mom": 0.5666041275797373,
          "yoy": 0.03256389117889524,
          "ytd_yoy": -0.0788973384030418,
          "ytd_count": 8721
        },
        "one_unit": {
          "latest": 1141,
          "latest_year": 2026,
          "latest_month": 5,
          "latest_month_name": "May",
          "mom": -0.047579298831385675,
          "yoy": -0.14595808383233533,
          "ytd_yoy": -0.005497337227280519,
          "ytd_count": 5789
        },
        "dom": {
          "days": 68,
          "yoy": 0.0,
          "as_of": "2026-06"
        }
      },
      "Ocala": {
        "total": {
          "latest": 481,
          "latest_year": 2026,
          "latest_month": 5,
          "latest_month_name": "May",
          "mom": -0.1819727891156463,
          "yoy": -0.034136546184738936,
          "ytd_yoy": -0.02604166666666663,
          "ytd_count": 2805
        },
        "one_unit": {
          "latest": 477,
          "latest_year": 2026,
          "latest_month": 5,
          "latest_month_name": "May",
          "mom": -0.18877551020408168,
          "yoy": -0.01851851851851849,
          "ytd_yoy": 0.02792256142963523,
          "ytd_count": 2761
        },
        "dom": {
          "days": 78,
          "yoy": 0.0,
          "as_of": "2026-06"
        }
      },
      "Palm Bay–Melbourne–Titusville": {
        "total": {
          "latest": 328,
          "latest_year": 2026,
          "latest_month": 5,
          "latest_month_name": "May",
          "mom": 0.08250825082508251,
          "yoy": 0.2615384615384615,
          "ytd_yoy": -0.10857142857142854,
          "ytd_count": 1404
        },
        "one_unit": {
          "latest": 328,
          "latest_year": 2026,
          "latest_month": 5,
          "latest_month_name": "May",
          "mom": 0.08250825082508251,
          "yoy": 0.3015873015873016,
          "ytd_yoy": 0.010799136069114423,
          "ytd_count": 1404
        },
        "dom": {
          "days": 66,
          "yoy": -0.08333333333333337,
          "as_of": "2026-06"
        }
      }
    }
  },
  "watchlist": [],
  "feed": [
    {
      "title": "The housing market not normalizing, as affordability failure persists",
      "link": "https://www.housingwire.com/articles/housing-affordability-failure-optics/",
      "published": "Mon, 20 Jul 2026"
    },
    {
      "title": "Why your next open house should start with the neighbors",
      "link": "https://www.housingwire.com/articles/open-house-sequence-neighbors/",
      "published": "Mon, 20 Jul 2026"
    },
    {
      "title": "FirstTeam Real Estate opens Monterey office on California Central Coast",
      "link": "https://www.housingwire.com/articles/firstteam-monterey-community-office/",
      "published": "Mon, 20 Jul 2026"
    },
    {
      "title": "Corcoran SRG Residential expands Long Island footprint",
      "link": "https://www.housingwire.com/articles/corcoran-srg-residential-expands-long-island-footprint/",
      "published": "Mon, 20 Jul 2026"
    },
    {
      "title": "Americans trust financial advice but struggle to feel ready for retirement",
      "link": "https://www.housingwire.com/articles/americans-trust-financial-advice-but-struggle-to-feel-ready-for-retirement/",
      "published": "Mon, 20 Jul 2026"
    },
    {
      "title": "Mortgage volumes point to bank share gains in Q2",
      "link": "https://www.housingwire.com/articles/banks-take-mortgage-share-q2-2026/",
      "published": "Mon, 20 Jul 2026"
    },
    {
      "title": "Beachfront Florida and Coastal California Ruled June’s Ultra-Luxury Home Sales",
      "link": "https://www.redfin.com/news/most-expensive-home-sales-june-2026/",
      "published": "Fri, 17 Jul 2026"
    },
    {
      "title": "Pending Home Sales Slip Amid Stubbornly High Housing Costs, Economic Uncertainty",
      "link": "https://www.redfin.com/news/housing-market-update-pending-sales-slip-high-costs/",
      "published": "Thu, 16 Jul 2026"
    },
    {
      "title": "The Home Search Landscape is Changing. If You’re Not on Redfin, You May Be Missing Homes for Sale.",
      "link": "https://www.redfin.com/news/home-search-in-2026/",
      "published": "Wed, 15 Jul 2026"
    },
    {
      "title": "Affordable, Inland College Towns Buck National Trends, Seeing Double-Digit Home Price Growth and Fast Sales",
      "link": "https://www.redfin.com/news/college-town-housing-data-2026/",
      "published": "Wed, 15 Jul 2026"
    },
    {
      "title": "Better Weather Is the Top Reason Americans Are Planning Out-of-State Moves, Outranking Affordability",
      "link": "https://www.redfin.com/news/americans-moving-better-weather/",
      "published": "Wed, 15 Jul 2026"
    },
    {
      "title": "Redfin Partners With The Weather Company to Bring Weather Data to Every Home Listing",
      "link": "https://www.redfin.com/news/redfin-partners-weather-company/",
      "published": "Wed, 15 Jul 2026"
    }
  ],
  "feed_101020": {
    "macro": [
      {
        "title": "Americans trust financial advice but struggle to feel ready for retirement",
        "url": "https://www.housingwire.com/articles/americans-trust-financial-advice-but-struggle-to-feel-ready-for-retirement/",
        "what": "New surveys suggest rising costs, economic uncertainty and concerns about AI are making it harder for workers to meet retirement goals.",
        "numbers": "",
        "justified": "housingwire.com — https://www.housingwire.com/articles/americans-trust-financial-advice-but-struggle-to-feel-ready-for-retirement/",
        "why": "Relevant development for housing and markets.",
        "market": "Watch second-order effects across builders, lenders, and REITs."
      },
      {
        "title": "Can the housing market weather Iran conflict 2.0 and higher rates?",
        "url": "https://www.housingwire.com/articles/iran-conflict-664-mortgage-rates/",
        "what": "Weekly housing indicators suggest a modest cooling as mortgage rates spent most of last week above 6.64% and the Iran conflict escalates.",
        "numbers": "6.64",
        "justified": "housingwire.com — https://www.housingwire.com/articles/iran-conflict-664-mortgage-rates/",
        "why": "Rates & inflation shape discount rates and housing affordability.",