{
  "as_of": "2026-02-12 17:16 UTC",
  "macro": {
    "spx": null,
    "ten_year": {
      "yield_pct": 4.16,
      "delta_bp_1d": -5.999999999999961
    },
    "mortgage_30y": {
      "rate_pct": 6.09,
      "delta_bp_wow": -2.000000000000046
    },
    "starts": {
      "level_saar": 1246.0,
      "mom": -0.04594180704441042
    }
  },
  "permits": {
    "florida": {
      "latest": 15200,
      "latest_date": "2025-10",
      "mom": 0.13832097655957454,
      "yoy": 0.14268531047962707,
      "ytd": -0.0034062907667777864,
      "ytd_count": 151261,
      "latest_year": 2025,
      "latest_month_name": "Oct"
    },
    "msa": {
      "Orlando–Kissimmee–Sanford": {
        "total": {
          "latest": 2471,
          "latest_year": 2025,
          "latest_month": 10,
          "latest_month_name": "Oct",
          "mom": 0.2208498023715415,
          "yoy": 0.505789152955515,
          "ytd_yoy": 0.2098518221866239,
          "ytd_count": 24168
        },
        "one_unit": {
          "latest": 1094,
          "latest_year": 2025,
          "latest_month": 10,
          "latest_month_name": "Oct",
          "mom": 0.27803738317757,
          "yoy": -0.09060681629260181,
          "ytd_yoy": -0.03620292083013066,
          "ytd_count": 12539
        },
        "dom": {
          "days": 88,
          "yoy": 0.08641975308641969,
          "as_of": "2026-01"
        }
      },
      "Tampa–St. Petersburg–Clearwater": {
        "total": {
          "latest": 2427,
          "latest_year": 2025,
          "latest_month": 10,
          "latest_month_name": "Oct",
          "mom": 0.5360759493670886,
          "yoy": 1.2939508506616257,
          "ytd_yoy": 0.04073680481757003,
          "ytd_count": 20566
        },
        "one_unit": {
          "latest": 1287,
          "latest_year": 2025,
          "latest_month": 10,
          "latest_month_name": "Oct",
          "mom": 0.2130065975494817,
          "yoy": 0.5,
          "ytd_yoy": -0.015960965927886206,
          "ytd_count": 11899
        },
        "dom": {
          "days": 85,
          "yoy": 0.2142857142857142,
          "as_of": "2026-01"
        }
      },
      "Ocala": {
        "total": {
          "latest": 470,
          "latest_year": 2025,
          "latest_month": 10,
          "latest_month_name": "Oct",
          "mom": 0.09557109557109555,
          "yoy": -0.010526315789473717,
          "ytd_yoy": -0.13937559732398852,
          "ytd_count": 5403
        },
        "one_unit": {
          "latest": 444,
          "latest_year": 2025,
          "latest_month": 10,
          "latest_month_name": "Oct",
          "mom": 0.21643835616438367,
          "yoy": -0.0326797385620915,
          "ytd_yoy": -0.1404255319148936,
          "ytd_count": 4848
        },
        "dom": {
          "days": 93,
          "yoy": 0.2567567567567568,
          "as_of": "2026-01"
        }
      },
      "Palm Bay–Melbourne–Titusville": {
        "total": {
          "latest": 343,
          "latest_year": 2025,
          "latest_month": 10,
          "latest_month_name": "Oct",
          "mom": -0.46406250000000004,
          "yoy": -0.51,
          "ytd_yoy": -0.004406428201140455,
          "ytd_count": 3841
        },
        "one_unit": {
          "latest": 343,
          "latest_year": 2025,
          "latest_month": 10,
          "latest_month_name": "Oct",
          "mom": 0.26102941176470584,
          "yoy": 0.026946107784431073,
          "ytd_yoy": -0.11307311028500622,
          "ytd_count": 2863
        },
        "dom": {
          "days": 77,
          "yoy": 0.0547945205479452,
          "as_of": "2026-01"
        }
      }
    }
  },
  "watchlist": [],
  "feed": [
    {
      "title": "NEXA and Amerifund CEOs lead group acquisition of FSBO.com",
      "link": "https://www.housingwire.com/articles/fsbo-com-acquisition-platform-upgrade/",
      "published": "Thu, 12 Feb 2026"
    },
    {
      "title": "Trailblazing MIT team demos 3D-printed, recycled plastic floor truss",
      "link": "https://www.housingwire.com/articles/mit-3d-printed-housing/",
      "published": "Thu, 12 Feb 2026"
    },
    {
      "title": "Freddie Mac’s profit falls 10% in 2025 as credit losses rise",
      "link": "https://www.housingwire.com/articles/freddie-mac-2025-earnings/",
      "published": "Thu, 12 Feb 2026"
    },
    {
      "title": "Existing home sales drop 8.4% in January as winter weather slows market",
      "link": "https://www.housingwire.com/articles/existing-home-sales-january-drop/",
      "published": "Thu, 12 Feb 2026"
    },
    {
      "title": "Noise vs. signal: Dallas/Fort Worth isn’t broken. It’s resetting.",
      "link": "https://www.housingwire.com/articles/dallas-fort-worth-housing-2026/",
      "published": "Thu, 12 Feb 2026"
    },
    {
      "title": "What monkeys and Valentine’s Day teach us about trust in real estate",
      "link": "https://www.housingwire.com/articles/what-monkeys-and-valentines-day-teach-us-about-trust-in-real-estate/",
      "published": "Thu, 12 Feb 2026"
    },
    {
      "title": "64% of Single Americans Struggle to Afford Housing, Compared With 39% of Married People",
      "link": "https://www.redfin.com/news/struggle-afford-housing-single-versus-married/",
      "published": "Thu, 12 Feb 2026"
    },
    {
      "title": "Pending Home Sales Decline in All But 5 Major U.S. Metros",
      "link": "https://www.redfin.com/news/housing-market-update-pending-home-sales-decline-most-metros/",
      "published": "Thu, 12 Feb 2026"
    },
    {
      "title": "Hot January Jobs Report Will Nudge Mortgage Rates Up Slightly",
      "link": "https://www.redfin.com/news/hot-january-jobs-report-will-nudge-mortgage-rates-up-slightly/",
      "published": "Wed, 11 Feb 2026"
    },
    {
      "title": "Homebuyers Need to Earn $35,000 More Than Renters to Afford Monthly Payments. That’s the Smallest Gap in 3 Years.",
      "link": "https://www.redfin.com/news/rent-versus-buy-2026/",
      "published": "Wed, 11 Feb 2026"
    },
    {
      "title": "Affordability Is Improving: Buyers Must Earn $111,000 to Afford the Typical Home, Down 4% From Last Year",
      "link": "https://www.redfin.com/news/homebuying-affordability-improving-2026/",
      "published": "Wed, 11 Feb 2026"
    },
    {
      "title": "Redfin Economists’ Weekly Take: Mortgage Rates Are Largely Lateral, All Focus Is on Upcoming Jobs Report",
      "link": "https://www.redfin.com/news/weekly-economic-update-february-9-2026/",
      "published": "Mon, 09 Feb 2026"
    }
  ],
  "feed_101020": {
    "macro": [
      {
        "title": "Hot January Jobs Report Will Nudge Mortgage Rates Up Slightly",
        "url": "https://www.redfin.com/news/hot-january-jobs-report-will-nudge-mortgage-rates-up-slightly/",
        "what": "A stronger-than-expected jobs report is likely to push mortgage rates up a bit, but the impact will be small",
        "numbers": "",
        "justified": "redfin.com — https://www.redfin.com/news/hot-january-jobs-report-will-nudge-mortgage-rates-up-slightly/",
        "why": "Rates & inflation shape discount rates and housing affordability.",
        "market": "Lower rates support demand/valuations; higher rates pressure builders/REITs and slow transactions."
      },
      {
        "title": "Affordability Is Improving: Buyers Must Earn $111,000 to Afford the Typical Home, Down 4% From Last Year",
        "url": "https://www.redfin.com/news/homebuying-affordability-improving-2026/",
        "what": "Homebuying affordability is improving nationwide after nearly five years during which it generally worsened",
        "numbers": "37, 50, 7.4, $111,000, 4",
        "justified": "redfin.com — https://www.redfin.com/news/homebuying-affordability-improving-2026/",
        "why": "Rates & inflation shape discount rates and housing affordability.",