{
  "as_of": "2026-06-09 18:20 UTC",
  "macro": {
    "spx": null,
    "ten_year": {
      "yield_pct": 4.55,
      "delta_bp_1d": 8.000000000000007
    },
    "mortgage_30y": {
      "rate_pct": 6.48,
      "delta_bp_wow": -4.999999999999982
    },
    "starts": {
      "level_saar": 1465.0,
      "mom": -0.02786994027869938
    }
  },
  "permits": {
    "florida": {
      "latest": 14596,
      "latest_date": "2026-04",
      "mom": 0.17246365169893174,
      "yoy": 0.05378673019998548,
      "ytd": -0.16725489221388212,
      "ytd_count": 50257,
      "latest_year": 2026,
      "latest_month_name": "Apr"
    },
    "msa": {
      "Orlando–Kissimmee–Sanford": {
        "total": {
          "latest": 1926,
          "latest_year": 2026,
          "latest_month": 4,
          "latest_month_name": "Apr",
          "mom": 0.3449720670391061,
          "yoy": -0.21675477836518908,
          "ytd_yoy": -0.4733425653453349,
          "ytd_count": 6085
        },
        "one_unit": {
          "latest": 1124,
          "latest_year": 2026,
          "latest_month": 4,
          "latest_month_name": "Apr",
          "mom": 0.0017825311942958333,
          "yoy": -0.2629508196721312,
          "ytd_yoy": -0.2609791216702664,
          "ytd_count": 4106
        },
        "dom": {
          "days": 70,
          "yoy": 0.07692307692307687,
          "as_of": "2026-05"
        }
      },
      "Tampa–St. Petersburg–Clearwater": {
        "total": {
          "latest": 1599,
          "latest_year": 2026,
          "latest_month": 4,
          "latest_month_name": "Apr",
          "mom": 0.008196721311475308,
          "yoy": -0.08156232050545664,
          "ytd_yoy": -0.11729622266401596,
          "ytd_count": 6216
        },
        "one_unit": {
          "latest": 1198,
          "latest_year": 2026,
          "latest_month": 4,
          "latest_month_name": "Apr",
          "mom": 0.018707482993197244,
          "yoy": -0.07347254447022433,
          "ytd_yoy": 0.03634336677814942,
          "ytd_count": 4648
        },
        "dom": {
          "days": 67,
          "yoy": 0.1166666666666667,
          "as_of": "2026-05"
        }
      },
      "Ocala": {
        "total": {
          "latest": 588,
          "latest_year": 2026,
          "latest_month": 4,
          "latest_month_name": "Apr",
          "mom": -0.04854368932038833,
          "yoy": 0.27826086956521734,
          "ytd_yoy": -0.02434928631402178,
          "ytd_count": 2324
        },
        "one_unit": {
          "latest": 588,
          "latest_year": 2026,
          "latest_month": 4,
          "latest_month_name": "Apr",
          "mom": -0.04854368932038833,
          "yoy": 0.3183856502242153,
          "ytd_yoy": 0.038181818181818095,
          "ytd_count": 2284
        },
        "dom": {
          "days": 79,
          "yoy": 0.09722222222222232,
          "as_of": "2026-05"
        }
      },
      "Palm Bay–Melbourne–Titusville": {
        "total": {
          "latest": 303,
          "latest_year": 2026,
          "latest_month": 4,
          "latest_month_name": "Apr",
          "mom": -0.08181818181818179,
          "yoy": -0.03809523809523807,
          "ytd_yoy": -0.18174904942965775,
          "ytd_count": 1076
        },
        "one_unit": {
          "latest": 303,
          "latest_year": 2026,
          "latest_month": 4,
          "latest_month_name": "Apr",
          "mom": -0.08181818181818179,
          "yoy": -0.025723472668810254,
          "ytd_yoy": -0.05364995602462619,
          "ytd_count": 1076
        },
        "dom": {
          "days": 65,
          "yoy": 0.0,
          "as_of": "2026-05"
        }
      }
    }
  },
  "watchlist": [],
  "feed": [
    {
      "title": "Senate Democrats introduce bill to automatically fund CFPB",
      "link": "https://www.housingwire.com/articles/cfpb-funding-bill-democrats/",
      "published": "Tue, 09 Jun 2026"
    },
    {
      "title": "IBHS adds neighborhood and multifamily wildfire standards for Western builders",
      "link": "https://www.housingwire.com/articles/ibhs-wildfire-standards/",
      "published": "Tue, 09 Jun 2026"
    },
    {
      "title": "MetroList, Lundy launch AI assistant for real estate professionals",
      "link": "https://www.housingwire.com/articles/metrolist-lundy-launch-ai-assistant-for-real-estate-professionals/",
      "published": "Tue, 09 Jun 2026"
    },
    {
      "title": "Existing home sales beat estimates, what it signals for 2026",
      "link": "https://www.housingwire.com/articles/existing-home-sales-beat-estimates-what-it-signals-for-2026/",
      "published": "Tue, 09 Jun 2026"
    },
    {
      "title": "Mortgage credit availability edges higher in May",
      "link": "https://www.housingwire.com/articles/mortgage-credit-availability-may-2026/",
      "published": "Tue, 09 Jun 2026"
    },
    {
      "title": "UWM sanctioned after judge orders Ishbia deposition",
      "link": "https://www.housingwire.com/articles/uwm-contempt-ishbia-deposition/",
      "published": "Tue, 09 Jun 2026"
    },
    {
      "title": "Nashville, Miami and Austin–Once Pandemic Homebuying Hotspots–Are This Spring’s Strongest Buyer’s Markets",
      "link": "https://www.redfin.com/news/buyers-vs-sellers-may-2026/",
      "published": "Tue, 09 Jun 2026"
    },
    {
      "title": "This Week’s Inflation and Sentiment Data May Clarify the Fed’s Path",
      "link": "https://www.redfin.com/news/mortage-rates-still-risk-of-rising-strait-hormuz-still-closed/",
      "published": "Mon, 08 Jun 2026"
    },
    {
      "title": "Rising Rates Stall Housing Market Momentum Just After Closed Home Sales Hit Highest Level Since 2022",
      "link": "https://www.redfin.com/news/rising-rates-stall-housing-market-momentum/",
      "published": "Mon, 08 Jun 2026"
    },
    {
      "title": "Strong Jobs Report Pushes Mortgage Rates Higher, Reopening the Door to Future Fed Hikes",
      "link": "https://www.redfin.com/news/strong-jobs-report-pushes-mortgage-rates-higher-reopening-the-door-to-future-fed-hikes/",
      "published": "Fri, 05 Jun 2026"
    },
    {
      "title": "Redfin Agents Shine in National RealTrends Verified Rankings",
      "link": "https://www.redfin.com/news/realtrends-verified-2026/",
      "published": "Fri, 05 Jun 2026"
    },
    {
      "title": "New Listings Fall 1.3%, One of the Biggest Weekly Declines of 2026",
      "link": "https://www.redfin.com/news/housing-market-update-new-listings-decline-rising-rates/",
      "published": "Thu, 04 Jun 2026"
    }
  ],
  "feed_101020": {
    "macro": [
      {
        "title": "Senate Democrats introduce bill to automatically fund CFPB",
        "url": "https://www.housingwire.com/articles/cfpb-funding-bill-democrats/",
        "what": "Senate Democrats introduced a bill to automatically fund the CFPB via Fed transfers, aiming to limit future cuts and pressure.",
        "numbers": "",
        "justified": "housingwire.com — https://www.housingwire.com/articles/cfpb-funding-bill-democrats/",
        "why": "Rates & inflation shape discount rates and housing affordability.",
        "market": "Lower rates support demand/valuations; higher rates pressure builders/REITs and slow transactions."
      },
      {
        "title": "UWM sanctioned after judge orders Ishbia deposition",
        "url": "https://www.housingwire.com/articles/uwm-contempt-ishbia-deposition/",
        "what": "A federal judge has ordered United Wholesale Mortgage (UWM) to make its CEO, Mat Ishbia, available for a deposition in a dispute with Atlantic Trust Mortgage Corporation.",
        "numbers": "",
        "justified": "housingwire.com — https://www.housingwire.com/articles/uwm-contempt-ishbia-deposition/",
        "why": "Rates & inflation shape discount rates and housing affordability.",