{
  "as_of": "2026-05-22 15:21 UTC",
  "macro": {
    "spx": null,
    "ten_year": {
      "yield_pct": 4.57,
      "delta_bp_1d": -9.999999999999964
    },
    "mortgage_30y": {
      "rate_pct": 6.51,
      "delta_bp_wow": 14.999999999999947
    },
    "starts": {
      "level_saar": 1465.0,
      "mom": -0.02786994027869938
    }
  },
  "permits": {
    "florida": {
      "latest": 12449,
      "latest_date": "2026-03",
      "mom": 0.03054635761589397,
      "yoy": -0.15719991875973194,
      "ytd": -0.23309677419354835,
      "ytd_count": 35661,
      "latest_year": 2026,
      "latest_month_name": "Mar"
    },
    "msa": {
      "Orlando–Kissimmee–Sanford": {
        "total": {
          "latest": 1432,
          "latest_year": 2026,
          "latest_month": 3,
          "latest_month_name": "Mar",
          "mom": 0.07426856714178554,
          "yoy": -0.5466919911364356,
          "ytd_yoy": -0.542715777899945,
          "ytd_count": 4159
        },
        "one_unit": {
          "latest": 1122,
          "latest_year": 2026,
          "latest_month": 3,
          "latest_month_name": "Mar",
          "mom": 0.2411504424778761,
          "yoy": -0.1816192560175055,
          "ytd_yoy": -0.2602331927561399,
          "ytd_count": 2982
        },
        "dom": {
          "days": 68,
          "yoy": 0.09677419354838701,
          "as_of": "2026-04"
        }
      },
      "Tampa–St. Petersburg–Clearwater": {
        "total": {
          "latest": 1586,
          "latest_year": 2026,
          "latest_month": 3,
          "latest_month_name": "Mar",
          "mom": -0.10698198198198194,
          "yoy": 0.1696165191740413,
          "ytd_yoy": -0.12903225806451613,
          "ytd_count": 4617
        },
        "one_unit": {
          "latest": 1176,
          "latest_year": 2026,
          "latest_month": 3,
          "latest_month_name": "Mar",
          "mom": 0.01906412478336228,
          "yoy": -0.028099173553719048,
          "ytd_yoy": 0.08082706766917291,
          "ytd_count": 3450
        },
        "dom": {
          "days": 67,
          "yoy": 0.15517241379310343,
          "as_of": "2026-04"
        }
      },
      "Ocala": {
        "total": {
          "latest": 618,
          "latest_year": 2026,
          "latest_month": 3,
          "latest_month_name": "Mar",
          "mom": 0.006514657980456029,
          "yoy": -0.07067669172932334,
          "ytd_yoy": -0.09677419354838712,
          "ytd_count": 1736
        },
        "one_unit": {
          "latest": 618,
          "latest_year": 2026,
          "latest_month": 3,
          "latest_month_name": "Mar",
          "mom": 0.04391891891891886,
          "yoy": 0.08231173380035028,
          "ytd_yoy": -0.033067274800456126,
          "ytd_count": 1696
        },
        "dom": {
          "days": 75,
          "yoy": 0.13636363636363646,
          "as_of": "2026-04"
        }
      },
      "Palm Bay–Melbourne–Titusville": {
        "total": {
          "latest": 330,
          "latest_year": 2026,
          "latest_month": 3,
          "latest_month_name": "Mar",
          "mom": 0.346938775510204,
          "yoy": 0.13793103448275867,
          "ytd_yoy": -0.22699999999999998,
          "ytd_count": 773
        },
        "one_unit": {
          "latest": 330,
          "latest_year": 2026,
          "latest_month": 3,
          "latest_month_name": "Mar",
          "mom": 0.346938775510204,
          "yoy": 0.13793103448275867,
          "ytd_yoy": -0.06416464891041163,
          "ytd_count": 773
        },
        "dom": {
          "days": 67,
          "yoy": 0.09836065573770503,
          "as_of": "2026-04"
        }
      }
    }
  },
  "watchlist": [],
  "feed": [
    {
      "title": "Radian names Mike Weinbach CEO-elect with Rick Thornberry set to retire",
      "link": "https://www.housingwire.com/articles/mike-weinbach-radian-ceo-elect/",
      "published": "Fri, 22 May 2026"
    },
    {
      "title": "Broker Public Portal expands Cribio as data control debate grows",
      "link": "https://www.housingwire.com/articles/broker-public-portal-cribio-expands/",
      "published": "Fri, 22 May 2026"
    },
    {
      "title": "California legislators re-try to ‘loophole-proof’ starter home law",
      "link": "https://www.housingwire.com/articles/starter-home-law-cleanup-bill/",
      "published": "Fri, 22 May 2026"
    },
    {
      "title": "The transaction is no longer the center of the business",
      "link": "https://www.housingwire.com/articles/clients-want-advisory-agents/",
      "published": "Fri, 22 May 2026"
    },
    {
      "title": "Stay independent, compete at scale: AI is rewriting the brokerage playbook",
      "link": "https://www.housingwire.com/articles/stay-independent-compete-at-scale-ai-is-rewriting-the-brokerage-playbook/",
      "published": "Fri, 22 May 2026"
    },
    {
      "title": "Homeowners need more than a mortgage — they need the tools to stay",
      "link": "https://www.housingwire.com/articles/r-pace-florida-home-resilience/",
      "published": "Fri, 22 May 2026"
    },
    {
      "title": "Home Purchase Cancellations Are No Longer on the Rise As Demand Ticks Up",
      "link": "https://www.redfin.com/news/contract-cancellations-april-2026/",
      "published": "Thu, 21 May 2026"
    },
    {
      "title": "Pending Home Sales Slip for First Time Since Early April as Mortgage Rates Climb",
      "link": "https://www.redfin.com/news/housing-market-update-pending-home-sales-slip/",
      "published": "Thu, 21 May 2026"
    },
    {
      "title": "Coming Soon in Chicago: A $2M Move-In Ready Duplex Just Steps From Lake Michigan",
      "link": "https://www.redfin.com/news/2006-n-mohawk-st-60614-unit-1-listing/",
      "published": "Wed, 20 May 2026"
    },
    {
      "title": "Prices Drops Are Becoming Slightly Less Common As Housing Market Stabilizes",
      "link": "https://www.redfin.com/news/price-drops-april-2026/",
      "published": "Tue, 19 May 2026"
    },
    {
      "title": "U.S. Home Prices Rose 0.2% in April",
      "link": "https://www.redfin.com/news/home-price-index-april-2026/",
      "published": "Tue, 19 May 2026"
    },
    {
      "title": "Iran Tensions, Not Economic Data, Are Driving Mortgage Rates This Week",
      "link": "https://www.redfin.com/news/weekly-economic-update-may-18-2026/",
      "published": "Mon, 18 May 2026"
    }
  ],
  "feed_101020": {
    "macro": [
      {
        "title": "Homeowners need more than a mortgage — they need the tools to stay",
        "url": "https://www.housingwire.com/articles/r-pace-florida-home-resilience/",
        "what": "As Florida homeowners face an escalating property insurance and affordability crisis, access to accessible financing like R-PACE is essential for funding critical, storm-resilient home upgrades",
        "numbers": "",
        "justified": "housingwire.com — https://www.housingwire.com/articles/r-pace-florida-home-resilience/",
        "why": "Rates & inflation shape discount rates and housing affordability.",
        "market": "Lower rates support demand/valuations; higher rates pressure builders/REITs and slow transactions."
      },
      {
        "title": "Rocket Mortgage, Rocket Pro adopt VantageScore 4.0",
        "url": "https://www.housingwire.com/articles/rocket-adopts-vantagescore-4/",
        "what": "Rocket began using VantageScore 4.0 with Classic FICO, as FHFA pilots the model and lenders delivered $10 million in loans to Freddie Mac.",
        "numbers": "4.0, $10 million",
        "justified": "housingwire.com — https://www.housingwire.com/articles/rocket-adopts-vantagescore-4/",
        "why": "Rates & inflation shape discount rates and housing affordability.",
        "market": "Lower rates support demand/valuations; higher rates pressure builders/REITs and slow transactions."
      },
      {
        "title": "Pending Home Sales Slip for First Time Since Early April as Mortgage Rates Climb",