{
  "as_of": "2026-06-17 18:34 UTC",
  "macro": {
    "spx": null,
    "ten_year": {
      "yield_pct": 4.47,
      "delta_bp_1d": -1.0000000000000675
    },
    "mortgage_30y": {
      "rate_pct": 6.52,
      "delta_bp_wow": 3.9999999999999147
    },
    "starts": {
      "level_saar": 1177.0,
      "mom": -0.15445402298850575
    }
  },
  "permits": {
    "florida": {
      "latest": 14596,
      "latest_date": "2026-04",
      "mom": 0.17246365169893174,
      "yoy": 0.05378673019998548,
      "ytd": -0.16725489221388212,
      "ytd_count": 50257,
      "latest_year": 2026,
      "latest_month_name": "Apr"
    },
    "msa": {
      "Orlando–Kissimmee–Sanford": {
        "total": {
          "latest": 1926,
          "latest_year": 2026,
          "latest_month": 4,
          "latest_month_name": "Apr",
          "mom": 0.3449720670391061,
          "yoy": -0.21675477836518908,
          "ytd_yoy": -0.4733425653453349,
          "ytd_count": 6085
        },
        "one_unit": {
          "latest": 1124,
          "latest_year": 2026,
          "latest_month": 4,
          "latest_month_name": "Apr",
          "mom": 0.0017825311942958333,
          "yoy": -0.2629508196721312,
          "ytd_yoy": -0.2609791216702664,
          "ytd_count": 4106
        },
        "dom": {
          "days": 70,
          "yoy": 0.07692307692307687,
          "as_of": "2026-05"
        }
      },
      "Tampa–St. Petersburg–Clearwater": {
        "total": {
          "latest": 1599,
          "latest_year": 2026,
          "latest_month": 4,
          "latest_month_name": "Apr",
          "mom": 0.008196721311475308,
          "yoy": -0.08156232050545664,
          "ytd_yoy": -0.11729622266401596,
          "ytd_count": 6216
        },
        "one_unit": {
          "latest": 1198,
          "latest_year": 2026,
          "latest_month": 4,
          "latest_month_name": "Apr",
          "mom": 0.018707482993197244,
          "yoy": -0.07347254447022433,
          "ytd_yoy": 0.03634336677814942,
          "ytd_count": 4648
        },
        "dom": {
          "days": 67,
          "yoy": 0.1166666666666667,
          "as_of": "2026-05"
        }
      },
      "Ocala": {
        "total": {
          "latest": 588,
          "latest_year": 2026,
          "latest_month": 4,
          "latest_month_name": "Apr",
          "mom": -0.04854368932038833,
          "yoy": 0.27826086956521734,
          "ytd_yoy": -0.02434928631402178,
          "ytd_count": 2324
        },
        "one_unit": {
          "latest": 588,
          "latest_year": 2026,
          "latest_month": 4,
          "latest_month_name": "Apr",
          "mom": -0.04854368932038833,
          "yoy": 0.3183856502242153,
          "ytd_yoy": 0.038181818181818095,
          "ytd_count": 2284
        },
        "dom": {
          "days": 79,
          "yoy": 0.09722222222222232,
          "as_of": "2026-05"
        }
      },
      "Palm Bay–Melbourne–Titusville": {
        "total": {
          "latest": 303,
          "latest_year": 2026,
          "latest_month": 4,
          "latest_month_name": "Apr",
          "mom": -0.08181818181818179,
          "yoy": -0.03809523809523807,
          "ytd_yoy": -0.18174904942965775,
          "ytd_count": 1076
        },
        "one_unit": {
          "latest": 303,
          "latest_year": 2026,
          "latest_month": 4,
          "latest_month_name": "Apr",
          "mom": -0.08181818181818179,
          "yoy": -0.025723472668810254,
          "ytd_yoy": -0.05364995602462619,
          "ytd_count": 1076
        },
        "dom": {
          "days": 65,
          "yoy": 0.0,
          "as_of": "2026-05"
        }
      }
    }
  },
  "watchlist": [],
  "feed": [
    {
      "title": "Real estate brokers: Earn more revenue by investing more in agents",
      "link": "https://www.housingwire.com/articles/agent-retention-brokerage-systems/",
      "published": "Wed, 17 Jun 2026"
    },
    {
      "title": "Warsh era at the Fed begins with rate pause amid spiking inflation",
      "link": "https://www.housingwire.com/articles/fed-holds-rates-inflation-mortgage/",
      "published": "Wed, 17 Jun 2026"
    },
    {
      "title": "Five lessons from the first half of the 2026 housing market",
      "link": "https://www.housingwire.com/articles/2026-housing-market-first-half-review/",
      "published": "Wed, 17 Jun 2026"
    },
    {
      "title": "Why pending home sales showed growth today amid higher rates",
      "link": "https://www.housingwire.com/articles/pending-home-sales-rise/",
      "published": "Wed, 17 Jun 2026"
    },
    {
      "title": "David just beat Goliath for an NBA Title. Here’s the lesson for real estate agents facing giants.",
      "link": "https://www.housingwire.com/articles/compete-portals-mega-teams/",
      "published": "Wed, 17 Jun 2026"
    },
    {
      "title": "Home Value Lock hires mortgage veteran Dave Hurt for advisory role",
      "link": "https://www.housingwire.com/articles/home-value-lock-hires-mortgage-veteran-dave-hurt-for-advisory-role/",
      "published": "Wed, 17 Jun 2026"
    },
    {
      "title": "Former Red-Hot Seller’s Markets, Like Atlanta, Now Lead the Nation in Canceled Home Sales",
      "link": "https://www.redfin.com/news/contract-cancellations-may-2026/",
      "published": "Wed, 17 Jun 2026"
    },
    {
      "title": "Florida Dominates May’s Most Expensive Home Sales, Led by a $75 Million Boca Raton Deal",
      "link": "https://www.redfin.com/news/most-expensive-home-sales-may-2026/",
      "published": "Tue, 16 Jun 2026"
    },
    {
      "title": "Markets Eye Strait of Hormuz Reopening and Warsh’s First Fed Meeting as Key Tests This Week",
      "link": "https://www.redfin.com/news/strait-hormuz-potential-reopening-kevin-warsh-first-fed-meeting/",
      "published": "Mon, 15 Jun 2026"
    },
    {
      "title": "SpaceX Employees Could Buy 2 in 5 San Antonio Homes With Their IPO Windfall",
      "link": "https://www.redfin.com/news/spacex-ipo-housing-wealth/",
      "published": "Fri, 12 Jun 2026"
    },
    {
      "title": "Record Home Prices, High Mortgage Rates Push Pending Sales Down for Fourth Straight Week",
      "link": "https://www.redfin.com/news/housing-market-update-record-high-home-prices-sales-decline/",
      "published": "Thu, 11 Jun 2026"
    },
    {
      "title": "Mortgage Rates Unaffected, Fed Likely to Hold Rates Steady on Latest Inflation Data",
      "link": "https://www.redfin.com/news/cpi-may-2026/",
      "published": "Wed, 10 Jun 2026"
    }
  ],
  "feed_101020": {
    "macro": [
      {
        "title": "Warsh era at the Fed begins with rate pause amid spiking inflation",
        "url": "https://www.housingwire.com/articles/fed-holds-rates-inflation-mortgage/",
        "what": "The Federal Reserve on Wednesday left its benchmark interest rate unchanged at a target range of 3.5% to 3.75%, marking its fourth consecutive pause as it enters the Kevin Warsh er",
        "numbers": "3.5, 3.75",
        "justified": "housingwire.com — https://www.housingwire.com/articles/fed-holds-rates-inflation-mortgage/",
        "why": "Rates & inflation shape discount rates and housing affordability.",
        "market": "Lower rates support demand/valuations; higher rates pressure builders/REITs and slow transactions."
      },
      {
        "title": "Why pending home sales showed growth today amid higher rates",
        "url": "https://www.housingwire.com/articles/pending-home-sales-rise/",
        "what": "NAR data shows May pending sales rose 4.8% YoY, as mortgage spreads kept rates below 7% and inventory gains cooled prices.",
        "numbers": "4.8, 7",
        "justified": "housingwire.com — https://www.housingwire.com/articles/pending-home-sales-rise/",
        "why": "Rates & inflation shape discount rates and housing affordability.",