{
  "as_of": "2025-10-30 04:35 UTC",
  "macro": {
    "spx": null,
    "ten_year": {
      "yield_pct": 3.99,
      "delta_bp_1d": -1.9999999999999574
    },
    "mortgage_30y": {
      "rate_pct": 6.19,
      "delta_bp_wow": -7.999999999999918
    },
    "starts": {
      "level_saar": 1307.0,
      "mom": -0.08537438768369487
    }
  },
  "permits": {
    "florida": {
      "latest": 13594,
      "latest_date": "2025-08",
      "mom": -0.0727781188186345,
      "yoy": -0.13226094727435211,
      "ytd": -0.026868417713488135,
      "ytd_count": 122708,
      "latest_year": 2025,
      "latest_month_name": "Aug"
    },
    "msa": {
      "Orlando–Kissimmee–Sanford": {
        "total": {
          "latest": 1649,
          "latest_year": 2025,
          "latest_month": 8,
          "latest_month_name": "Aug",
          "mom": -0.20797310278578285,
          "yoy": -0.16336884830035514,
          "ytd_yoy": 0.20390428982314424,
          "ytd_count": 19673
        },
        "one_unit": {
          "latest": 927,
          "latest_year": 2025,
          "latest_month": 8,
          "latest_month_name": "Aug",
          "mom": -0.12793979303857006,
          "yoy": -0.382,
          "ytd_yoy": 0.008284136354979932,
          "ytd_count": 10589
        },
        "dom": {
          "days": 79,
          "yoy": 0.21538461538461529,
          "as_of": "2025-09"
        }
      },
      "Tampa–St. Petersburg–Clearwater": {
        "total": {
          "latest": 2908,
          "latest_year": 2025,
          "latest_month": 8,
          "latest_month_name": "Aug",
          "mom": 0.6645678305666858,
          "yoy": 0.465725806451613,
          "ytd_yoy": -0.06499153020892157,
          "ytd_count": 16559
        },
        "one_unit": {
          "latest": 1324,
          "latest_year": 2025,
          "latest_month": 8,
          "latest_month_name": "Aug",
          "mom": 0.16140350877192988,
          "yoy": 0.2526017029328287,
          "ytd_yoy": -0.09323079844298865,
          "ytd_count": 9551
        },
        "dom": {
          "days": 79,
          "yoy": 0.19696969696969702,
          "as_of": "2025-09"
        }
      },
      "Ocala": {
        "total": {
          "latest": 461,
          "latest_year": 2025,
          "latest_month": 8,
          "latest_month_name": "Aug",
          "mom": 0.0453514739229024,
          "yoy": 0.0453514739229024,
          "ytd_yoy": -0.1361718450326045,
          "ytd_count": 4504
        },
        "one_unit": {
          "latest": 451,
          "latest_year": 2025,
          "latest_month": 8,
          "latest_month_name": "Aug",
          "mom": 0.09200968523002429,
          "yoy": 0.0562060889929743,
          "ytd_yoy": -0.12195652173913041,
          "ytd_count": 4039
        },
        "dom": {
          "days": 80,
          "yoy": 0.19402985074626855,
          "as_of": "2025-09"
        }
      },
      "Palm Bay–Melbourne–Titusville": {
        "total": {
          "latest": 391,
          "latest_year": 2025,
          "latest_month": 8,
          "latest_month_name": "Aug",
          "mom": -0.28519195612431447,
          "yoy": 0.3076923076923077,
          "ytd_yoy": 0.03214156735283491,
          "ytd_count": 2858
        },
        "one_unit": {
          "latest": 239,
          "latest_year": 2025,
          "latest_month": 8,
          "latest_month_name": "Aug",
          "mom": -0.13090909090909086,
          "yoy": -0.2006688963210702,
          "ytd_yoy": -0.10545165141265422,
          "ytd_count": 2248
        },
        "dom": {
          "days": 75,
          "yoy": 0.15384615384615374,
          "as_of": "2025-09"
        }
      }
    }
  },
  "watchlist": [],
  "feed": [
    {
      "title": "Powell sends mortgage rates higher as he questions December cut",
      "link": "https://www.housingwire.com/articles/powell-sends-mortgage-rates-higher-as-he-questions-december-cut/",
      "published": "Wed, 29 Oct 2025"
    },
    {
      "title": "ALTA’s David Townsend on housing affordability and title insurance regulations",
      "link": "https://www.housingwire.com/articles/david-townsend-alta-agenda/",
      "published": "Wed, 29 Oct 2025"
    },
    {
      "title": "The ultimate guide to real estate business cards",
      "link": "https://www.housingwire.com/articles/real-estate-business-cards/",
      "published": "Wed, 29 Oct 2025"
    },
    {
      "title": "Scroll, swipe, sold: Klipster app brings the TikTok effect to real estate",
      "link": "https://www.housingwire.com/articles/scroll-swipe-sold-klipster-app-brings-the-tiktok-effect-to-real-estate/",
      "published": "Wed, 29 Oct 2025"
    },
    {
      "title": "Inside LPT Realty’s big dreams: from record growth to $1B teams",
      "link": "https://www.housingwire.com/articles/inside-lpt-realtys-big-dreams-from-record-growth-to-1b-teams/",
      "published": "Wed, 29 Oct 2025"
    },
    {
      "title": "Redfin says Compass wants to see ‘privileged and irrelevant documents’",
      "link": "https://www.housingwire.com/articles/compass-redfin-lawsuit-documents/",
      "published": "Wed, 29 Oct 2025"
    },
    {
      "title": "Mortgage Rates to Tick Up After Fed Signals That December Cut Isn’t Guaranteed",
      "link": "https://www.redfin.com/news/fed-meeting-analysis-oct-2025/",
      "published": "Wed, 29 Oct 2025"
    },
    {
      "title": "27% of For-Sale Homes Are Newly Built, the Lowest Share in 4 Years",
      "link": "https://www.redfin.com/news/august-2025-new-construction-homes/",
      "published": "Wed, 29 Oct 2025"
    },
    {
      "title": "Bay Area Housing Market Heats Up Amid AI Boom, Return to Office",
      "link": "https://www.redfin.com/news/bay-area-san-francisco-home-sales/",
      "published": "Tue, 28 Oct 2025"
    },
    {
      "title": "Redfin Economists’ Weekly Take: Mortgage Rates Stable Ahead of Expected Fed Cut",
      "link": "https://www.redfin.com/news/weekly-economics-update-october-27/",
      "published": "Mon, 27 Oct 2025"
    },
    {
      "title": "Cool Inflation Data Gives Fed a Green Light to Keep Cutting Rates",
      "link": "https://www.redfin.com/news/september-cpi-report-2/",
      "published": "Fri, 24 Oct 2025"
    },
    {
      "title": "Redfin Welcomes Over 50 New Agents in September",
      "link": "https://www.redfin.com/news/september-2025-agent-hires/",
      "published": "Thu, 23 Oct 2025"
    }
  ],
  "feed_101020": {
    "macro": [
      {
        "title": "Powell sends mortgage rates higher as he questions December cut",
        "url": "https://www.housingwire.com/articles/powell-sends-mortgage-rates-higher-as-he-questions-december-cut/",
        "what": "Mortgage rates rose by 14 basis points after the Fed cut rates, as Powell's hawkish tone pushed back on December rate cut expectations.",
        "numbers": "14",
        "justified": "housingwire.com — https://www.housingwire.com/articles/powell-sends-mortgage-rates-higher-as-he-questions-december-cut/",
        "why": "Rates & inflation shape discount rates and housing affordability.",
        "market": "Lower rates support demand/valuations; higher rates pressure builders/REITs and slow transactions."
      },
      {
        "title": "Mortgage Rates to Tick Up After Fed Signals That December Cut Isn’t Guaranteed",
        "url": "https://www.redfin.com/news/fed-meeting-analysis-oct-2025/",
        "what": "Mortgage rates will tick up after Fed Chair Powell sent a strong signal that a December rate cut—that markets have already priced in—is far from a foregone conclusion",
        "numbers": "25",
        "justified": "redfin.com — https://www.redfin.com/news/fed-meeting-analysis-oct-2025/",
        "why": "Rates & inflation shape discount rates and housing affordability.",