{
  "as_of": "2026-04-03 11:03 UTC",
  "macro": {
    "spx": null,
    "ten_year": {
      "yield_pct": 4.33,
      "delta_bp_1d": 3.000000000000025
    },
    "mortgage_30y": {
      "rate_pct": 6.46,
      "delta_bp_wow": 8.000000000000007
    },
    "starts": {
      "level_saar": 1487.0,
      "mom": 0.07209805335255948
    }
  },
  "permits": {
    "florida": {
      "latest": 11132,
      "latest_date": "2026-01",
      "mom": -0.15794251134644477,
      "yoy": -0.3402086296823139,
      "ytd": -0.3402086296823139,
      "ytd_count": 11132,
      "latest_year": 2026,
      "latest_month_name": "Jan"
    },
    "msa": {
      "Orlando–Kissimmee–Sanford": {
        "total": {
          "latest": 1394,
          "latest_year": 2026,
          "latest_month": 1,
          "latest_month_name": "Jan",
          "mom": -0.3611365719523373,
          "yoy": -0.6161894273127753,
          "ytd_yoy": -0.6161894273127753,
          "ytd_count": 1394
        },
        "one_unit": {
          "latest": 956,
          "latest_year": 2026,
          "latest_month": 1,
          "latest_month_name": "Jan",
          "mom": 0.10520231213872822,
          "yoy": -0.3137114142139268,
          "ytd_yoy": -0.3137114142139268,
          "ytd_count": 956
        },
        "dom": {
          "days": 67,
          "yoy": 0.1166666666666667,
          "as_of": "2026-03"
        }
      },
      "Tampa–St. Petersburg–Clearwater": {
        "total": {
          "latest": 1255,
          "latest_year": 2026,
          "latest_month": 1,
          "latest_month_name": "Jan",
          "mom": 0.017842660178426506,
          "yoy": -0.42219152854511965,
          "ytd_yoy": -0.42219152854511965,
          "ytd_count": 1255
        },
        "one_unit": {
          "latest": 1120,
          "latest_year": 2026,
          "latest_month": 1,
          "latest_month_name": "Jan",
          "mom": 0.20042872454448024,
          "yoy": 0.02658111824014675,
          "ytd_yoy": 0.02658111824014675,
          "ytd_count": 1120
        },
        "dom": {
          "days": 66,
          "yoy": 0.1578947368421053,
          "as_of": "2026-03"
        }
      },
      "Ocala": {
        "total": {
          "latest": 504,
          "latest_year": 2026,
          "latest_month": 1,
          "latest_month_name": "Jan",
          "mom": 0.23529411764705888,
          "yoy": -0.2186046511627907,
          "ytd_yoy": -0.2186046511627907,
          "ytd_count": 504
        },
        "one_unit": {
          "latest": 486,
          "latest_year": 2026,
          "latest_month": 1,
          "latest_month_name": "Jan",
          "mom": 0.21500000000000008,
          "yoy": -0.18592964824120606,
          "ytd_yoy": -0.18592964824120606,
          "ytd_count": 486
        },
        "dom": {
          "days": 74,
          "yoy": 0.1212121212121211,
          "as_of": "2026-03"
        }
      },
      "Palm Bay–Melbourne–Titusville": {
        "total": {
          "latest": 198,
          "latest_year": 2026,
          "latest_month": 1,
          "latest_month_name": "Jan",
          "mom": -0.6292134831460674,
          "yoy": -0.5560538116591929,
          "ytd_yoy": -0.5560538116591929,
          "ytd_count": 198
        },
        "one_unit": {
          "latest": 198,
          "latest_year": 2026,
          "latest_month": 1,
          "latest_month_name": "Jan",
          "mom": -0.2639405204460966,
          "yoy": -0.28776978417266186,
          "ytd_yoy": -0.28776978417266186,
          "ytd_count": 198
        },
        "dom": {
          "days": 64,
          "yoy": 0.0847457627118644,
          "as_of": "2026-03"
        }
      }
    }
  },
  "watchlist": [],
  "feed": [
    {
      "title": "Texas SB 17 has reshaped foreign capital in homebuilding",
      "link": "https://www.housingwire.com/articles/texas-sb17-foreign-homebuilders/",
      "published": "Fri, 03 Apr 2026"
    },
    {
      "title": "Join the most powerful room in housing at The Gathering April 27-30",
      "link": "https://www.housingwire.com/articles/join-the-most-powerful-room-in-housing-at-the-gathering-april-27-30/",
      "published": "Thu, 02 Apr 2026"
    },
    {
      "title": "PartnerOne finalizes acquisition of Mortgage Cadence",
      "link": "https://www.housingwire.com/articles/partnerone-completes-acquisition-of-mortgage-cadence/",
      "published": "Thu, 02 Apr 2026"
    },
    {
      "title": "Century 21 Integra expands Chicago presence with acquisition",
      "link": "https://www.housingwire.com/articles/century-21-integra-expands-chicago-presence-with-acquisition/",
      "published": "Thu, 02 Apr 2026"
    },
    {
      "title": "What Washington state agents are seeing with new ‘millionaires tax’",
      "link": "https://www.housingwire.com/articles/what-washington-state-agents-are-seeing-with-new-millionaires-tax/",
      "published": "Thu, 02 Apr 2026"
    },
    {
      "title": "Lower launches Movoto Advantage for solo real estate agents",
      "link": "https://www.housingwire.com/articles/lower-movoto-advantage-launch/",
      "published": "Thu, 02 Apr 2026"
    },
    {
      "title": "The Great Housing Mismatch: Empty Nesters Own 28% of the Nation’s Large Homes, Millennial Families Own 16%",
      "link": "https://www.redfin.com/news/empty-nest-large-homes-2026/",
      "published": "Thu, 02 Apr 2026"
    },
    {
      "title": "Monthly Payments Tick Up For First Time in 6 Months As Mortgage Rates, Home Prices Jump",
      "link": "https://www.redfin.com/news/housing-market-update-monthly-housing-payments-tick-up/",
      "published": "Thu, 02 Apr 2026"
    },
    {
      "title": "This $329,900 Long Island Tiny Home Is Going Viral Because It Has No Bedrooms",
      "link": "https://www.redfin.com/news/tiny-home-selden-long-island-new-york/",
      "published": "Tue, 31 Mar 2026"
    },
    {
      "title": "Cleveland Remains a Beacon of Affordability for Homebuyers",
      "link": "https://www.redfin.com/news/cleveland-remains-a-beacon-of-affordability-for-homebuyers/",
      "published": "Tue, 31 Mar 2026"
    },
    {
      "title": "Over Half of Home Listings Have Been Lingering on the Market For More Than 2 Months",
      "link": "https://www.redfin.com/news/stale-housing-inventory-february-2026/",
      "published": "Mon, 30 Mar 2026"
    },
    {
      "title": "Market Jitters Drive Mortgage Rates Up, Sending Some Would-Be Homebuyers to the Sidelines",
      "link": "https://www.redfin.com/news/housing-market-update-market-jitters-mortgage-rates/",
      "published": "Thu, 26 Mar 2026"
    }
  ],
  "feed_101020": {
    "macro": [
      {
        "title": "Century 21 Integra expands Chicago presence with acquisition",
        "url": "https://www.housingwire.com/articles/century-21-integra-expands-chicago-presence-with-acquisition/",
        "what": "With the acquisition, Century 21 Integra now operates Illinois offices in Schaumburg, Naperville and McHenry.",
        "numbers": "21",
        "justified": "housingwire.com — https://www.housingwire.com/articles/century-21-integra-expands-chicago-presence-with-acquisition/",
        "why": "Rates & inflation shape discount rates and housing affordability.",
        "market": "Lower rates support demand/valuations; higher rates pressure builders/REITs and slow transactions."
      },
      {
        "title": "Monthly Payments Tick Up For First Time in 6 Months As Mortgage Rates, Home Prices Jump",
        "url": "https://www.redfin.com/news/housing-market-update-monthly-housing-payments-tick-up/",
        "what": "The Iran war is a major factor pushing up mortgage rates",
        "numbers": "$2,742,, 0.4, 6",
        "justified": "redfin.com — https://www.redfin.com/news/housing-market-update-monthly-housing-payments-tick-up/",
        "why": "Rates & inflation shape discount rates and housing affordability.",