{
  "as_of": "2026-06-29 14:18 UTC",
  "macro": {
    "spx": null,
    "ten_year": {
      "yield_pct": 4.4,
      "delta_bp_1d": -0.9999999999999787
    },
    "mortgage_30y": {
      "rate_pct": 6.49,
      "delta_bp_wow": 2.000000000000046
    },
    "starts": {
      "level_saar": 1177.0,
      "mom": -0.15445402298850575
    }
  },
  "permits": {
    "florida": {
      "latest": 13055,
      "latest_date": "2026-05",
      "mom": -0.10557687037544528,
      "yoy": -0.1036116451524306,
      "ytd": -0.15488219982647,
      "ytd_count": 63312,
      "latest_year": 2026,
      "latest_month_name": "May"
    },
    "msa": {
      "Orlando–Kissimmee–Sanford": {
        "total": {
          "latest": 1846,
          "latest_year": 2026,
          "latest_month": 5,
          "latest_month_name": "May",
          "mom": -0.041536863966770476,
          "yoy": 0.030133928571428603,
          "ytd_yoy": -0.40573954742994156,
          "ytd_count": 7931
        },
        "one_unit": {
          "latest": 1050,
          "latest_year": 2026,
          "latest_month": 5,
          "latest_month_name": "May",
          "mom": -0.0658362989323843,
          "yoy": -0.13007456503728254,
          "ytd_yoy": -0.2376164424072157,
          "ytd_count": 5156
        },
        "dom": {
          "days": 70,
          "yoy": 0.07692307692307687,
          "as_of": "2026-05"
        }
      },
      "Tampa–St. Petersburg–Clearwater": {
        "total": {
          "latest": 2505,
          "latest_year": 2026,
          "latest_month": 5,
          "latest_month_name": "May",
          "mom": 0.5666041275797373,
          "yoy": 0.03256389117889524,
          "ytd_yoy": -0.0788973384030418,
          "ytd_count": 8721
        },
        "one_unit": {
          "latest": 1141,
          "latest_year": 2026,
          "latest_month": 5,
          "latest_month_name": "May",
          "mom": -0.047579298831385675,
          "yoy": -0.14595808383233533,
          "ytd_yoy": -0.005497337227280519,
          "ytd_count": 5789
        },
        "dom": {
          "days": 67,
          "yoy": 0.1166666666666667,
          "as_of": "2026-05"
        }
      },
      "Ocala": {
        "total": {
          "latest": 481,
          "latest_year": 2026,
          "latest_month": 5,
          "latest_month_name": "May",
          "mom": -0.1819727891156463,
          "yoy": -0.034136546184738936,
          "ytd_yoy": -0.02604166666666663,
          "ytd_count": 2805
        },
        "one_unit": {
          "latest": 477,
          "latest_year": 2026,
          "latest_month": 5,
          "latest_month_name": "May",
          "mom": -0.18877551020408168,
          "yoy": -0.01851851851851849,
          "ytd_yoy": 0.02792256142963523,
          "ytd_count": 2761
        },
        "dom": {
          "days": 79,
          "yoy": 0.09722222222222232,
          "as_of": "2026-05"
        }
      },
      "Palm Bay–Melbourne–Titusville": {
        "total": {
          "latest": 328,
          "latest_year": 2026,
          "latest_month": 5,
          "latest_month_name": "May",
          "mom": 0.08250825082508251,
          "yoy": 0.2615384615384615,
          "ytd_yoy": -0.10857142857142854,
          "ytd_count": 1404
        },
        "one_unit": {
          "latest": 328,
          "latest_year": 2026,
          "latest_month": 5,
          "latest_month_name": "May",
          "mom": 0.08250825082508251,
          "yoy": 0.3015873015873016,
          "ytd_yoy": 0.010799136069114423,
          "ytd_count": 1404
        },
        "dom": {
          "days": 65,
          "yoy": 0.0,
          "as_of": "2026-05"
        }
      }
    }
  },
  "watchlist": [],
  "feed": [
    {
      "title": "33 proven real estate marketing ideas & tools top agents swear by",
      "link": "https://www.housingwire.com/articles/real-estate-marketing-ideas/",
      "published": "Mon, 29 Jun 2026"
    },
    {
      "title": "The best real estate software for 2026: 20 top picks for agents + teams",
      "link": "https://www.housingwire.com/articles/real-estate-software/",
      "published": "Mon, 29 Jun 2026"
    },
    {
      "title": "The 8 top real estate lead generation companies for 2026",
      "link": "https://www.housingwire.com/articles/top-real-estate-lead-generation-companies/",
      "published": "Mon, 29 Jun 2026"
    },
    {
      "title": "22 must-have real estate marketing tools for 2026",
      "link": "https://www.housingwire.com/articles/real-estate-marketing-tools/",
      "published": "Mon, 29 Jun 2026"
    },
    {
      "title": "Ryan Ponsford on cementing reverse mortgage partnerships with financial advisers",
      "link": "https://www.housingwire.com/articles/reverse-mortgage-retirement-planning/",
      "published": "Mon, 29 Jun 2026"
    },
    {
      "title": "The rate obsession is fading. Here’s what’s replacing it",
      "link": "https://www.housingwire.com/articles/life-driven-mortgage/",
      "published": "Mon, 29 Jun 2026"
    },
    {
      "title": "19% of of House Hunters Are Looking to Relocate–And They’re Headed to the Sun Belt",
      "link": "https://www.redfin.com/news/migration-q1-2026/",
      "published": "Mon, 29 Jun 2026"
    },
    {
      "title": "Gen Z Is Creating A New Path To Prosperity",
      "link": "https://www.redfin.com/news/gen-z-path-to-prosperity/",
      "published": "Fri, 26 Jun 2026"
    },
    {
      "title": "Americans Across Party Lines Back Policies to Improve Housing Affordability: Redfin Survey",
      "link": "https://www.redfin.com/news/survey-americans-support-housing-policy/",
      "published": "Fri, 26 Jun 2026"
    },
    {
      "title": "Fewer Homeowners Are Listing as Spring Market Ends With a Whimper, Not a Bang",
      "link": "https://www.redfin.com/news/housing-market-update-new-listings-decline-spring-2026/",
      "published": "Thu, 25 Jun 2026"
    },
    {
      "title": "Congress Takes Historic Step on Housing Affordability with Bipartisan ROAD to Housing Act",
      "link": "https://www.redfin.com/news/road-to-housing-act-historic/",
      "published": "Wed, 24 Jun 2026"
    },
    {
      "title": "Flood-Prone Parts of America Are Losing Residents at Nearly Twice Last Year’s Rate",
      "link": "https://www.redfin.com/news/climate-migration-real-estate-2026/",
      "published": "Wed, 24 Jun 2026"
    }
  ],
  "feed_101020": {
    "macro": [
      {
        "title": "The rate obsession is fading. Here’s what’s replacing it",
        "url": "https://www.housingwire.com/articles/life-driven-mortgage/",
        "what": "Life events, not interest rates, are driving 2026 mortgage originations",
        "numbers": "2026",
        "justified": "housingwire.com — https://www.housingwire.com/articles/life-driven-mortgage/",
        "why": "Rates & inflation shape discount rates and housing affordability.",
        "market": "Lower rates support demand/valuations; higher rates pressure builders/REITs and slow transactions."
      },
      {
        "title": "How the housing market survived the Iran conflict",
        "url": "https://www.housingwire.com/articles/how-the-housing-market-survived-the-iran-conflict/",
        "what": "Mortgage spreads improved in 2026, keeping rates below 7% and helping demand hold up, even as oil spiked and inflation stayed hot.",
        "numbers": "2026, k, 7",
        "justified": "housingwire.com — https://www.housingwire.com/articles/how-the-housing-market-survived-the-iran-conflict/",
        "why": "Rates & inflation shape discount rates and housing affordability.",
        "market": "Lower rates support demand/valuations; higher rates pressure builders/REITs and slow transactions."
      },
      {
        "title": "Americans Across Party Lines Back Policies to Improve Housing Affordability: Redfin Survey",
        "url": "https://www.redfin.com/news/survey-americans-support-housing-policy/",