{
  "as_of": "2026-01-28 15:49 UTC",
  "macro": {
    "spx": null,
    "ten_year": {
      "yield_pct": 4.22,
      "delta_bp_1d": -2.000000000000046
    },
    "mortgage_30y": {
      "rate_pct": 6.09,
      "delta_bp_wow": 3.000000000000025
    },
    "starts": {
      "level_saar": 1246.0,
      "mom": -0.04594180704441042
    }
  },
  "permits": {
    "florida": {
      "latest": 15200,
      "latest_date": "2025-10",
      "mom": 0.13832097655957454,
      "yoy": 0.14268531047962707,
      "ytd": -0.0034062907667777864,
      "ytd_count": 151261,
      "latest_year": 2025,
      "latest_month_name": "Oct"
    },
    "msa": {
      "Orlando–Kissimmee–Sanford": {
        "total": {
          "latest": 2471,
          "latest_year": 2025,
          "latest_month": 10,
          "latest_month_name": "Oct",
          "mom": 0.2208498023715415,
          "yoy": 0.505789152955515,
          "ytd_yoy": 0.2098518221866239,
          "ytd_count": 24168
        },
        "one_unit": {
          "latest": 1094,
          "latest_year": 2025,
          "latest_month": 10,
          "latest_month_name": "Oct",
          "mom": 0.27803738317757,
          "yoy": -0.09060681629260181,
          "ytd_yoy": -0.03620292083013066,
          "ytd_count": 12539
        },
        "dom": {
          "days": 83,
          "yoy": 0.03750000000000009,
          "as_of": "2025-12"
        }
      },
      "Tampa–St. Petersburg–Clearwater": {
        "total": {
          "latest": 2427,
          "latest_year": 2025,
          "latest_month": 10,
          "latest_month_name": "Oct",
          "mom": 0.5360759493670886,
          "yoy": 1.2939508506616257,
          "ytd_yoy": 0.04073680481757003,
          "ytd_count": 20566
        },
        "one_unit": {
          "latest": 1287,
          "latest_year": 2025,
          "latest_month": 10,
          "latest_month_name": "Oct",
          "mom": 0.2130065975494817,
          "yoy": 0.5,
          "ytd_yoy": -0.015960965927886206,
          "ytd_count": 11899
        },
        "dom": {
          "days": 80,
          "yoy": 0.11111111111111116,
          "as_of": "2025-12"
        }
      },
      "Ocala": {
        "total": {
          "latest": 470,
          "latest_year": 2025,
          "latest_month": 10,
          "latest_month_name": "Oct",
          "mom": 0.09557109557109555,
          "yoy": -0.010526315789473717,
          "ytd_yoy": -0.13937559732398852,
          "ytd_count": 5403
        },
        "one_unit": {
          "latest": 444,
          "latest_year": 2025,
          "latest_month": 10,
          "latest_month_name": "Oct",
          "mom": 0.21643835616438367,
          "yoy": -0.0326797385620915,
          "ytd_yoy": -0.1404255319148936,
          "ytd_count": 4848
        },
        "dom": {
          "days": 87,
          "yoy": 0.15999999999999992,
          "as_of": "2025-12"
        }
      },
      "Palm Bay–Melbourne–Titusville": {
        "total": {
          "latest": 343,
          "latest_year": 2025,
          "latest_month": 10,
          "latest_month_name": "Oct",
          "mom": -0.46406250000000004,
          "yoy": -0.51,
          "ytd_yoy": -0.004406428201140455,
          "ytd_count": 3841
        },
        "one_unit": {
          "latest": 343,
          "latest_year": 2025,
          "latest_month": 10,
          "latest_month_name": "Oct",
          "mom": 0.26102941176470584,
          "yoy": 0.026946107784431073,
          "ytd_yoy": -0.11307311028500622,
          "ytd_count": 2863
        },
        "dom": {
          "days": 78,
          "yoy": 0.040000000000000036,
          "as_of": "2025-12"
        }
      }
    }
  },
  "watchlist": [],
  "feed": [
    {
      "title": "Bright MLS appoints first chief artificial intelligence officer to lead AI strategy",
      "link": "https://www.housingwire.com/articles/bright-mls-chief-ai-officer/",
      "published": "Wed, 28 Jan 2026"
    },
    {
      "title": "Mortgage applications drop 8.5% after slight rate increase",
      "link": "https://www.housingwire.com/articles/mortgage-applications-drop-rates/",
      "published": "Wed, 28 Jan 2026"
    },
    {
      "title": "Howard Hanna enters Philadelphia market, partners with Art Herling Team",
      "link": "https://www.housingwire.com/articles/howard-hanna-philadelphia-expansion/",
      "published": "Wed, 28 Jan 2026"
    },
    {
      "title": "A blueprint for making housing more affordable",
      "link": "https://www.housingwire.com/articles/a-blueprint-for-making-housing-more-affordable/",
      "published": "Wed, 28 Jan 2026"
    },
    {
      "title": "How a state bar filing could derail a California upzoning plan",
      "link": "https://www.housingwire.com/articles/bar-complaint-yimby-zoning-dispute/",
      "published": "Tue, 27 Jan 2026"
    },
    {
      "title": "Onity Group raises $200M in debt, reports strong estimated Q4 earnings",
      "link": "https://www.housingwire.com/articles/onity-group-debt-earnings/",
      "published": "Tue, 27 Jan 2026"
    },
    {
      "title": "Redfin’s Most Neighborly Cities of 2026: Salt Lake City, Portland and Kansas City Top the List",
      "link": "https://www.redfin.com/news/most-neighborly-cities-2026/",
      "published": "Wed, 28 Jan 2026"
    },
    {
      "title": "Redfin Economists’ Weekly Take: There’s a Fed Meeting on Deck, But White House Policy Is Biggest Driver of Mortgage Rates",
      "link": "https://www.redfin.com/news/weekly-economic-update-fed-meeting-white-house-rates/",
      "published": "Mon, 26 Jan 2026"
    },
    {
      "title": "Meet the Newfins Starting 2026 Strong!",
      "link": "https://www.redfin.com/news/meet-the-newfins-starting-2026-strong/",
      "published": "Mon, 26 Jan 2026"
    },
    {
      "title": "More Gen Zers are Buying Homes. But It’s a Trickle, Not a Flood.",
      "link": "https://www.redfin.com/news/homeownership-rate-by-generation-2025/",
      "published": "Mon, 26 Jan 2026"
    },
    {
      "title": "Homebuyers Are Canceling Deals at the Highest Rate on Record",
      "link": "https://www.redfin.com/news/home-purchase-cancellations-december-2025/",
      "published": "Mon, 26 Jan 2026"
    },
    {
      "title": "Homebuying and Selling Activity Show Signs of Life Amid Lower Mortgage Rates",
      "link": "https://www.redfin.com/news/housing-market-update-homebuying-selling-improves-slightly/",
      "published": "Thu, 22 Jan 2026"
    }
  ],
  "feed_101020": {
    "macro": [
      {
        "title": "Mortgage applications drop 8.5% after slight rate increase",
        "url": "https://www.housingwire.com/articles/mortgage-applications-drop-rates/",
        "what": "Mortgage applications fell 8.5% as 30-year rates hit 6.24%",
        "numbers": "8.5, 30, 6.24, 16, 156",
        "justified": "housingwire.com — https://www.housingwire.com/articles/mortgage-applications-drop-rates/",
        "why": "Rates & inflation shape discount rates and housing affordability.",
        "market": "Lower rates support demand/valuations; higher rates pressure builders/REITs and slow transactions."
      },
      {
        "title": "White House proposal would keep Medicare Advantage rates stable in 2027",
        "url": "https://www.housingwire.com/articles/white-house-medicare-advantage-rates-2027/",
        "what": "The Centers for Medicare and Medicaid Services (CMS) said payments to Medicare Advantage plans would rise by an estimated 0.09% on average in 2027",
        "numbers": "0.09, 2027",
        "justified": "housingwire.com — https://www.housingwire.com/articles/white-house-medicare-advantage-rates-2027/",
        "why": "Rates & inflation shape discount rates and housing affordability.",
        "market": "Lower rates support demand/valuations; higher rates pressure builders/REITs and slow transactions."
      },
      {
        "title": "Trump executive order overrides Los Angeles wildfire rebuilding plan",