{
  "as_of": "2026-02-09 18:05 UTC",
  "macro": {
    "spx": null,
    "ten_year": {
      "yield_pct": 4.21,
      "delta_bp_1d": -8.000000000000007
    },
    "mortgage_30y": {
      "rate_pct": 6.11,
      "delta_bp_wow": 1.0000000000000675
    },
    "starts": {
      "level_saar": 1246.0,
      "mom": -0.04594180704441042
    }
  },
  "permits": {
    "florida": {
      "latest": 15200,
      "latest_date": "2025-10",
      "mom": 0.13832097655957454,
      "yoy": 0.14268531047962707,
      "ytd": -0.0034062907667777864,
      "ytd_count": 151261,
      "latest_year": 2025,
      "latest_month_name": "Oct"
    },
    "msa": {
      "Orlando–Kissimmee–Sanford": {
        "total": {
          "latest": 2471,
          "latest_year": 2025,
          "latest_month": 10,
          "latest_month_name": "Oct",
          "mom": 0.2208498023715415,
          "yoy": 0.505789152955515,
          "ytd_yoy": 0.2098518221866239,
          "ytd_count": 24168
        },
        "one_unit": {
          "latest": 1094,
          "latest_year": 2025,
          "latest_month": 10,
          "latest_month_name": "Oct",
          "mom": 0.27803738317757,
          "yoy": -0.09060681629260181,
          "ytd_yoy": -0.03620292083013066,
          "ytd_count": 12539
        },
        "dom": {
          "days": 88,
          "yoy": 0.08641975308641969,
          "as_of": "2026-01"
        }
      },
      "Tampa–St. Petersburg–Clearwater": {
        "total": {
          "latest": 2427,
          "latest_year": 2025,
          "latest_month": 10,
          "latest_month_name": "Oct",
          "mom": 0.5360759493670886,
          "yoy": 1.2939508506616257,
          "ytd_yoy": 0.04073680481757003,
          "ytd_count": 20566
        },
        "one_unit": {
          "latest": 1287,
          "latest_year": 2025,
          "latest_month": 10,
          "latest_month_name": "Oct",
          "mom": 0.2130065975494817,
          "yoy": 0.5,
          "ytd_yoy": -0.015960965927886206,
          "ytd_count": 11899
        },
        "dom": {
          "days": 85,
          "yoy": 0.2142857142857142,
          "as_of": "2026-01"
        }
      },
      "Ocala": {
        "total": {
          "latest": 470,
          "latest_year": 2025,
          "latest_month": 10,
          "latest_month_name": "Oct",
          "mom": 0.09557109557109555,
          "yoy": -0.010526315789473717,
          "ytd_yoy": -0.13937559732398852,
          "ytd_count": 5403
        },
        "one_unit": {
          "latest": 444,
          "latest_year": 2025,
          "latest_month": 10,
          "latest_month_name": "Oct",
          "mom": 0.21643835616438367,
          "yoy": -0.0326797385620915,
          "ytd_yoy": -0.1404255319148936,
          "ytd_count": 4848
        },
        "dom": {
          "days": 93,
          "yoy": 0.2567567567567568,
          "as_of": "2026-01"
        }
      },
      "Palm Bay–Melbourne–Titusville": {
        "total": {
          "latest": 343,
          "latest_year": 2025,
          "latest_month": 10,
          "latest_month_name": "Oct",
          "mom": -0.46406250000000004,
          "yoy": -0.51,
          "ytd_yoy": -0.004406428201140455,
          "ytd_count": 3841
        },
        "one_unit": {
          "latest": 343,
          "latest_year": 2025,
          "latest_month": 10,
          "latest_month_name": "Oct",
          "mom": 0.26102941176470584,
          "yoy": 0.026946107784431073,
          "ytd_yoy": -0.11307311028500622,
          "ytd_count": 2863
        },
        "dom": {
          "days": 77,
          "yoy": 0.0547945205479452,
          "as_of": "2026-01"
        }
      }
    }
  },
  "watchlist": [],
  "feed": [
    {
      "title": "February Demo Day: Blend",
      "link": "https://www.housingwire.com/articles/february-demo-day-blend/",
      "published": "Mon, 09 Feb 2026"
    },
    {
      "title": "February Demo Day: Insellerate’s Aithena",
      "link": "https://www.housingwire.com/articles/february-demo-day-insellerates-aithena/",
      "published": "Mon, 09 Feb 2026"
    },
    {
      "title": "February Demo Day: DigitalTax® Forecasting Insights by Cotality",
      "link": "https://www.housingwire.com/articles/february-demo-day-digitaltax-forecasting-insights-by-cotality/",
      "published": "Mon, 09 Feb 2026"
    },
    {
      "title": "The ultimate listing appointment checklist for agents (+ tips & scripts)",
      "link": "https://www.housingwire.com/articles/listing-appointment-checklist/",
      "published": "Mon, 09 Feb 2026"
    },
    {
      "title": "Zillow and Redfin ordered to produce documents in $100M rental syndication antitrust case",
      "link": "https://www.housingwire.com/articles/zillow-redfin-antitrust-documents/",
      "published": "Mon, 09 Feb 2026"
    },
    {
      "title": "The Mortgage Collaborative, MBA partner to expand advocacy efforts",
      "link": "https://www.housingwire.com/articles/tmc-mba-lender-partnership/",
      "published": "Mon, 09 Feb 2026"
    },
    {
      "title": "Redfin Debuts Its Home Search App in ChatGPT",
      "link": "https://www.redfin.com/news/redfin-debuts-its-home-search-app-in-chatgpt/",
      "published": "Fri, 06 Feb 2026"
    },
    {
      "title": "Going to the Big Game Could Cost Seattle and Boston Fans the Equivalent of 3 Monthly Mortgage Payments",
      "link": "https://www.redfin.com/news/comparing-costs-big-game-housing/",
      "published": "Fri, 06 Feb 2026"
    },
    {
      "title": "Austin, TX—Once Among the Nation’s Hottest Housing Markets—Is Now the Slowest",
      "link": "https://www.redfin.com/news/austin-texas-slowest-housing-market/",
      "published": "Thu, 05 Feb 2026"
    },
    {
      "title": "2026 Housing Market Mood: Buyers Are Cautious, Sellers Are Showing Up, and Agents See Signs of Busier Spring Ahead",
      "link": "https://www.redfin.com/news/housing-market-update-2026-housing-market-mood/",
      "published": "Thu, 05 Feb 2026"
    },
    {
      "title": "The Great American Home Search: Redfin’s Big Game Debut Kicks Off a Scavenger Hunt for $1 Million Home",
      "link": "https://www.redfin.com/news/announcing-great-american-home-search/",
      "published": "Wed, 04 Feb 2026"
    },
    {
      "title": "Minneapolis Pending Home Sales Dropped Nearly 20% in January, New Listings Fell 5%",
      "link": "https://www.redfin.com/news/minneapolis-housing-market-update/",
      "published": "Tue, 03 Feb 2026"
    }
  ],
  "feed_101020": {
    "macro": [
      {
        "title": "Zillow and Redfin ordered to produce documents in $100M rental syndication antitrust case",
        "url": "https://www.housingwire.com/articles/zillow-redfin-antitrust-documents/",
        "what": "A federal judge ordered Zillow and Redfin to provide internal documents and executive notes in the $100M rental syndication antitrust lawsuit.",
        "numbers": "$100",
        "justified": "housingwire.com — https://www.housingwire.com/articles/zillow-redfin-antitrust-documents/",
        "why": "Rates & inflation shape discount rates and housing affordability.",
        "market": "Lower rates support demand/valuations; higher rates pressure builders/REITs and slow transactions."
      },
      {
        "title": "ICE: Mortgage affordability at four-year high after rates fell in January",
        "url": "https://www.housingwire.com/articles/mortgage-rates-refinance-2026/",
        "what": "Mortgage rate declines in early January allowed for refinance opportunities for nearly 5 million borrowers and pushed housing affordability to a four-year high, according to ICE Mo",
        "numbers": "5 million, 2026",
        "justified": "housingwire.com — https://www.housingwire.com/articles/mortgage-rates-refinance-2026/",
        "why": "Rates & inflation shape discount rates and housing affordability.",