{
  "as_of": "2026-07-08 16:49 UTC",
  "macro": {
    "spx": null,
    "ten_year": {
      "yield_pct": 4.48,
      "delta_bp_1d": -0.9999999999999787
    },
    "mortgage_30y": {
      "rate_pct": 6.43,
      "delta_bp_wow": -6.00000000000005
    },
    "starts": {
      "level_saar": 1177.0,
      "mom": -0.15445402298850575
    }
  },
  "permits": {
    "florida": {
      "latest": 13055,
      "latest_date": "2026-05",
      "mom": -0.10557687037544528,
      "yoy": -0.1036116451524306,
      "ytd": -0.15488219982647,
      "ytd_count": 63312,
      "latest_year": 2026,
      "latest_month_name": "May"
    },
    "msa": {
      "Orlando–Kissimmee–Sanford": {
        "total": {
          "latest": 1846,
          "latest_year": 2026,
          "latest_month": 5,
          "latest_month_name": "May",
          "mom": -0.041536863966770476,
          "yoy": 0.030133928571428603,
          "ytd_yoy": -0.40573954742994156,
          "ytd_count": 7931
        },
        "one_unit": {
          "latest": 1050,
          "latest_year": 2026,
          "latest_month": 5,
          "latest_month_name": "May",
          "mom": -0.0658362989323843,
          "yoy": -0.13007456503728254,
          "ytd_yoy": -0.2376164424072157,
          "ytd_count": 5156
        },
        "dom": {
          "days": 70,
          "yoy": 0.0,
          "as_of": "2026-06"
        }
      },
      "Tampa–St. Petersburg–Clearwater": {
        "total": {
          "latest": 2505,
          "latest_year": 2026,
          "latest_month": 5,
          "latest_month_name": "May",
          "mom": 0.5666041275797373,
          "yoy": 0.03256389117889524,
          "ytd_yoy": -0.0788973384030418,
          "ytd_count": 8721
        },
        "one_unit": {
          "latest": 1141,
          "latest_year": 2026,
          "latest_month": 5,
          "latest_month_name": "May",
          "mom": -0.047579298831385675,
          "yoy": -0.14595808383233533,
          "ytd_yoy": -0.005497337227280519,
          "ytd_count": 5789
        },
        "dom": {
          "days": 68,
          "yoy": 0.0,
          "as_of": "2026-06"
        }
      },
      "Ocala": {
        "total": {
          "latest": 481,
          "latest_year": 2026,
          "latest_month": 5,
          "latest_month_name": "May",
          "mom": -0.1819727891156463,
          "yoy": -0.034136546184738936,
          "ytd_yoy": -0.02604166666666663,
          "ytd_count": 2805
        },
        "one_unit": {
          "latest": 477,
          "latest_year": 2026,
          "latest_month": 5,
          "latest_month_name": "May",
          "mom": -0.18877551020408168,
          "yoy": -0.01851851851851849,
          "ytd_yoy": 0.02792256142963523,
          "ytd_count": 2761
        },
        "dom": {
          "days": 78,
          "yoy": 0.0,
          "as_of": "2026-06"
        }
      },
      "Palm Bay–Melbourne–Titusville": {
        "total": {
          "latest": 328,
          "latest_year": 2026,
          "latest_month": 5,
          "latest_month_name": "May",
          "mom": 0.08250825082508251,
          "yoy": 0.2615384615384615,
          "ytd_yoy": -0.10857142857142854,
          "ytd_count": 1404
        },
        "one_unit": {
          "latest": 328,
          "latest_year": 2026,
          "latest_month": 5,
          "latest_month_name": "May",
          "mom": 0.08250825082508251,
          "yoy": 0.3015873015873016,
          "ytd_yoy": 0.010799136069114423,
          "ytd_count": 1404
        },
        "dom": {
          "days": 66,
          "yoy": -0.08333333333333337,
          "as_of": "2026-06"
        }
      }
    }
  },
  "watchlist": [],
  "feed": [
    {
      "title": "Reverse mortgages emerge as a tool in ‘gray divorce’ settlements",
      "link": "https://www.housingwire.com/articles/reverse-mortgages-gray-divorce/",
      "published": "Wed, 08 Jul 2026"
    },
    {
      "title": "Real estate agents: Make your drive time work for you",
      "link": "https://www.housingwire.com/articles/use-drive-time-real-estate-agents/",
      "published": "Wed, 08 Jul 2026"
    },
    {
      "title": "Fiserv president Dhivya Suryadevara resigns, cites ‘good reason’",
      "link": "https://www.housingwire.com/articles/fiserv-president-resigns/",
      "published": "Wed, 08 Jul 2026"
    },
    {
      "title": "Former FHA Commissioner Frank Cassidy returns to Walker & Dunlop",
      "link": "https://www.housingwire.com/articles/frank-cassidy-walker-dunlop/",
      "published": "Wed, 08 Jul 2026"
    },
    {
      "title": "Mortgage applications dip during holiday week as rates edge up",
      "link": "https://www.housingwire.com/articles/mortgage-applications-dip/",
      "published": "Wed, 08 Jul 2026"
    },
    {
      "title": "Reggora receives GSE verification for UAD 3.6 appraisal forms platform",
      "link": "https://www.housingwire.com/articles/reggora-receives-gse-verification-for-uad-3-6-appraisal-forms-platform/",
      "published": "Wed, 08 Jul 2026"
    },
    {
      "title": "There Are Now Only 5 Major Metros Where A Typical Luxury Home Costs Less Than $1 Million",
      "link": "https://www.redfin.com/news/major-metros-luxury-homes-still-under-million-dollars/",
      "published": "Wed, 08 Jul 2026"
    },
    {
      "title": "Luxury Homes Cost 9 Times More Than the Typical Homes in These South Florida “Wealth Magnet” Metros",
      "link": "https://www.redfin.com/news/west-palm-beach-pending-sales-rise/",
      "published": "Tue, 07 Jul 2026"
    },
    {
      "title": "Monthly Payments Tick Up For First Time in 8 Months As Home Prices Hit Record High",
      "link": "https://www.redfin.com/news/housing-market-update-payments-rise-prices-record-high/",
      "published": "Thu, 02 Jul 2026"
    },
    {
      "title": "Most Homeowners See Their Home as a Reflection of Who They Are; Most Renters See It as Just a Place To Live",
      "link": "https://www.redfin.com/news/june-homeownership-month-how-people-feel-about-home-2026/",
      "published": "Wed, 01 Jul 2026"
    },
    {
      "title": "Seller Choice Keeps Winning, Quietly",
      "link": "https://www.redfin.com/news/seller-choice-keeps-winning-quietly/",
      "published": "Tue, 30 Jun 2026"
    },
    {
      "title": "A Tale of Two Markets: Luxury Home Prices Are Rising 3 Times Faster Than Non-Luxury Prices",
      "link": "https://www.redfin.com/news/luxury-housing-market-may-2026/",
      "published": "Tue, 30 Jun 2026"
    }
  ],
  "feed_101020": {
    "macro": [
      {
        "title": "Reverse mortgages emerge as a tool in ‘gray divorce’ settlements",
        "url": "https://www.housingwire.com/articles/reverse-mortgages-gray-divorce/",
        "what": "Gray divorce rates doubled from 1990 to 2010, and reverse mortgages can fund equity buyouts for homeowners ages 62 or older.",
        "numbers": "1990, 2010,, 62",
        "justified": "housingwire.com — https://www.housingwire.com/articles/reverse-mortgages-gray-divorce/",
        "why": "Rates & inflation shape discount rates and housing affordability.",
        "market": "Lower rates support demand/valuations; higher rates pressure builders/REITs and slow transactions."
      },
      {
        "title": "Mortgage applications dip during holiday week as rates edge up",
        "url": "https://www.housingwire.com/articles/mortgage-applications-dip/",
        "what": "MBA reports applications fell 2.2% for the week ending July 3, with refis down 4% and purchase activity down 1% on an adjusted basis.",
        "numbers": "2.2, 3,, 4, 1",
        "justified": "housingwire.com — https://www.housingwire.com/articles/mortgage-applications-dip/",
        "why": "Rates & inflation shape discount rates and housing affordability.",