{
  "as_of": "2026-03-11 17:10 UTC",
  "macro": {
    "spx": null,
    "ten_year": {
      "yield_pct": 4.12,
      "delta_bp_1d": -3.000000000000025
    },
    "mortgage_30y": {
      "rate_pct": 6.0,
      "delta_bp_wow": 1.9999999999999574
    },
    "starts": {
      "level_saar": 1404.0,
      "mom": 0.062027231467473465
    }
  },
  "permits": {
    "florida": {
      "latest": 13220,
      "latest_date": "2025-12",
      "mom": 0.3696643182760049,
      "yoy": 0.10590597289610182,
      "ytd": -0.002057400912362728,
      "ytd_count": 174133,
      "latest_year": 2025,
      "latest_month_name": "Dec"
    },
    "msa": {
      "Orlando–Kissimmee–Sanford": {
        "total": {
          "latest": 2182,
          "latest_year": 2025,
          "latest_month": 12,
          "latest_month_name": "Dec",
          "mom": 1.0900383141762453,
          "yoy": 0.011121408711770142,
          "ytd_yoy": 0.16461185273361112,
          "ytd_count": 27394
        },
        "one_unit": {
          "latest": 865,
          "latest_year": 2025,
          "latest_month": 12,
          "latest_month_name": "Dec",
          "mom": 0.11901681759379046,
          "yoy": -0.348644578313253,
          "ytd_yoy": -0.09051834744675391,
          "ytd_count": 14177
        },
        "dom": {
          "days": 82,
          "yoy": 0.10810810810810811,
          "as_of": "2026-02"
        }
      },
      "Tampa–St. Petersburg–Clearwater": {
        "total": {
          "latest": 1233,
          "latest_year": 2025,
          "latest_month": 12,
          "latest_month_name": "Dec",
          "mom": 0.020695364238410674,
          "yoy": 0.2992623814541622,
          "ytd_yoy": 0.06361240811797875,
          "ytd_count": 23007
        },
        "one_unit": {
          "latest": 933,
          "latest_year": 2025,
          "latest_month": 12,
          "latest_month_name": "Dec",
          "mom": 0.07986111111111116,
          "yoy": 0.015233949945593128,
          "ytd_yoy": -0.015809140557631496,
          "ytd_count": 13696
        },
        "dom": {
          "days": 80,
          "yoy": 0.21212121212121215,
          "as_of": "2026-02"
        }
      },
      "Ocala": {
        "total": {
          "latest": 408,
          "latest_year": 2025,
          "latest_month": 12,
          "latest_month_name": "Dec",
          "mom": 1.3448275862068964,
          "yoy": -0.02857142857142858,
          "ytd_yoy": -0.15358506576156128,
          "ytd_count": 5985
        },
        "one_unit": {
          "latest": 400,
          "latest_year": 2025,
          "latest_month": 12,
          "latest_month_name": "Dec",
          "mom": 1.3255813953488373,
          "yoy": -0.014778325123152691,
          "ytd_yoy": -0.15431424559213602,
          "ytd_count": 5420
        },
        "dom": {
          "days": 91,
          "yoy": 0.2816901408450705,
          "as_of": "2026-02"
        }
      },
      "Palm Bay–Melbourne–Titusville": {
        "total": {
          "latest": 534,
          "latest_year": 2025,
          "latest_month": 12,
          "latest_month_name": "Dec",
          "mom": 1.2066115702479339,
          "yoy": 0.5213675213675213,
          "ytd_yoy": -0.0004329941545788696,
          "ytd_count": 4617
        },
        "one_unit": {
          "latest": 269,
          "latest_year": 2025,
          "latest_month": 12,
          "latest_month_name": "Dec",
          "mom": 0.1350210970464134,
          "yoy": -0.2157434402332361,
          "ytd_yoy": -0.13548883756735952,
          "ytd_count": 3369
        },
        "dom": {
          "days": 72,
          "yoy": 0.07462686567164178,
          "as_of": "2026-02"
        }
      }
    }
  },
  "watchlist": [],
  "feed": [
    {
      "title": "Minimum home lot sizes eyed in Colorado push to break barriers",
      "link": "https://www.housingwire.com/articles/colorado-housing-lot-size-bill/",
      "published": "Wed, 11 Mar 2026"
    },
    {
      "title": "Unison’s home equity investment faces another legal battle in California",
      "link": "https://www.housingwire.com/articles/unison-hei-class-action/",
      "published": "Wed, 11 Mar 2026"
    },
    {
      "title": "The DiSpirito Team earns top honors at Engel & Völkers",
      "link": "https://www.housingwire.com/articles/the-dispirito-team-earns-top-honors-at-engel-volkers/",
      "published": "Wed, 11 Mar 2026"
    },
    {
      "title": "February’s CPI report reveals steady annual inflation of 2.4%",
      "link": "https://www.housingwire.com/articles/february-2026-cpi-inflation/",
      "published": "Wed, 11 Mar 2026"
    },
    {
      "title": "REMAX adds 300-agent Rhode Island brokerage",
      "link": "https://www.housingwire.com/articles/remax-adds-300-agent-rhode-island-brokerage/",
      "published": "Wed, 11 Mar 2026"
    },
    {
      "title": "Longbridge, Mutual of Omaha move to dismiss reverse mortgage marketing lawsuit",
      "link": "https://www.housingwire.com/articles/longbridge-mutual-of-omaha-reverse-mortgage-marketing-lawsuit/",
      "published": "Wed, 11 Mar 2026"
    },
    {
      "title": "Iran Conflict Stalls Big Purchases Like Homes and Cars For 1 in 4 Americans; Most Are Undeterred",
      "link": "https://www.redfin.com/news/iran-conflict-homebuying-plans/",
      "published": "Wed, 11 Mar 2026"
    },
    {
      "title": "Inflation Cooled in February, but Markets Are Looking Past It as Iran War Clouds Outlook",
      "link": "https://www.redfin.com/news/inflation-february-2026/",
      "published": "Wed, 11 Mar 2026"
    },
    {
      "title": "Long-Distance Moves Tick Up: Nearly 1 in 5 House Hunters Are Looking to Relocate",
      "link": "https://www.redfin.com/news/migration-q4-2025/",
      "published": "Tue, 10 Mar 2026"
    },
    {
      "title": "Redfin Economists’ Weekly Take: Mortgage Rates Poised For Volatility As Iran Conflict Escalates and Inflation Data Looms",
      "link": "https://www.redfin.com/news/weekly-economic-update-march-9-2026/",
      "published": "Mon, 09 Mar 2026"
    },
    {
      "title": "Weak Jobs Report Unlikely to Push Mortgage Rates Down As Escalating Iran Conflict Muddies Outlook",
      "link": "https://www.redfin.com/news/february-2026-jobs-report/",
      "published": "Fri, 06 Mar 2026"
    },
    {
      "title": "Back on the Market: Relistings Jump as Home Sellers Bet on Stronger Spring Market",
      "link": "https://www.redfin.com/news/home-relistings-2026/",
      "published": "Thu, 05 Mar 2026"
    }
  ],
  "feed_101020": {
    "macro": [
      {
        "title": "February’s CPI report reveals steady annual inflation of 2.4%",
        "url": "https://www.housingwire.com/articles/february-2026-cpi-inflation/",
        "what": "Inflation rose 0.3% in February and stayed at 2.4% year over year, with shelter costs up 0.2% and rents posting the smallest gain since 2021.",
        "numbers": "0.3, 2.4, 0.2, 2021.",
        "justified": "housingwire.com — https://www.housingwire.com/articles/february-2026-cpi-inflation/",
        "why": "Rates & inflation shape discount rates and housing affordability.",
        "market": "Lower rates support demand/valuations; higher rates pressure builders/REITs and slow transactions."
      },
      {
        "title": "Longbridge, Mutual of Omaha move to dismiss reverse mortgage marketing lawsuit",
        "url": "https://www.housingwire.com/articles/longbridge-mutual-of-omaha-reverse-mortgage-marketing-lawsuit/",
        "what": "Longbridge Financial and Mutual of Omaha Mortgage have asked a federal judge to dismiss a lawsuit over alleged improper advertising practices, ending a dispute that began in Septem",
        "numbers": "2024.",
        "justified": "housingwire.com — https://www.housingwire.com/articles/longbridge-mutual-of-omaha-reverse-mortgage-marketing-lawsuit/",
        "why": "Rates & inflation shape discount rates and housing affordability.",