{
  "as_of": "2025-12-02 03:59 UTC",
  "macro": {
    "spx": null,
    "ten_year": {
      "yield_pct": 4.02,
      "delta_bp_1d": 1.9999999999999574
    },
    "mortgage_30y": {
      "rate_pct": 6.23,
      "delta_bp_wow": -2.999999999999936
    },
    "starts": {
      "level_saar": 1307.0,
      "mom": -0.08537438768369487
    }
  },
  "permits": {
    "florida": {
      "latest": 13594,
      "latest_date": "2025-08",
      "mom": -0.0727781188186345,
      "yoy": -0.13226094727435211,
      "ytd": -0.026868417713488135,
      "ytd_count": 122708,
      "latest_year": 2025,
      "latest_month_name": "Aug"
    },
    "msa": {
      "Orlando–Kissimmee–Sanford": {
        "total": {
          "latest": 1649,
          "latest_year": 2025,
          "latest_month": 8,
          "latest_month_name": "Aug",
          "mom": -0.20797310278578285,
          "yoy": -0.16336884830035514,
          "ytd_yoy": 0.20390428982314424,
          "ytd_count": 19673
        },
        "one_unit": {
          "latest": 927,
          "latest_year": 2025,
          "latest_month": 8,
          "latest_month_name": "Aug",
          "mom": -0.12793979303857006,
          "yoy": -0.382,
          "ytd_yoy": 0.008284136354979932,
          "ytd_count": 10589
        },
        "dom": {
          "days": 81,
          "yoy": 0.17391304347826098,
          "as_of": "2025-10"
        }
      },
      "Tampa–St. Petersburg–Clearwater": {
        "total": {
          "latest": 2908,
          "latest_year": 2025,
          "latest_month": 8,
          "latest_month_name": "Aug",
          "mom": 0.6645678305666858,
          "yoy": 0.465725806451613,
          "ytd_yoy": -0.06499153020892157,
          "ytd_count": 16559
        },
        "one_unit": {
          "latest": 1324,
          "latest_year": 2025,
          "latest_month": 8,
          "latest_month_name": "Aug",
          "mom": 0.16140350877192988,
          "yoy": 0.2526017029328287,
          "ytd_yoy": -0.09323079844298865,
          "ytd_count": 9551
        },
        "dom": {
          "days": 79,
          "yoy": 0.09722222222222232,
          "as_of": "2025-10"
        }
      },
      "Ocala": {
        "total": {
          "latest": 461,
          "latest_year": 2025,
          "latest_month": 8,
          "latest_month_name": "Aug",
          "mom": 0.0453514739229024,
          "yoy": 0.0453514739229024,
          "ytd_yoy": -0.1361718450326045,
          "ytd_count": 4504
        },
        "one_unit": {
          "latest": 451,
          "latest_year": 2025,
          "latest_month": 8,
          "latest_month_name": "Aug",
          "mom": 0.09200968523002429,
          "yoy": 0.0562060889929743,
          "ytd_yoy": -0.12195652173913041,
          "ytd_count": 4039
        },
        "dom": {
          "days": 78,
          "yoy": 0.11428571428571432,
          "as_of": "2025-10"
        }
      },
      "Palm Bay–Melbourne–Titusville": {
        "total": {
          "latest": 391,
          "latest_year": 2025,
          "latest_month": 8,
          "latest_month_name": "Aug",
          "mom": -0.28519195612431447,
          "yoy": 0.3076923076923077,
          "ytd_yoy": 0.03214156735283491,
          "ytd_count": 2858
        },
        "one_unit": {
          "latest": 239,
          "latest_year": 2025,
          "latest_month": 8,
          "latest_month_name": "Aug",
          "mom": -0.13090909090909086,
          "yoy": -0.2006688963210702,
          "ytd_yoy": -0.10545165141265422,
          "ytd_count": 2248
        },
        "dom": {
          "days": 75,
          "yoy": 0.08695652173913038,
          "as_of": "2025-10"
        }
      }
    }
  },
  "watchlist": [],
  "feed": [
    {
      "title": "California infill builder turns idle lots into housing in land-constrained coastal markets",
      "link": "https://www.housingwire.com/articles/california-infill-builder-turns-idle-lots-into-housing-in-land-constrained-coastal-markets/",
      "published": "Mon, 01 Dec 2025"
    },
    {
      "title": "Connecticut rolls back zoning limits to target housing shortage",
      "link": "https://www.housingwire.com/articles/connecticut-zoning-reform/",
      "published": "Mon, 01 Dec 2025"
    },
    {
      "title": "eXp’s new framework signals a shift: Transparency isn’t optional anymore",
      "link": "https://www.housingwire.com/articles/exp-realty-new-disclosure-forms/",
      "published": "Mon, 01 Dec 2025"
    },
    {
      "title": "Kriss Law/Atlantic Closing & Escrow expands New England footprint with merger",
      "link": "https://www.housingwire.com/articles/kriss-law-atlantic-closing-escrow-expands-new-england-footprint-with-merger/",
      "published": "Mon, 01 Dec 2025"
    },
    {
      "title": "MBA lays out proposed changes for federal reverse mortgage programs",
      "link": "https://www.housingwire.com/articles/mba-reverse-mortgage-recommendations/",
      "published": "Mon, 01 Dec 2025"
    },
    {
      "title": "CMG promotes John-Robert Martinez to lead reverse business in the East",
      "link": "https://www.housingwire.com/articles/john-martinez-cmg-financial-regional-manager/",
      "published": "Mon, 01 Dec 2025"
    },
    {
      "title": "Redfin Economists’ Weekly Take: Mortgage Rates May Bounce Around Ahead of Fed Meeting",
      "link": "https://www.redfin.com/news/weekly-economics-update-december-1/",
      "published": "Mon, 01 Dec 2025"
    },
    {
      "title": "Rising Home Prices, Economic Volatility Curb Would-Be Buyers’ Appetites in Leadup to Thanksgiving",
      "link": "https://www.redfin.com/news/housing-market-update-rising-home-prices-curb-sales/",
      "published": "Wed, 26 Nov 2025"
    },
    {
      "title": "Typical Retail Worker Earns $37,000 Less Than Needed to Afford Typical Apartment",
      "link": "https://www.redfin.com/news/retail-worker-rental-affordability-2025/",
      "published": "Wed, 26 Nov 2025"
    },
    {
      "title": "West Palm Beach Tops 10-Year Luxury Home Price Growth as Traditional Giants Like New York Lag Behind",
      "link": "https://www.redfin.com/news/luxury-home-prices-decade/",
      "published": "Tue, 25 Nov 2025"
    },
    {
      "title": "Delistings Jump 28% as Sellers Pull Homes Off Market Rather Than Settle For Low Prices",
      "link": "https://www.redfin.com/news/delistings-jump-sellers-pull-homes-off-market/",
      "published": "Tue, 25 Nov 2025"
    },
    {
      "title": "Redfin Economists’ Weekly Take: Odds Firm for December Rate Cut Despite Limited Data",
      "link": "https://www.redfin.com/news/weekly-economics-update-november-24/",
      "published": "Tue, 25 Nov 2025"
    }
  ],
  "feed_101020": {
    "macro": [
      {
        "title": "MBA lays out proposed changes for federal reverse mortgage programs",
        "url": "https://www.housingwire.com/articles/mba-reverse-mortgage-recommendations/",
        "what": "MBA proposes seven reforms for the HECM and HMBS programs, including new securitization options and changes to mortgage insurance premiums.",
        "numbers": "",
        "justified": "housingwire.com — https://www.housingwire.com/articles/mba-reverse-mortgage-recommendations/",
        "why": "Rates & inflation shape discount rates and housing affordability.",
        "market": "Lower rates support demand/valuations; higher rates pressure builders/REITs and slow transactions."
      },
      {
        "title": "Redfin Economists’ Weekly Take: Mortgage Rates May Bounce Around Ahead of Fed Meeting",
        "url": "https://www.redfin.com/news/weekly-economics-update-december-1/",
        "what": "This Week In A Nutshell Rates fell last week as financial markets increasingly priced in a rate cut at next Wednesday’s Fed meeting, but an absence of recent jobs and inflation data makes this one particularly difficult to predict",
        "numbers": "",
        "justified": "redfin.com — https://www.redfin.com/news/weekly-economics-update-december-1/",