{
  "as_of": "2026-06-30 20:20 UTC",
  "macro": {
    "spx": null,
    "ten_year": {
      "yield_pct": 4.38,
      "delta_bp_1d": 0.0
    },
    "mortgage_30y": {
      "rate_pct": 6.49,
      "delta_bp_wow": 2.000000000000046
    },
    "starts": {
      "level_saar": 1177.0,
      "mom": -0.15445402298850575
    }
  },
  "permits": {
    "florida": {
      "latest": 13055,
      "latest_date": "2026-05",
      "mom": -0.10557687037544528,
      "yoy": -0.1036116451524306,
      "ytd": -0.15488219982647,
      "ytd_count": 63312,
      "latest_year": 2026,
      "latest_month_name": "May"
    },
    "msa": {
      "Orlando–Kissimmee–Sanford": {
        "total": {
          "latest": 1846,
          "latest_year": 2026,
          "latest_month": 5,
          "latest_month_name": "May",
          "mom": -0.041536863966770476,
          "yoy": 0.030133928571428603,
          "ytd_yoy": -0.40573954742994156,
          "ytd_count": 7931
        },
        "one_unit": {
          "latest": 1050,
          "latest_year": 2026,
          "latest_month": 5,
          "latest_month_name": "May",
          "mom": -0.0658362989323843,
          "yoy": -0.13007456503728254,
          "ytd_yoy": -0.2376164424072157,
          "ytd_count": 5156
        },
        "dom": {
          "days": 70,
          "yoy": 0.07692307692307687,
          "as_of": "2026-05"
        }
      },
      "Tampa–St. Petersburg–Clearwater": {
        "total": {
          "latest": 2505,
          "latest_year": 2026,
          "latest_month": 5,
          "latest_month_name": "May",
          "mom": 0.5666041275797373,
          "yoy": 0.03256389117889524,
          "ytd_yoy": -0.0788973384030418,
          "ytd_count": 8721
        },
        "one_unit": {
          "latest": 1141,
          "latest_year": 2026,
          "latest_month": 5,
          "latest_month_name": "May",
          "mom": -0.047579298831385675,
          "yoy": -0.14595808383233533,
          "ytd_yoy": -0.005497337227280519,
          "ytd_count": 5789
        },
        "dom": {
          "days": 67,
          "yoy": 0.1166666666666667,
          "as_of": "2026-05"
        }
      },
      "Ocala": {
        "total": {
          "latest": 481,
          "latest_year": 2026,
          "latest_month": 5,
          "latest_month_name": "May",
          "mom": -0.1819727891156463,
          "yoy": -0.034136546184738936,
          "ytd_yoy": -0.02604166666666663,
          "ytd_count": 2805
        },
        "one_unit": {
          "latest": 477,
          "latest_year": 2026,
          "latest_month": 5,
          "latest_month_name": "May",
          "mom": -0.18877551020408168,
          "yoy": -0.01851851851851849,
          "ytd_yoy": 0.02792256142963523,
          "ytd_count": 2761
        },
        "dom": {
          "days": 79,
          "yoy": 0.09722222222222232,
          "as_of": "2026-05"
        }
      },
      "Palm Bay–Melbourne–Titusville": {
        "total": {
          "latest": 328,
          "latest_year": 2026,
          "latest_month": 5,
          "latest_month_name": "May",
          "mom": 0.08250825082508251,
          "yoy": 0.2615384615384615,
          "ytd_yoy": -0.10857142857142854,
          "ytd_count": 1404
        },
        "one_unit": {
          "latest": 328,
          "latest_year": 2026,
          "latest_month": 5,
          "latest_month_name": "May",
          "mom": 0.08250825082508251,
          "yoy": 0.3015873015873016,
          "ytd_yoy": 0.010799136069114423,
          "ytd_count": 1404
        },
        "dom": {
          "days": 65,
          "yoy": 0.0,
          "as_of": "2026-05"
        }
      }
    }
  },
  "watchlist": [],
  "feed": [
    {
      "title": "Trump calls 21st Century ROAD to Housing Act ‘a yawn’",
      "link": "https://www.housingwire.com/articles/trump-calls-21st-century-road-to-housing-act-a-yawn/",
      "published": "Tue, 30 Jun 2026"
    },
    {
      "title": "Why Fed President Beth Hammack wants more rate hikes",
      "link": "https://www.housingwire.com/articles/fed-president-beth-hammack-more-rate-hikes/",
      "published": "Tue, 30 Jun 2026"
    },
    {
      "title": "MRED seeks arbitration in Zillow antitrust lawsuit",
      "link": "https://www.housingwire.com/articles/mred-compel-arbitration-zillow/",
      "published": "Tue, 30 Jun 2026"
    },
    {
      "title": "Bipartisan bill would allocate CDBG funds to disaster prevention efforts",
      "link": "https://www.housingwire.com/articles/liccardo-timmons-bill-ounce-of-prevention-act/",
      "published": "Tue, 30 Jun 2026"
    },
    {
      "title": "CRMLS adds ‘Limited Exposure Coming Soon’ listing option",
      "link": "https://www.housingwire.com/articles/crmls-limited-exposure-coming-soon/",
      "published": "Tue, 30 Jun 2026"
    },
    {
      "title": "Non-QM originations on pace for new post-crisis record in 2026",
      "link": "https://www.housingwire.com/articles/non-qm-originations-175b-2026/",
      "published": "Tue, 30 Jun 2026"
    },
    {
      "title": "Seller Choice Keeps Winning, Quietly",
      "link": "https://www.redfin.com/news/seller-choice-keeps-winning-quietly/",
      "published": "Tue, 30 Jun 2026"
    },
    {
      "title": "A Tale of Two Markets: Luxury Home Prices Are Rising 3 Times Faster Than Non-Luxury Prices",
      "link": "https://www.redfin.com/news/luxury-housing-market-may-2026/",
      "published": "Tue, 30 Jun 2026"
    },
    {
      "title": "19% of of House Hunters Are Looking to Relocate–And They’re Headed to the Sun Belt",
      "link": "https://www.redfin.com/news/migration-q1-2026/",
      "published": "Mon, 29 Jun 2026"
    },
    {
      "title": "Gen Z Is Creating A New Path To Prosperity",
      "link": "https://www.redfin.com/news/gen-z-path-to-prosperity/",
      "published": "Fri, 26 Jun 2026"
    },
    {
      "title": "Americans Across Party Lines Back Policies to Improve Housing Affordability: Redfin Survey",
      "link": "https://www.redfin.com/news/survey-americans-support-housing-policy/",
      "published": "Fri, 26 Jun 2026"
    },
    {
      "title": "Fewer Homeowners Are Listing as Spring Market Ends With a Whimper, Not a Bang",
      "link": "https://www.redfin.com/news/housing-market-update-new-listings-decline-spring-2026/",
      "published": "Thu, 25 Jun 2026"
    }
  ],
  "feed_101020": {
    "macro": [
      {
        "title": "Why Fed President Beth Hammack wants more rate hikes",
        "url": "https://www.housingwire.com/articles/fed-president-beth-hammack-more-rate-hikes/",
        "what": "Oil is near $70, but Fed hawks cite sticky inflation and full employment, keeping rate hikes in play and mortgage rates from falling.",
        "numbers": "$70,",
        "justified": "housingwire.com — https://www.housingwire.com/articles/fed-president-beth-hammack-more-rate-hikes/",
        "why": "Rates & inflation shape discount rates and housing affordability.",
        "market": "Lower rates support demand/valuations; higher rates pressure builders/REITs and slow transactions."
      },
      {
        "title": "A Tale of Two Markets: Luxury Home Prices Are Rising 3 Times Faster Than Non-Luxury Prices",
        "url": "https://www.redfin.com/news/luxury-housing-market-may-2026/",
        "what": "Luxury U.S",
        "numbers": "4.7, 1.5, 3",
        "justified": "redfin.com — https://www.redfin.com/news/luxury-housing-market-may-2026/",
        "why": "Rates & inflation shape discount rates and housing affordability.",
        "market": "Lower rates support demand/valuations; higher rates pressure builders/REITs and slow transactions."
      },
      {
        "title": "Americans Across Party Lines Back Policies to Improve Housing Affordability: Redfin Survey",
        "url": "https://www.redfin.com/news/survey-americans-support-housing-policy/",