{
  "as_of": "2025-11-29 15:30 UTC",
  "macro": {
    "spx": null,
    "ten_year": {
      "yield_pct": 4.0,
      "delta_bp_1d": -0.9999999999999787
    },
    "mortgage_30y": {
      "rate_pct": 6.23,
      "delta_bp_wow": -2.999999999999936
    },
    "starts": {
      "level_saar": 1307.0,
      "mom": -0.08537438768369487
    }
  },
  "permits": {
    "florida": {
      "latest": 13594,
      "latest_date": "2025-08",
      "mom": -0.0727781188186345,
      "yoy": -0.13226094727435211,
      "ytd": -0.026868417713488135,
      "ytd_count": 122708,
      "latest_year": 2025,
      "latest_month_name": "Aug"
    },
    "msa": {
      "Orlando–Kissimmee–Sanford": {
        "total": {
          "latest": 1649,
          "latest_year": 2025,
          "latest_month": 8,
          "latest_month_name": "Aug",
          "mom": -0.20797310278578285,
          "yoy": -0.16336884830035514,
          "ytd_yoy": 0.20390428982314424,
          "ytd_count": 19673
        },
        "one_unit": {
          "latest": 927,
          "latest_year": 2025,
          "latest_month": 8,
          "latest_month_name": "Aug",
          "mom": -0.12793979303857006,
          "yoy": -0.382,
          "ytd_yoy": 0.008284136354979932,
          "ytd_count": 10589
        },
        "dom": {
          "days": 81,
          "yoy": 0.17391304347826098,
          "as_of": "2025-10"
        }
      },
      "Tampa–St. Petersburg–Clearwater": {
        "total": {
          "latest": 2908,
          "latest_year": 2025,
          "latest_month": 8,
          "latest_month_name": "Aug",
          "mom": 0.6645678305666858,
          "yoy": 0.465725806451613,
          "ytd_yoy": -0.06499153020892157,
          "ytd_count": 16559
        },
        "one_unit": {
          "latest": 1324,
          "latest_year": 2025,
          "latest_month": 8,
          "latest_month_name": "Aug",
          "mom": 0.16140350877192988,
          "yoy": 0.2526017029328287,
          "ytd_yoy": -0.09323079844298865,
          "ytd_count": 9551
        },
        "dom": {
          "days": 79,
          "yoy": 0.09722222222222232,
          "as_of": "2025-10"
        }
      },
      "Ocala": {
        "total": {
          "latest": 461,
          "latest_year": 2025,
          "latest_month": 8,
          "latest_month_name": "Aug",
          "mom": 0.0453514739229024,
          "yoy": 0.0453514739229024,
          "ytd_yoy": -0.1361718450326045,
          "ytd_count": 4504
        },
        "one_unit": {
          "latest": 451,
          "latest_year": 2025,
          "latest_month": 8,
          "latest_month_name": "Aug",
          "mom": 0.09200968523002429,
          "yoy": 0.0562060889929743,
          "ytd_yoy": -0.12195652173913041,
          "ytd_count": 4039
        },
        "dom": {
          "days": 78,
          "yoy": 0.11428571428571432,
          "as_of": "2025-10"
        }
      },
      "Palm Bay–Melbourne–Titusville": {
        "total": {
          "latest": 391,
          "latest_year": 2025,
          "latest_month": 8,
          "latest_month_name": "Aug",
          "mom": -0.28519195612431447,
          "yoy": 0.3076923076923077,
          "ytd_yoy": 0.03214156735283491,
          "ytd_count": 2858
        },
        "one_unit": {
          "latest": 239,
          "latest_year": 2025,
          "latest_month": 8,
          "latest_month_name": "Aug",
          "mom": -0.13090909090909086,
          "yoy": -0.2006688963210702,
          "ytd_yoy": -0.10545165141265422,
          "ytd_count": 2248
        },
        "dom": {
          "days": 75,
          "yoy": 0.08695652173913038,
          "as_of": "2025-10"
        }
      }
    }
  },
  "watchlist": [],
  "feed": [
    {
      "title": "The originator’s playbook: Competing and growing in a shifting market",
      "link": "https://www.housingwire.com/articles/the-originators-playbook-competing-and-growing-in-a-shifting-market/",
      "published": "Sat, 29 Nov 2025"
    },
    {
      "title": "Bayview closes acquisition of Guild, taking lender private",
      "link": "https://www.housingwire.com/articles/bayview-closes-acquisition-of-guild-taking-lender-private/",
      "published": "Fri, 28 Nov 2025"
    },
    {
      "title": "Making the 7-day refi reality: Modernizing mortgage appraisals",
      "link": "https://www.housingwire.com/articles/making-the-7-day-refi-reality-modernizing-mortgage-appraisals/",
      "published": "Fri, 28 Nov 2025"
    },
    {
      "title": "The new battlefront in lending: Payment intelligence, buyer retention, and the capital rails that will decide 2026 purchase winners",
      "link": "https://www.housingwire.com/articles/the-new-battlefront-in-lending-payment-intelligence-buyer-retention-and-the-capital-rails-that-will-decide-2026-purchase-winners/",
      "published": "Thu, 27 Nov 2025"
    },
    {
      "title": "What real estate can learn from LEGO’s reinvention",
      "link": "https://www.housingwire.com/articles/what-real-estate-can-learn-from-legos-reinvention/",
      "published": "Thu, 27 Nov 2025"
    },
    {
      "title": "Lubbock inventory climbs to 8.1 months, marking Texas’s deepest buyer market",
      "link": "https://www.housingwire.com/articles/lubbock-housing-market/",
      "published": "Wed, 26 Nov 2025"
    },
    {
      "title": "Rising Home Prices, Economic Volatility Curb Would-Be Buyers’ Appetites in Leadup to Thanksgiving",
      "link": "https://www.redfin.com/news/housing-market-update-rising-home-prices-curb-sales/",
      "published": "Wed, 26 Nov 2025"
    },
    {
      "title": "Typical Retail Worker Earns $37,000 Less Than Needed to Afford Typical Apartment",
      "link": "https://www.redfin.com/news/retail-worker-rental-affordability-2025/",
      "published": "Wed, 26 Nov 2025"
    },
    {
      "title": "West Palm Beach Tops 10-Year Luxury Home Price Growth as Traditional Giants Like New York Lag Behind",
      "link": "https://www.redfin.com/news/luxury-home-prices-decade/",
      "published": "Tue, 25 Nov 2025"
    },
    {
      "title": "Delistings Jump 28% as Sellers Pull Homes Off Market Rather Than Settle For Low Prices",
      "link": "https://www.redfin.com/news/delistings-jump-sellers-pull-homes-off-market/",
      "published": "Tue, 25 Nov 2025"
    },
    {
      "title": "Redfin Economists’ Weekly Take: Odds Firm for December Rate Cut Despite Limited Data",
      "link": "https://www.redfin.com/news/weekly-economics-update-november-24/",
      "published": "Tue, 25 Nov 2025"
    },
    {
      "title": "Say hello to our October Newfins!",
      "link": "https://www.redfin.com/news/october-2025-agent-hires/",
      "published": "Mon, 24 Nov 2025"
    }
  ],
  "feed_101020": {
    "macro": [
      {
        "title": "The originator’s playbook: Competing and growing in a shifting market",
        "url": "https://www.housingwire.com/articles/the-originators-playbook-competing-and-growing-in-a-shifting-market/",
        "what": "As interest rates continue to ease and borrower confidence rebuilds, originators are operating in a market that demands both adaptability and creativity",
        "numbers": "",
        "justified": "housingwire.com — https://www.housingwire.com/articles/the-originators-playbook-competing-and-growing-in-a-shifting-market/",
        "why": "Rates & inflation shape discount rates and housing affordability.",
        "market": "Lower rates support demand/valuations; higher rates pressure builders/REITs and slow transactions."
      },
      {
        "title": "Rising Home Prices, Economic Volatility Curb Would-Be Buyers’ Appetites in Leadup to Thanksgiving",
        "url": "https://www.redfin.com/news/housing-market-update-rising-home-prices-curb-sales/",
        "what": "U.S",
        "numbers": "",
        "justified": "redfin.com — https://www.redfin.com/news/housing-market-update-rising-home-prices-curb-sales/",
        "why": "Rates & inflation shape discount rates and housing affordability.",