{
  "as_of": "2026-02-25 11:53 UTC",
  "macro": {
    "spx": null,
    "ten_year": {
      "yield_pct": 4.03,
      "delta_bp_1d": -4.999999999999982
    },
    "mortgage_30y": {
      "rate_pct": 6.01,
      "delta_bp_wow": -8.000000000000007
    },
    "starts": {
      "level_saar": 1404.0,
      "mom": 0.062027231467473465
    }
  },
  "permits": {
    "florida": {
      "latest": 15200,
      "latest_date": "2025-10",
      "mom": 0.13832097655957454,
      "yoy": 0.14268531047962707,
      "ytd": -0.0034062907667777864,
      "ytd_count": 151261,
      "latest_year": 2025,
      "latest_month_name": "Oct"
    },
    "msa": {
      "Orlando–Kissimmee–Sanford": {
        "total": {
          "latest": 2471,
          "latest_year": 2025,
          "latest_month": 10,
          "latest_month_name": "Oct",
          "mom": 0.2208498023715415,
          "yoy": 0.505789152955515,
          "ytd_yoy": 0.2098518221866239,
          "ytd_count": 24168
        },
        "one_unit": {
          "latest": 1094,
          "latest_year": 2025,
          "latest_month": 10,
          "latest_month_name": "Oct",
          "mom": 0.27803738317757,
          "yoy": -0.09060681629260181,
          "ytd_yoy": -0.03620292083013066,
          "ytd_count": 12539
        },
        "dom": {
          "days": 88,
          "yoy": 0.08641975308641969,
          "as_of": "2026-01"
        }
      },
      "Tampa–St. Petersburg–Clearwater": {
        "total": {
          "latest": 2427,
          "latest_year": 2025,
          "latest_month": 10,
          "latest_month_name": "Oct",
          "mom": 0.5360759493670886,
          "yoy": 1.2939508506616257,
          "ytd_yoy": 0.04073680481757003,
          "ytd_count": 20566
        },
        "one_unit": {
          "latest": 1287,
          "latest_year": 2025,
          "latest_month": 10,
          "latest_month_name": "Oct",
          "mom": 0.2130065975494817,
          "yoy": 0.5,
          "ytd_yoy": -0.015960965927886206,
          "ytd_count": 11899
        },
        "dom": {
          "days": 85,
          "yoy": 0.2142857142857142,
          "as_of": "2026-01"
        }
      },
      "Ocala": {
        "total": {
          "latest": 470,
          "latest_year": 2025,
          "latest_month": 10,
          "latest_month_name": "Oct",
          "mom": 0.09557109557109555,
          "yoy": -0.010526315789473717,
          "ytd_yoy": -0.13937559732398852,
          "ytd_count": 5403
        },
        "one_unit": {
          "latest": 444,
          "latest_year": 2025,
          "latest_month": 10,
          "latest_month_name": "Oct",
          "mom": 0.21643835616438367,
          "yoy": -0.0326797385620915,
          "ytd_yoy": -0.1404255319148936,
          "ytd_count": 4848
        },
        "dom": {
          "days": 93,
          "yoy": 0.2567567567567568,
          "as_of": "2026-01"
        }
      },
      "Palm Bay–Melbourne–Titusville": {
        "total": {
          "latest": 343,
          "latest_year": 2025,
          "latest_month": 10,
          "latest_month_name": "Oct",
          "mom": -0.46406250000000004,
          "yoy": -0.51,
          "ytd_yoy": -0.004406428201140455,
          "ytd_count": 3841
        },
        "one_unit": {
          "latest": 343,
          "latest_year": 2025,
          "latest_month": 10,
          "latest_month_name": "Oct",
          "mom": 0.26102941176470584,
          "yoy": 0.026946107784431073,
          "ytd_yoy": -0.11307311028500622,
          "ytd_count": 2863
        },
        "dom": {
          "days": 77,
          "yoy": 0.0547945205479452,
          "as_of": "2026-01"
        }
      }
    }
  },
  "watchlist": [],
  "feed": [
    {
      "title": "Let’s be real. We can do better when it comes to using AI in marketing.",
      "link": "https://www.housingwire.com/articles/lets-be-real-we-can-do-better-when-it-comes-to-using-ai-in-marketing/",
      "published": "Wed, 25 Feb 2026"
    },
    {
      "title": "Why eNotes are moving from optional to operational",
      "link": "https://www.housingwire.com/articles/why-enotes-are-moving-from-optional-to-operational/",
      "published": "Wed, 25 Feb 2026"
    },
    {
      "title": "Trump State of the Union offers few housing details",
      "link": "https://www.housingwire.com/articles/trump-state-of-the-union-offers-few-housing-details/",
      "published": "Wed, 25 Feb 2026"
    },
    {
      "title": "Builders engineer payments, not prices — LGI results highlight why",
      "link": "https://www.housingwire.com/articles/lgi-homes-spring-2026-entry-level-demand-bellwether/",
      "published": "Tue, 24 Feb 2026"
    },
    {
      "title": "Realtor.com CEO Damian Eales on portal strategy and MLS ties",
      "link": "https://www.housingwire.com/articles/realtorcom-mls-strategy-eales/",
      "published": "Tue, 24 Feb 2026"
    },
    {
      "title": "California-based LenderMac to acquire Direct Mortgage",
      "link": "https://www.housingwire.com/articles/lendermac-acquires-direct-mortgage/",
      "published": "Tue, 24 Feb 2026"
    },
    {
      "title": "Redfin Economists’ Weekly Take: Trade Policy, State of the Union Take Center Stage",
      "link": "https://www.redfin.com/news/weekly-economic-update-february-24-2026/",
      "published": "Tue, 24 Feb 2026"
    },
    {
      "title": "Nearly 1 in 7 Home Sales Are Falling Through, a Record For This Time of Year",
      "link": "https://www.redfin.com/news/pending-sales-fall-through-january-2026/",
      "published": "Tue, 24 Feb 2026"
    },
    {
      "title": "Half of Americans Struggle to Pay Rent or Mortgage, With Gen Z Hit Hardest",
      "link": "https://www.redfin.com/news/struggle-to-pay-housing-gen-z/",
      "published": "Tue, 24 Feb 2026"
    },
    {
      "title": "Mortgage Rates Drop to Lowest Level Since 2022, Handing Homebuyers More Purchasing Power",
      "link": "https://www.redfin.com/news/purchasing-power-up-mortgage-rates-down/",
      "published": "Mon, 23 Feb 2026"
    },
    {
      "title": "It’s a Buyer’s Market: America Has 44% More Home Sellers Than Buyers—a Near-Record Gap",
      "link": "https://www.redfin.com/news/buyers-vs-sellers-january-2025/",
      "published": "Mon, 23 Feb 2026"
    },
    {
      "title": "Home Prices Start Year Up Just 1% as Buyer’s Market Keeps Growth in Check",
      "link": "https://www.redfin.com/news/home-prices-rise-january-2026/",
      "published": "Thu, 19 Feb 2026"
    }
  ],
  "feed_101020": {
    "macro": [
      {
        "title": "Trump State of the Union offers few housing details",
        "url": "https://www.housingwire.com/articles/trump-state-of-the-union-offers-few-housing-details/",
        "what": "President Donald Trump delivered the annual State of the Union address to Congress on Tuesday night and touched on a wide variety of economic topics",
        "numbers": "",
        "justified": "housingwire.com — https://www.housingwire.com/articles/trump-state-of-the-union-offers-few-housing-details/",
        "why": "Relevant development for housing and markets.",
        "market": "Watch second-order effects across builders, lenders, and REITs."
      },
      {
        "title": "FHFA hit with FOIA lawsuit over Powell memo",
        "url": "https://www.housingwire.com/articles/cfa-sues-fhfa-foia/",
        "what": "The Campaign for Accountability has filed a lawsuit against the Federal Housing Finance Agency, alleging the agency failed to comply with a Freedom of Information Act request.",
        "numbers": "",
        "justified": "housingwire.com — https://www.housingwire.com/articles/cfa-sues-fhfa-foia/",
        "why": "Rates & inflation shape discount rates and housing affordability.",
        "market": "Lower rates support demand/valuations; higher rates pressure builders/REITs and slow transactions."
      },
      {
        "title": "Redfin Economists’ Weekly Take: Trade Policy, State of the Union Take Center Stage",