{
  "as_of": "2026-05-07 15:36 UTC",
  "macro": {
    "spx": null,
    "ten_year": {
      "yield_pct": 4.43,
      "delta_bp_1d": -2.000000000000046
    },
    "mortgage_30y": {
      "rate_pct": 6.3,
      "delta_bp_wow": 6.99999999999994
    },
    "starts": {
      "level_saar": 1502.0,
      "mom": 0.10766961651917395
    }
  },
  "permits": {
    "florida": {
      "latest": 12449,
      "latest_date": "2026-03",
      "mom": 0.03054635761589397,
      "yoy": -0.15719991875973194,
      "ytd": -0.23309677419354835,
      "ytd_count": 35661,
      "latest_year": 2026,
      "latest_month_name": "Mar"
    },
    "msa": {
      "Orlando–Kissimmee–Sanford": {
        "total": {
          "latest": 1432,
          "latest_year": 2026,
          "latest_month": 3,
          "latest_month_name": "Mar",
          "mom": 0.07426856714178554,
          "yoy": -0.5466919911364356,
          "ytd_yoy": -0.542715777899945,
          "ytd_count": 4159
        },
        "one_unit": {
          "latest": 1122,
          "latest_year": 2026,
          "latest_month": 3,
          "latest_month_name": "Mar",
          "mom": 0.2411504424778761,
          "yoy": -0.1816192560175055,
          "ytd_yoy": -0.2602331927561399,
          "ytd_count": 2982
        },
        "dom": {
          "days": 68,
          "yoy": 0.09677419354838701,
          "as_of": "2026-04"
        }
      },
      "Tampa–St. Petersburg–Clearwater": {
        "total": {
          "latest": 1586,
          "latest_year": 2026,
          "latest_month": 3,
          "latest_month_name": "Mar",
          "mom": -0.10698198198198194,
          "yoy": 0.1696165191740413,
          "ytd_yoy": -0.12903225806451613,
          "ytd_count": 4617
        },
        "one_unit": {
          "latest": 1176,
          "latest_year": 2026,
          "latest_month": 3,
          "latest_month_name": "Mar",
          "mom": 0.01906412478336228,
          "yoy": -0.028099173553719048,
          "ytd_yoy": 0.08082706766917291,
          "ytd_count": 3450
        },
        "dom": {
          "days": 67,
          "yoy": 0.15517241379310343,
          "as_of": "2026-04"
        }
      },
      "Ocala": {
        "total": {
          "latest": 618,
          "latest_year": 2026,
          "latest_month": 3,
          "latest_month_name": "Mar",
          "mom": 0.006514657980456029,
          "yoy": -0.07067669172932334,
          "ytd_yoy": -0.09677419354838712,
          "ytd_count": 1736
        },
        "one_unit": {
          "latest": 618,
          "latest_year": 2026,
          "latest_month": 3,
          "latest_month_name": "Mar",
          "mom": 0.04391891891891886,
          "yoy": 0.08231173380035028,
          "ytd_yoy": -0.033067274800456126,
          "ytd_count": 1696
        },
        "dom": {
          "days": 75,
          "yoy": 0.13636363636363646,
          "as_of": "2026-04"
        }
      },
      "Palm Bay–Melbourne–Titusville": {
        "total": {
          "latest": 330,
          "latest_year": 2026,
          "latest_month": 3,
          "latest_month_name": "Mar",
          "mom": 0.346938775510204,
          "yoy": 0.13793103448275867,
          "ytd_yoy": -0.22699999999999998,
          "ytd_count": 773
        },
        "one_unit": {
          "latest": 330,
          "latest_year": 2026,
          "latest_month": 3,
          "latest_month_name": "Mar",
          "mom": 0.346938775510204,
          "yoy": 0.13793103448275867,
          "ytd_yoy": -0.06416464891041163,
          "ytd_count": 773
        },
        "dom": {
          "days": 67,
          "yoy": 0.09836065573770503,
          "as_of": "2026-04"
        }
      }
    }
  },
  "watchlist": [],
  "feed": [
    {
      "title": "Builders discount more but keep prices flat while resale values slip",
      "link": "https://www.housingwire.com/articles/urban-new-construction-premium-builders-shift-suburbs-2026-q1/",
      "published": "Thu, 07 May 2026"
    },
    {
      "title": "Vice Capital Markets releases daily mortgage rate benchmark",
      "link": "https://www.housingwire.com/articles/vice-capital-rate-benchmark/",
      "published": "Thu, 07 May 2026"
    },
    {
      "title": "Loan Factory launches fully automated originations through Pylon",
      "link": "https://www.housingwire.com/articles/loan-factory-pylon-rails/",
      "published": "Thu, 07 May 2026"
    },
    {
      "title": "Real CEO Tamir Poleg on the value of the REMAX acquisition",
      "link": "https://www.housingwire.com/articles/real-remax-deal-upside/",
      "published": "Thu, 07 May 2026"
    },
    {
      "title": "NextHome targets vendor sprawl with new tech stack options",
      "link": "https://www.housingwire.com/articles/nexthome-tech-stack-paths/",
      "published": "Thu, 07 May 2026"
    },
    {
      "title": "MoxiWorks expands AI platform to enhance follow-ups, marketing",
      "link": "https://www.housingwire.com/articles/moxiworks-rise-ai-expansion/",
      "published": "Thu, 07 May 2026"
    },
    {
      "title": "Should You Buy a Home Before Getting Married? Economist Says Yes.",
      "link": "https://www.redfin.com/news/should-you-buy-a-home-before-getting-married/",
      "published": "Thu, 07 May 2026"
    },
    {
      "title": "Viral HomeGoods Finds Are Everywhere—Here’s How to Use Them to Boost Your Home’s Value",
      "link": "https://www.redfin.com/news/viral-homegoods-finds-how-to-use-to-boost-home-value/",
      "published": "Thu, 07 May 2026"
    },
    {
      "title": "Pending Home Sales Hit Highest Level in Nearly 4 Years",
      "link": "https://www.redfin.com/news/pending-home-sales-rise-spring/",
      "published": "Thu, 07 May 2026"
    },
    {
      "title": "Coming Soon in Michigan: A $260,000 Turnkey Home in a Lansing Suburb",
      "link": "https://www.redfin.com/news/251-ware-st-lansing-michigan-listing/",
      "published": "Wed, 06 May 2026"
    },
    {
      "title": "Land O’ Lakes, Florida is Redfin’s Hottest Neighborhood of 2026–See Which Other Places Made The Top-10 List",
      "link": "https://www.redfin.com/news/hottest-neighborhood-2026/",
      "published": "Wed, 06 May 2026"
    },
    {
      "title": "Bay Area Luxury Home Prices Have Jumped 13% Since Launch of ChatGPT",
      "link": "https://www.redfin.com/news/san-francisco-luxury-home-prices-chatgpt/",
      "published": "Tue, 05 May 2026"
    }
  ],
  "feed_101020": {
    "macro": [
      {
        "title": "Vice Capital Markets releases daily mortgage rate benchmark",
        "url": "https://www.housingwire.com/articles/vice-capital-rate-benchmark/",
        "what": "Vice Capital has publicly launched its par note rate, a daily 30-year fixed benchmark based on Fannie Mae and Freddie Mac MBS pricing.",
        "numbers": "30",
        "justified": "housingwire.com — https://www.housingwire.com/articles/vice-capital-rate-benchmark/",
        "why": "Rates & inflation shape discount rates and housing affordability.",
        "market": "Lower rates support demand/valuations; higher rates pressure builders/REITs and slow transactions."
      },
      {
        "title": "Loan Factory launches fully automated originations through Pylon",
        "url": "https://www.housingwire.com/articles/loan-factory-pylon-rails/",
        "what": "Loan Factory will originate loans on Pylon rails, targeting faster approvals and 75 to 200 bps lower rates while cutting manual ops.",
        "numbers": "75, 200",
        "justified": "housingwire.com — https://www.housingwire.com/articles/loan-factory-pylon-rails/",
        "why": "Rates & inflation shape discount rates and housing affordability.",
        "market": "Lower rates support demand/valuations; higher rates pressure builders/REITs and slow transactions."
      },
      {
        "title": "Pending Home Sales Hit Highest Level in Nearly 4 Years",
        "url": "https://www.redfin.com/news/pending-home-sales-rise-spring/",