{
  "as_of": "2026-05-15 17:00 UTC",
  "macro": {
    "spx": null,
    "ten_year": {
      "yield_pct": 4.46,
      "delta_bp_1d": 0.0
    },
    "mortgage_30y": {
      "rate_pct": 6.36,
      "delta_bp_wow": -0.9999999999999787
    },
    "starts": {
      "level_saar": 1502.0,
      "mom": 0.10766961651917395
    }
  },
  "permits": {
    "florida": {
      "latest": 12449,
      "latest_date": "2026-03",
      "mom": 0.03054635761589397,
      "yoy": -0.15719991875973194,
      "ytd": -0.23309677419354835,
      "ytd_count": 35661,
      "latest_year": 2026,
      "latest_month_name": "Mar"
    },
    "msa": {
      "Orlando–Kissimmee–Sanford": {
        "total": {
          "latest": 1432,
          "latest_year": 2026,
          "latest_month": 3,
          "latest_month_name": "Mar",
          "mom": 0.07426856714178554,
          "yoy": -0.5466919911364356,
          "ytd_yoy": -0.542715777899945,
          "ytd_count": 4159
        },
        "one_unit": {
          "latest": 1122,
          "latest_year": 2026,
          "latest_month": 3,
          "latest_month_name": "Mar",
          "mom": 0.2411504424778761,
          "yoy": -0.1816192560175055,
          "ytd_yoy": -0.2602331927561399,
          "ytd_count": 2982
        },
        "dom": {
          "days": 68,
          "yoy": 0.09677419354838701,
          "as_of": "2026-04"
        }
      },
      "Tampa–St. Petersburg–Clearwater": {
        "total": {
          "latest": 1586,
          "latest_year": 2026,
          "latest_month": 3,
          "latest_month_name": "Mar",
          "mom": -0.10698198198198194,
          "yoy": 0.1696165191740413,
          "ytd_yoy": -0.12903225806451613,
          "ytd_count": 4617
        },
        "one_unit": {
          "latest": 1176,
          "latest_year": 2026,
          "latest_month": 3,
          "latest_month_name": "Mar",
          "mom": 0.01906412478336228,
          "yoy": -0.028099173553719048,
          "ytd_yoy": 0.08082706766917291,
          "ytd_count": 3450
        },
        "dom": {
          "days": 67,
          "yoy": 0.15517241379310343,
          "as_of": "2026-04"
        }
      },
      "Ocala": {
        "total": {
          "latest": 618,
          "latest_year": 2026,
          "latest_month": 3,
          "latest_month_name": "Mar",
          "mom": 0.006514657980456029,
          "yoy": -0.07067669172932334,
          "ytd_yoy": -0.09677419354838712,
          "ytd_count": 1736
        },
        "one_unit": {
          "latest": 618,
          "latest_year": 2026,
          "latest_month": 3,
          "latest_month_name": "Mar",
          "mom": 0.04391891891891886,
          "yoy": 0.08231173380035028,
          "ytd_yoy": -0.033067274800456126,
          "ytd_count": 1696
        },
        "dom": {
          "days": 75,
          "yoy": 0.13636363636363646,
          "as_of": "2026-04"
        }
      },
      "Palm Bay–Melbourne–Titusville": {
        "total": {
          "latest": 330,
          "latest_year": 2026,
          "latest_month": 3,
          "latest_month_name": "Mar",
          "mom": 0.346938775510204,
          "yoy": 0.13793103448275867,
          "ytd_yoy": -0.22699999999999998,
          "ytd_count": 773
        },
        "one_unit": {
          "latest": 330,
          "latest_year": 2026,
          "latest_month": 3,
          "latest_month_name": "Mar",
          "mom": 0.346938775510204,
          "yoy": 0.13793103448275867,
          "ytd_yoy": -0.06416464891041163,
          "ytd_count": 773
        },
        "dom": {
          "days": 67,
          "yoy": 0.09836065573770503,
          "as_of": "2026-04"
        }
      }
    }
  },
  "watchlist": [],
  "feed": [
    {
      "title": "IMB production profits hold steady in Q1 as costs climb",
      "link": "https://www.housingwire.com/articles/mba-imb-profit-costs-q1-2026/",
      "published": "Fri, 15 May 2026"
    },
    {
      "title": "UWM brokers report use of VantageScore 4.0 improved loan terms",
      "link": "https://www.housingwire.com/articles/vantagescore-uwm-broker-loans/",
      "published": "Fri, 15 May 2026"
    },
    {
      "title": "Baird & Warner names Lucy Baird chief stewardship officer, Laura Ellis chief revenue officer",
      "link": "https://www.housingwire.com/articles/baird-warner-leadership-changes/",
      "published": "Fri, 15 May 2026"
    },
    {
      "title": "Two Harbors stockholder sues to block CCM merger vote",
      "link": "https://www.housingwire.com/articles/two-harbors-lawsuit-merger-vote/",
      "published": "Fri, 15 May 2026"
    },
    {
      "title": "Mortgage rates are headed higher as the 10-year yield surges",
      "link": "https://www.housingwire.com/articles/mortgage-rates-are-headed-higher-as-the-10-year-yield-surges/",
      "published": "Fri, 15 May 2026"
    },
    {
      "title": "Beyond the merger: Are real estate agent splits and autonomy the next battleground",
      "link": "https://www.housingwire.com/articles/real-estate-consolidation-agents/",
      "published": "Fri, 15 May 2026"
    },
    {
      "title": "Inside the $150,000 Hamptons Trailer This Couple Turned Into a Dream Home",
      "link": "https://www.redfin.com/news/couple-renovate-hamptons-mobile-home/",
      "published": "Fri, 15 May 2026"
    },
    {
      "title": "The Price Point: What $400,000 Buys in These Hot U.S. Neighborhoods",
      "link": "https://www.redfin.com/news/the-price-point-what-400000-buys-in-these-hot-u-s-neighborhoods/",
      "published": "Fri, 15 May 2026"
    },
    {
      "title": "Pending Home Sales Jump 10% From a Year Ago to Highest Level Since 2022",
      "link": "https://www.redfin.com/news/housing-market-update-pending-home-sales-jump/",
      "published": "Thu, 14 May 2026"
    },
    {
      "title": "Just Listed in Virginia: A One-of-a-Kind Estate That’s Part Home, Part Event Venue, Part Airbnb",
      "link": "https://www.redfin.com/news/40325-charles-town-pike-hamilton-virginia-listing/",
      "published": "Wed, 13 May 2026"
    },
    {
      "title": "$60 Million Montecito Mansion Tops List of April’s Priciest Home Sales",
      "link": "https://www.redfin.com/news/most-expensive-home-sales-april-2026/",
      "published": "Wed, 13 May 2026"
    },
    {
      "title": "Fed in Wait-and-See Mode on Hot Inflation Report; Mortgage Rates to Track Oil Prices, Mideast Talks",
      "link": "https://www.redfin.com/news/cpi-april-2026/",
      "published": "Tue, 12 May 2026"
    }
  ],
  "feed_101020": {
    "macro": [
      {
        "title": "UWM brokers report use of VantageScore 4.0 improved loan terms",
        "url": "https://www.housingwire.com/articles/vantagescore-uwm-broker-loans/",
        "what": "Brokers said VantageScore 4.0 reports through UWM increased some credit scores by 60-plus points, improving pricing and loan eligibility.",
        "numbers": "4.0, 60",
        "justified": "housingwire.com — https://www.housingwire.com/articles/vantagescore-uwm-broker-loans/",
        "why": "Relevant development for housing and markets.",
        "market": "Watch second-order effects across builders, lenders, and REITs."
      },
      {
        "title": "Two Harbors stockholder sues to block CCM merger vote",
        "url": "https://www.housingwire.com/articles/two-harbors-lawsuit-merger-vote/",
        "what": "A Two Harbors Investment Corp",
        "numbers": "",
        "justified": "housingwire.com — https://www.housingwire.com/articles/two-harbors-lawsuit-merger-vote/",
        "why": "Rates & inflation shape discount rates and housing affordability.",
        "market": "Lower rates support demand/valuations; higher rates pressure builders/REITs and slow transactions."
      },
      {
        "title": "Mortgage rates are headed higher as the 10-year yield surges",
        "url": "https://www.housingwire.com/articles/mortgage-rates-are-headed-higher-as-the-10-year-yield-surges/",