{
  "as_of": "2025-12-16 06:51 UTC",
  "macro": {
    "spx": null,
    "ten_year": {
      "yield_pct": 4.19,
      "delta_bp_1d": 5.000000000000071
    },
    "mortgage_30y": {
      "rate_pct": 6.22,
      "delta_bp_wow": 2.999999999999936
    },
    "starts": {
      "level_saar": 1307.0,
      "mom": -0.08537438768369487
    }
  },
  "permits": {
    "florida": {
      "latest": 13594,
      "latest_date": "2025-08",
      "mom": -0.0727781188186345,
      "yoy": -0.13226094727435211,
      "ytd": -0.026868417713488135,
      "ytd_count": 122708,
      "latest_year": 2025,
      "latest_month_name": "Aug"
    },
    "msa": {
      "Orlando–Kissimmee–Sanford": {
        "total": {
          "latest": 1649,
          "latest_year": 2025,
          "latest_month": 8,
          "latest_month_name": "Aug",
          "mom": -0.20797310278578285,
          "yoy": -0.16336884830035514,
          "ytd_yoy": 0.20390428982314424,
          "ytd_count": 19673
        },
        "one_unit": {
          "latest": 927,
          "latest_year": 2025,
          "latest_month": 8,
          "latest_month_name": "Aug",
          "mom": -0.12793979303857006,
          "yoy": -0.382,
          "ytd_yoy": 0.008284136354979932,
          "ytd_count": 10589
        },
        "dom": {
          "days": 80,
          "yoy": 0.09589041095890405,
          "as_of": "2025-11"
        }
      },
      "Tampa–St. Petersburg–Clearwater": {
        "total": {
          "latest": 2908,
          "latest_year": 2025,
          "latest_month": 8,
          "latest_month_name": "Aug",
          "mom": 0.6645678305666858,
          "yoy": 0.465725806451613,
          "ytd_yoy": -0.06499153020892157,
          "ytd_count": 16559
        },
        "one_unit": {
          "latest": 1324,
          "latest_year": 2025,
          "latest_month": 8,
          "latest_month_name": "Aug",
          "mom": 0.16140350877192988,
          "yoy": 0.2526017029328287,
          "ytd_yoy": -0.09323079844298865,
          "ytd_count": 9551
        },
        "dom": {
          "days": 78,
          "yoy": 0.054054054054053946,
          "as_of": "2025-11"
        }
      },
      "Ocala": {
        "total": {
          "latest": 461,
          "latest_year": 2025,
          "latest_month": 8,
          "latest_month_name": "Aug",
          "mom": 0.0453514739229024,
          "yoy": 0.0453514739229024,
          "ytd_yoy": -0.1361718450326045,
          "ytd_count": 4504
        },
        "one_unit": {
          "latest": 451,
          "latest_year": 2025,
          "latest_month": 8,
          "latest_month_name": "Aug",
          "mom": 0.09200968523002429,
          "yoy": 0.0562060889929743,
          "ytd_yoy": -0.12195652173913041,
          "ytd_count": 4039
        },
        "dom": {
          "days": 79,
          "yoy": 0.12857142857142856,
          "as_of": "2025-11"
        }
      },
      "Palm Bay–Melbourne–Titusville": {
        "total": {
          "latest": 391,
          "latest_year": 2025,
          "latest_month": 8,
          "latest_month_name": "Aug",
          "mom": -0.28519195612431447,
          "yoy": 0.3076923076923077,
          "ytd_yoy": 0.03214156735283491,
          "ytd_count": 2858
        },
        "one_unit": {
          "latest": 239,
          "latest_year": 2025,
          "latest_month": 8,
          "latest_month_name": "Aug",
          "mom": -0.13090909090909086,
          "yoy": -0.2006688963210702,
          "ytd_yoy": -0.10545165141265422,
          "ytd_count": 2248
        },
        "dom": {
          "days": 74,
          "yoy": 0.04225352112676051,
          "as_of": "2025-11"
        }
      }
    }
  },
  "watchlist": [],
  "feed": [
    {
      "title": "PadSplit expands co-living services to 4 new cities",
      "link": "https://www.housingwire.com/articles/padsplit-expands-co-living-services-to-4-new-cities/",
      "published": "Mon, 15 Dec 2025"
    },
    {
      "title": "Study finds Zillow home estimates improve buyer, seller outcomes",
      "link": "https://www.housingwire.com/articles/study-finds-zillow-home-estimates-improves-buyer-seller-outcomes/",
      "published": "Mon, 15 Dec 2025"
    },
    {
      "title": "Florida property insurance market is rebounding from 2022 low point",
      "link": "https://www.housingwire.com/articles/florida-property-insurance-market-is-rebounding-from-2022-low-point/",
      "published": "Mon, 15 Dec 2025"
    },
    {
      "title": "Opendoor names Lucas Matheson president, Christy Schwartz CFO",
      "link": "https://www.housingwire.com/articles/opendoor-names-president-cfo/",
      "published": "Mon, 15 Dec 2025"
    },
    {
      "title": "Homebuilder confidence ticks up but remains low",
      "link": "https://www.housingwire.com/articles/homebuilder-confidence-ticks-up-but-remains-low/",
      "published": "Mon, 15 Dec 2025"
    },
    {
      "title": "Inside Pennymac’s Texas expansion and its push for top mortgage talent",
      "link": "https://www.housingwire.com/articles/pennymac-texas-hiring-growth/",
      "published": "Mon, 15 Dec 2025"
    },
    {
      "title": "Redfin Economists’ Weekly Take: Mortgage Rates Flat After Fed Cut, All Eyes on Incoming Jobs and Inflation Data",
      "link": "https://www.redfin.com/news/weekly-economic-update-december-15/",
      "published": "Mon, 15 Dec 2025"
    },
    {
      "title": "Meet the agents who joined Redfin in November!",
      "link": "https://www.redfin.com/news/november-2025-agent-hires/",
      "published": "Thu, 11 Dec 2025"
    },
    {
      "title": "New Listings Post Sharpest Drop in 2 Years, Tightening Housing Supply",
      "link": "https://www.redfin.com/news/housing-market-update-housing-supply-tightens-new-listings-decline/",
      "published": "Thu, 11 Dec 2025"
    },
    {
      "title": "Mortgage Rates to Hold Steady in Wake of Fed’s Interest-Rate Cut",
      "link": "https://www.redfin.com/news/fed-interest-rate-cut-mortgage-rates-unchanged/",
      "published": "Wed, 10 Dec 2025"
    },
    {
      "title": "Homebuyers Are More Likely to Click on Climate-Risk Data After Major Disasters—But the Urgency Is Fleeting",
      "link": "https://www.redfin.com/news/how-homebuyers-engage-with-climate-risk-data/",
      "published": "Tue, 09 Dec 2025"
    },
    {
      "title": "Redfin Economists’ Weekly Take: Fed Poised to Make Expected Rate Cut, But 2026 Projections Could Jolt Mortgage Rates",
      "link": "https://www.redfin.com/news/weekly-economics-update-december-8/",
      "published": "Tue, 09 Dec 2025"
    }
  ],
  "feed_101020": {
    "macro": [
      {
        "title": "PadSplit expands co-living services to 4 new cities",
        "url": "https://www.housingwire.com/articles/padsplit-expands-co-living-services-to-4-new-cities/",
        "what": "Founded in 2017, PadSplit operates in more than 35 markets and has listed more than 28,000 rooms, housing 65,000-plus people.",
        "numbers": "2017,, 35, 28,000, 65,000",
        "justified": "housingwire.com — https://www.housingwire.com/articles/padsplit-expands-co-living-services-to-4-new-cities/",
        "why": "Rates & inflation shape discount rates and housing affordability.",
        "market": "Lower rates support demand/valuations; higher rates pressure builders/REITs and slow transactions."
      },
      {
        "title": "Redfin Economists’ Weekly Take: Mortgage Rates Flat After Fed Cut, All Eyes on Incoming Jobs and Inflation Data",
        "url": "https://www.redfin.com/news/weekly-economic-update-december-15/",
        "what": "This Week In A Nutshell Mortgage rates are flat after the Fed cut rates last week, as expected, while also communicating that it’ll likely be the last cut for a while",
        "numbers": "",
        "justified": "redfin.com — https://www.redfin.com/news/weekly-economic-update-december-15/",
        "why": "Rates & inflation shape discount rates and housing affordability.",