{
  "as_of": "2025-12-04 18:48 UTC",
  "macro": {
    "spx": null,
    "ten_year": {
      "yield_pct": 4.09,
      "delta_bp_1d": 0.0
    },
    "mortgage_30y": {
      "rate_pct": 6.19,
      "delta_bp_wow": -4.0000000000000036
    },
    "starts": {
      "level_saar": 1307.0,
      "mom": -0.08537438768369487
    }
  },
  "permits": {
    "florida": {
      "latest": 13594,
      "latest_date": "2025-08",
      "mom": -0.0727781188186345,
      "yoy": -0.13226094727435211,
      "ytd": -0.026868417713488135,
      "ytd_count": 122708,
      "latest_year": 2025,
      "latest_month_name": "Aug"
    },
    "msa": {
      "Orlando–Kissimmee–Sanford": {
        "total": {
          "latest": 1649,
          "latest_year": 2025,
          "latest_month": 8,
          "latest_month_name": "Aug",
          "mom": -0.20797310278578285,
          "yoy": -0.16336884830035514,
          "ytd_yoy": 0.20390428982314424,
          "ytd_count": 19673
        },
        "one_unit": {
          "latest": 927,
          "latest_year": 2025,
          "latest_month": 8,
          "latest_month_name": "Aug",
          "mom": -0.12793979303857006,
          "yoy": -0.382,
          "ytd_yoy": 0.008284136354979932,
          "ytd_count": 10589
        },
        "dom": {
          "days": 81,
          "yoy": 0.17391304347826098,
          "as_of": "2025-10"
        }
      },
      "Tampa–St. Petersburg–Clearwater": {
        "total": {
          "latest": 2908,
          "latest_year": 2025,
          "latest_month": 8,
          "latest_month_name": "Aug",
          "mom": 0.6645678305666858,
          "yoy": 0.465725806451613,
          "ytd_yoy": -0.06499153020892157,
          "ytd_count": 16559
        },
        "one_unit": {
          "latest": 1324,
          "latest_year": 2025,
          "latest_month": 8,
          "latest_month_name": "Aug",
          "mom": 0.16140350877192988,
          "yoy": 0.2526017029328287,
          "ytd_yoy": -0.09323079844298865,
          "ytd_count": 9551
        },
        "dom": {
          "days": 79,
          "yoy": 0.09722222222222232,
          "as_of": "2025-10"
        }
      },
      "Ocala": {
        "total": {
          "latest": 461,
          "latest_year": 2025,
          "latest_month": 8,
          "latest_month_name": "Aug",
          "mom": 0.0453514739229024,
          "yoy": 0.0453514739229024,
          "ytd_yoy": -0.1361718450326045,
          "ytd_count": 4504
        },
        "one_unit": {
          "latest": 451,
          "latest_year": 2025,
          "latest_month": 8,
          "latest_month_name": "Aug",
          "mom": 0.09200968523002429,
          "yoy": 0.0562060889929743,
          "ytd_yoy": -0.12195652173913041,
          "ytd_count": 4039
        },
        "dom": {
          "days": 78,
          "yoy": 0.11428571428571432,
          "as_of": "2025-10"
        }
      },
      "Palm Bay–Melbourne–Titusville": {
        "total": {
          "latest": 391,
          "latest_year": 2025,
          "latest_month": 8,
          "latest_month_name": "Aug",
          "mom": -0.28519195612431447,
          "yoy": 0.3076923076923077,
          "ytd_yoy": 0.03214156735283491,
          "ytd_count": 2858
        },
        "one_unit": {
          "latest": 239,
          "latest_year": 2025,
          "latest_month": 8,
          "latest_month_name": "Aug",
          "mom": -0.13090909090909086,
          "yoy": -0.2006688963210702,
          "ytd_yoy": -0.10545165141265422,
          "ytd_count": 2248
        },
        "dom": {
          "days": 75,
          "yoy": 0.08695652173913038,
          "as_of": "2025-10"
        }
      }
    }
  },
  "watchlist": [],
  "feed": [
    {
      "title": "FHFA’s Bill Pulte is being investigated after mortgage fraud referrals",
      "link": "https://www.housingwire.com/articles/gao-fhfa-director-investigation/",
      "published": "Thu, 04 Dec 2025"
    },
    {
      "title": "George Morales elected to NRMLA board",
      "link": "https://www.housingwire.com/articles/george-morales-nrmla-board/",
      "published": "Thu, 04 Dec 2025"
    },
    {
      "title": "GAO calls on FHFA to address fair lending risks in mortgage technology",
      "link": "https://www.housingwire.com/articles/gao-fhfa-fair-lending-guidance/",
      "published": "Thu, 04 Dec 2025"
    },
    {
      "title": "Backflip closes first securitization, backed by $95M in RTL loans",
      "link": "https://www.housingwire.com/articles/backflip-securitization-95m/",
      "published": "Thu, 04 Dec 2025"
    },
    {
      "title": "Baird & Warner launches AI assistant to support Chicago agents",
      "link": "https://www.housingwire.com/articles/baird-warner-launches-ai-assistant-to-support-chicago-agents/",
      "published": "Thu, 04 Dec 2025"
    },
    {
      "title": "Boston real estate team launches own private listing platform",
      "link": "https://www.housingwire.com/articles/sarkis-team-private-listing-platform/",
      "published": "Thu, 04 Dec 2025"
    },
    {
      "title": "Starter-Home Sales Climb 5%, But Prices Stay in Check as Inventory Hits 9-Year High",
      "link": "https://www.redfin.com/news/starter-home-report-october-2025/",
      "published": "Thu, 04 Dec 2025"
    },
    {
      "title": "Inventory Growth Loses Steam As Would-Be Sellers React to Lackluster Homebuying Demand",
      "link": "https://www.redfin.com/news/housing-market-update-inventory-growth-loses-steam/",
      "published": "Thu, 04 Dec 2025"
    },
    {
      "title": "15% of Home Purchases Fell Through in October, Up Slightly From a Year Earlier",
      "link": "https://www.redfin.com/news/home-purchase-cancellations-october-2025/",
      "published": "Wed, 03 Dec 2025"
    },
    {
      "title": "Redfin’s 2026 Predictions: Welcome to The Great Housing Reset",
      "link": "https://www.redfin.com/news/housing-market-predictions-2026/",
      "published": "Tue, 02 Dec 2025"
    },
    {
      "title": "Redfin Economists’ Weekly Take: Mortgage Rates May Bounce Around Ahead of Fed Meeting",
      "link": "https://www.redfin.com/news/weekly-economics-update-december-1/",
      "published": "Mon, 01 Dec 2025"
    },
    {
      "title": "Rising Home Prices, Economic Volatility Curb Would-Be Buyers’ Appetites in Leadup to Thanksgiving",
      "link": "https://www.redfin.com/news/housing-market-update-rising-home-prices-curb-sales/",
      "published": "Wed, 26 Nov 2025"
    }
  ],
  "feed_101020": {
    "macro": [
      {
        "title": "FHFA’s Bill Pulte is being investigated after mortgage fraud referrals",
        "url": "https://www.housingwire.com/articles/gao-fhfa-director-investigation/",
        "what": "The Government Accountability Office (GAO) has launched an investigation to determine whether Federal Housing Finance Agency (FHFA) Director Bill Pulte misused his authority and re",
        "numbers": "",
        "justified": "housingwire.com — https://www.housingwire.com/articles/gao-fhfa-director-investigation/",
        "why": "Rates & inflation shape discount rates and housing affordability.",
        "market": "Lower rates support demand/valuations; higher rates pressure builders/REITs and slow transactions."
      },
      {
        "title": "GAO calls on FHFA to address fair lending risks in mortgage technology",
        "url": "https://www.housingwire.com/articles/gao-fhfa-fair-lending-guidance/",
        "what": "The Government Accountability Office (GAO) called on the Federal Housing Finance Agency (FHFA) to provide guidance to Fannie Mae and Freddie Mac regarding fair lending requirements",
        "numbers": "",
        "justified": "housingwire.com — https://www.housingwire.com/articles/gao-fhfa-fair-lending-guidance/",
        "why": "Rates & inflation shape discount rates and housing affordability.",