{
  "as_of": "2026-05-13 22:37 UTC",
  "macro": {
    "spx": null,
    "ten_year": {
      "yield_pct": 4.46,
      "delta_bp_1d": 4.0000000000000036
    },
    "mortgage_30y": {
      "rate_pct": 6.37,
      "delta_bp_wow": 7.000000000000028
    },
    "starts": {
      "level_saar": 1502.0,
      "mom": 0.10766961651917395
    }
  },
  "permits": {
    "florida": {
      "latest": 12449,
      "latest_date": "2026-03",
      "mom": 0.03054635761589397,
      "yoy": -0.15719991875973194,
      "ytd": -0.23309677419354835,
      "ytd_count": 35661,
      "latest_year": 2026,
      "latest_month_name": "Mar"
    },
    "msa": {
      "Orlando–Kissimmee–Sanford": {
        "total": {
          "latest": 1432,
          "latest_year": 2026,
          "latest_month": 3,
          "latest_month_name": "Mar",
          "mom": 0.07426856714178554,
          "yoy": -0.5466919911364356,
          "ytd_yoy": -0.542715777899945,
          "ytd_count": 4159
        },
        "one_unit": {
          "latest": 1122,
          "latest_year": 2026,
          "latest_month": 3,
          "latest_month_name": "Mar",
          "mom": 0.2411504424778761,
          "yoy": -0.1816192560175055,
          "ytd_yoy": -0.2602331927561399,
          "ytd_count": 2982
        },
        "dom": {
          "days": 68,
          "yoy": 0.09677419354838701,
          "as_of": "2026-04"
        }
      },
      "Tampa–St. Petersburg–Clearwater": {
        "total": {
          "latest": 1586,
          "latest_year": 2026,
          "latest_month": 3,
          "latest_month_name": "Mar",
          "mom": -0.10698198198198194,
          "yoy": 0.1696165191740413,
          "ytd_yoy": -0.12903225806451613,
          "ytd_count": 4617
        },
        "one_unit": {
          "latest": 1176,
          "latest_year": 2026,
          "latest_month": 3,
          "latest_month_name": "Mar",
          "mom": 0.01906412478336228,
          "yoy": -0.028099173553719048,
          "ytd_yoy": 0.08082706766917291,
          "ytd_count": 3450
        },
        "dom": {
          "days": 67,
          "yoy": 0.15517241379310343,
          "as_of": "2026-04"
        }
      },
      "Ocala": {
        "total": {
          "latest": 618,
          "latest_year": 2026,
          "latest_month": 3,
          "latest_month_name": "Mar",
          "mom": 0.006514657980456029,
          "yoy": -0.07067669172932334,
          "ytd_yoy": -0.09677419354838712,
          "ytd_count": 1736
        },
        "one_unit": {
          "latest": 618,
          "latest_year": 2026,
          "latest_month": 3,
          "latest_month_name": "Mar",
          "mom": 0.04391891891891886,
          "yoy": 0.08231173380035028,
          "ytd_yoy": -0.033067274800456126,
          "ytd_count": 1696
        },
        "dom": {
          "days": 75,
          "yoy": 0.13636363636363646,
          "as_of": "2026-04"
        }
      },
      "Palm Bay–Melbourne–Titusville": {
        "total": {
          "latest": 330,
          "latest_year": 2026,
          "latest_month": 3,
          "latest_month_name": "Mar",
          "mom": 0.346938775510204,
          "yoy": 0.13793103448275867,
          "ytd_yoy": -0.22699999999999998,
          "ytd_count": 773
        },
        "one_unit": {
          "latest": 330,
          "latest_year": 2026,
          "latest_month": 3,
          "latest_month_name": "Mar",
          "mom": 0.346938775510204,
          "yoy": 0.13793103448275867,
          "ytd_yoy": -0.06416464891041163,
          "ytd_count": 773
        },
        "dom": {
          "days": 67,
          "yoy": 0.09836065573770503,
          "as_of": "2026-04"
        }
      }
    }
  },
  "watchlist": [],
  "feed": [
    {
      "title": "Housing demand is concentrating where affordability still works",
      "link": "https://www.housingwire.com/articles/housing-demand-pricing-alignment-transaction-viability/",
      "published": "Wed, 13 May 2026"
    },
    {
      "title": "Seth Ring elevated to president and COO at Toll Brothers",
      "link": "https://www.housingwire.com/articles/toll-brothers-seth-ring-president-coo-leadership-succession/",
      "published": "Wed, 13 May 2026"
    },
    {
      "title": "What real estate agents need to know about HOA governance risk",
      "link": "https://www.housingwire.com/articles/what-real-estate-agents-need-to-know-about-hoa-governance-risk/",
      "published": "Wed, 13 May 2026"
    },
    {
      "title": "From top producer to CEO: Laurie Mecier-Brochu’s leadership journey",
      "link": "https://www.housingwire.com/articles/laurie-mecier-brochu-real-estate-leadership-journey/",
      "published": "Wed, 13 May 2026"
    },
    {
      "title": "Linkhome signs deal for Mortgage One Group to expand AI-driven lending footprint",
      "link": "https://www.housingwire.com/articles/linkhome-ai-mortgage-one/",
      "published": "Wed, 13 May 2026"
    },
    {
      "title": "Miami Realtors + RWorld champions south Florida internationally",
      "link": "https://www.housingwire.com/articles/miami-realtors-rworld-champions-south-florida-internationally/",
      "published": "Wed, 13 May 2026"
    },
    {
      "title": "Just Listed in Virginia: A One-of-a-Kind Estate That’s Part Home, Part Event Venue, Part Airbnb",
      "link": "https://www.redfin.com/news/40325-charles-town-pike-hamilton-virginia-listing/",
      "published": "Wed, 13 May 2026"
    },
    {
      "title": "$60 Million Montecito Mansion Tops List of April’s Priciest Home Sales",
      "link": "https://www.redfin.com/news/most-expensive-home-sales-april-2026/",
      "published": "Wed, 13 May 2026"
    },
    {
      "title": "Fed in Wait-and-See Mode on Hot Inflation Report; Mortgage Rates to Track Oil Prices, Mideast Talks",
      "link": "https://www.redfin.com/news/cpi-april-2026/",
      "published": "Tue, 12 May 2026"
    },
    {
      "title": "America’s Housing Market Favors Buyers—But Their Advantage Is Finally Starting to Shrink",
      "link": "https://www.redfin.com/news/buyers-vs-sellers-april-2026/",
      "published": "Tue, 12 May 2026"
    },
    {
      "title": "Home Prices Posted the Biggest Increase in Over a Year in April",
      "link": "https://www.redfin.com/news/home-prices-rise-april-2026/",
      "published": "Tue, 12 May 2026"
    },
    {
      "title": "Introducing the New & Improved Redfin Data Center",
      "link": "https://www.redfin.com/news/new-redfin-data-center/",
      "published": "Tue, 12 May 2026"
    }
  ],
  "feed_101020": {
    "macro": [
      {
        "title": "Kevin Warsh confirmed as Fed chair as mortgage lenders look for stability",
        "url": "https://www.housingwire.com/articles/kevin-warsh-fed-chair-confirmed/",
        "what": "The Senate confirmed Kevin Warsh on Wednesday to succeed Jerome Powell as chairman of the Federal Reserve, sparking hopes within the mortgage industry for less volatility as Warsh",
        "numbers": "",
        "justified": "housingwire.com — https://www.housingwire.com/articles/kevin-warsh-fed-chair-confirmed/",
        "why": "Rates & inflation shape discount rates and housing affordability.",
        "market": "Lower rates support demand/valuations; higher rates pressure builders/REITs and slow transactions."
      },
      {
        "title": "Fed in Wait-and-See Mode on Hot Inflation Report; Mortgage Rates to Track Oil Prices, Mideast Talks",
        "url": "https://www.redfin.com/news/cpi-april-2026/",
        "what": "Takeaway: A slightly hotter than expected CPI report will keep the Fed on hold and may push officials slightly closer to considering hikes",
        "numbers": "",
        "justified": "redfin.com — https://www.redfin.com/news/cpi-april-2026/",
        "why": "Rates & inflation shape discount rates and housing affordability.",
        "market": "Lower rates support demand/valuations; higher rates pressure builders/REITs and slow transactions."
      }
    ],