{
  "as_of": "2026-07-24 11:55 UTC",
  "macro": {
    "spx": null,
    "ten_year": {
      "yield_pct": 4.67,
      "delta_bp_1d": 4.0000000000000036
    },
    "mortgage_30y": {
      "rate_pct": 6.58,
      "delta_bp_wow": 3.000000000000025
    },
    "starts": {
      "level_saar": 1427.0,
      "mom": 0.19015846538782322
    }
  },
  "permits": {
    "florida": {
      "latest": 13055,
      "latest_date": "2026-05",
      "mom": -0.10557687037544528,
      "yoy": -0.1036116451524306,
      "ytd": -0.15488219982647,
      "ytd_count": 63312,
      "latest_year": 2026,
      "latest_month_name": "May"
    },
    "msa": {
      "Orlando–Kissimmee–Sanford": {
        "total": {
          "latest": 1846,
          "latest_year": 2026,
          "latest_month": 5,
          "latest_month_name": "May",
          "mom": -0.041536863966770476,
          "yoy": 0.030133928571428603,
          "ytd_yoy": -0.40573954742994156,
          "ytd_count": 7931
        },
        "one_unit": {
          "latest": 1050,
          "latest_year": 2026,
          "latest_month": 5,
          "latest_month_name": "May",
          "mom": -0.0658362989323843,
          "yoy": -0.13007456503728254,
          "ytd_yoy": -0.2376164424072157,
          "ytd_count": 5156
        },
        "dom": {
          "days": 70,
          "yoy": 0.0,
          "as_of": "2026-06"
        }
      },
      "Tampa–St. Petersburg–Clearwater": {
        "total": {
          "latest": 2505,
          "latest_year": 2026,
          "latest_month": 5,
          "latest_month_name": "May",
          "mom": 0.5666041275797373,
          "yoy": 0.03256389117889524,
          "ytd_yoy": -0.0788973384030418,
          "ytd_count": 8721
        },
        "one_unit": {
          "latest": 1141,
          "latest_year": 2026,
          "latest_month": 5,
          "latest_month_name": "May",
          "mom": -0.047579298831385675,
          "yoy": -0.14595808383233533,
          "ytd_yoy": -0.005497337227280519,
          "ytd_count": 5789
        },
        "dom": {
          "days": 68,
          "yoy": 0.0,
          "as_of": "2026-06"
        }
      },
      "Ocala": {
        "total": {
          "latest": 481,
          "latest_year": 2026,
          "latest_month": 5,
          "latest_month_name": "May",
          "mom": -0.1819727891156463,
          "yoy": -0.034136546184738936,
          "ytd_yoy": -0.02604166666666663,
          "ytd_count": 2805
        },
        "one_unit": {
          "latest": 477,
          "latest_year": 2026,
          "latest_month": 5,
          "latest_month_name": "May",
          "mom": -0.18877551020408168,
          "yoy": -0.01851851851851849,
          "ytd_yoy": 0.02792256142963523,
          "ytd_count": 2761
        },
        "dom": {
          "days": 78,
          "yoy": 0.0,
          "as_of": "2026-06"
        }
      },
      "Palm Bay–Melbourne–Titusville": {
        "total": {
          "latest": 328,
          "latest_year": 2026,
          "latest_month": 5,
          "latest_month_name": "May",
          "mom": 0.08250825082508251,
          "yoy": 0.2615384615384615,
          "ytd_yoy": -0.10857142857142854,
          "ytd_count": 1404
        },
        "one_unit": {
          "latest": 328,
          "latest_year": 2026,
          "latest_month": 5,
          "latest_month_name": "May",
          "mom": 0.08250825082508251,
          "yoy": 0.3015873015873016,
          "ytd_yoy": 0.010799136069114423,
          "ytd_count": 1404
        },
        "dom": {
          "days": 66,
          "yoy": -0.08333333333333337,
          "as_of": "2026-06"
        }
      }
    }
  },
  "watchlist": [],
  "feed": [
    {
      "title": "New York outflows reshape housing demand in Texas and Florida",
      "link": "https://www.housingwire.com/articles/new-york-texas-florida-migration/",
      "published": "Fri, 24 Jul 2026"
    },
    {
      "title": "4 expert tips to help originators win in today’s market",
      "link": "https://www.housingwire.com/articles/mortgage-originators-expert-tips/",
      "published": "Fri, 24 Jul 2026"
    },
    {
      "title": "AI makes anyone visible. Authority is the new scarcity.",
      "link": "https://www.housingwire.com/articles/ai-visibility-authority-scarcity/",
      "published": "Fri, 24 Jul 2026"
    },
    {
      "title": "The homeownership rate isn’t what you think",
      "link": "https://www.housingwire.com/articles/adult-homeownership-hpop/",
      "published": "Fri, 24 Jul 2026"
    },
    {
      "title": "Modernization delays are becoming competitive liabilities",
      "link": "https://www.housingwire.com/articles/mortgage-tech-modernization-delays/",
      "published": "Fri, 24 Jul 2026"
    },
    {
      "title": "Century Communities leans on operations as strategy in Q2 2026",
      "link": "https://www.housingwire.com/articles/century-communities-q2-2026-strategy/",
      "published": "Thu, 23 Jul 2026"
    },
    {
      "title": "From Bust to Boom: San Francisco Home Prices Are Now $1 Million Higher Than Housing-Crash Bottom",
      "link": "https://www.redfin.com/news/san-francisco-1-million-increase-prices/",
      "published": "Thu, 23 Jul 2026"
    },
    {
      "title": "Pending Home Sales Fall to 3-Month Low",
      "link": "https://www.redfin.com/news/housing-market-update-pending-sales-fall-rates-increase/",
      "published": "Thu, 23 Jul 2026"
    },
    {
      "title": "Most Americans Say “Not in My Backyard” to AI Data Centers",
      "link": "https://www.redfin.com/news/ai-data-centers-opposition-education-benefit/",
      "published": "Wed, 22 Jul 2026"
    },
    {
      "title": "House Hunters Value Clean Air in Their Homes More Than Views and Other Luxuries",
      "link": "https://www.redfin.com/news/house-hunters-value-clean-homes-survey/",
      "published": "Tue, 21 Jul 2026"
    },
    {
      "title": "U.S. Home Prices Rose 0.3% From a Month Earlier in June",
      "link": "https://www.redfin.com/news/home-price-index-june-2026/",
      "published": "Tue, 21 Jul 2026"
    },
    {
      "title": "Beachfront Florida and Coastal California Ruled June’s Ultra-Luxury Home Sales",
      "link": "https://www.redfin.com/news/most-expensive-home-sales-june-2026/",
      "published": "Fri, 17 Jul 2026"
    }
  ],
  "feed_101020": {
    "macro": [
      {
        "title": "New York outflows reshape housing demand in Texas and Florida",
        "url": "https://www.housingwire.com/articles/new-york-texas-florida-migration/",
        "what": "New York City is not dead",
        "numbers": "$28",
        "justified": "housingwire.com — https://www.housingwire.com/articles/new-york-texas-florida-migration/",
        "why": "Relevant development for housing and markets.",
        "market": "Watch second-order effects across builders, lenders, and REITs."
      }
    ],
    "housing": [
      {
        "title": "AI makes anyone visible. Authority is the new scarcity.",
        "url": "https://www.housingwire.com/articles/ai-visibility-authority-scarcity/",
        "what": "Generative AI is flooding housing and mortgage feeds with similar content, reducing the value of visibility alone",
        "numbers": "16, 55",
        "justified": "housingwire.com — https://www.housingwire.com/articles/ai-visibility-authority-scarcity/",
        "why": "Rates & inflation shape discount rates and housing affordability.",
        "market": "Lower rates support demand/valuations; higher rates pressure builders/REITs and slow transactions."
      },
      {
        "title": "Modernization delays are becoming competitive liabilities",
        "url": "https://www.housingwire.com/articles/mortgage-tech-modernization-delays/",
        "what": "Mortgage lenders and servicers report that legacy systems are limiting efficiency and increasing compliance and security exposure",
        "numbers": "",