{
  "as_of": "2026-03-26 21:45 UTC",
  "macro": {
    "spx": null,
    "ten_year": {
      "yield_pct": 4.33,
      "delta_bp_1d": -5.999999999999961
    },
    "mortgage_30y": {
      "rate_pct": 6.38,
      "delta_bp_wow": 16.000000000000014
    },
    "starts": {
      "level_saar": 1487.0,
      "mom": 0.07209805335255948
    }
  },
  "permits": {
    "florida": {
      "latest": 11132,
      "latest_date": "2026-01",
      "mom": -0.15794251134644477,
      "yoy": -0.3402086296823139,
      "ytd": -0.3402086296823139,
      "ytd_count": 11132,
      "latest_year": 2026,
      "latest_month_name": "Jan"
    },
    "msa": {
      "Orlando–Kissimmee–Sanford": {
        "total": {
          "latest": 1394,
          "latest_year": 2026,
          "latest_month": 1,
          "latest_month_name": "Jan",
          "mom": -0.3611365719523373,
          "yoy": -0.6161894273127753,
          "ytd_yoy": -0.6161894273127753,
          "ytd_count": 1394
        },
        "one_unit": {
          "latest": 956,
          "latest_year": 2026,
          "latest_month": 1,
          "latest_month_name": "Jan",
          "mom": 0.10520231213872822,
          "yoy": -0.3137114142139268,
          "ytd_yoy": -0.3137114142139268,
          "ytd_count": 956
        },
        "dom": {
          "days": 82,
          "yoy": 0.10810810810810811,
          "as_of": "2026-02"
        }
      },
      "Tampa–St. Petersburg–Clearwater": {
        "total": {
          "latest": 1255,
          "latest_year": 2026,
          "latest_month": 1,
          "latest_month_name": "Jan",
          "mom": 0.017842660178426506,
          "yoy": -0.42219152854511965,
          "ytd_yoy": -0.42219152854511965,
          "ytd_count": 1255
        },
        "one_unit": {
          "latest": 1120,
          "latest_year": 2026,
          "latest_month": 1,
          "latest_month_name": "Jan",
          "mom": 0.20042872454448024,
          "yoy": 0.02658111824014675,
          "ytd_yoy": 0.02658111824014675,
          "ytd_count": 1120
        },
        "dom": {
          "days": 80,
          "yoy": 0.21212121212121215,
          "as_of": "2026-02"
        }
      },
      "Ocala": {
        "total": {
          "latest": 504,
          "latest_year": 2026,
          "latest_month": 1,
          "latest_month_name": "Jan",
          "mom": 0.23529411764705888,
          "yoy": -0.2186046511627907,
          "ytd_yoy": -0.2186046511627907,
          "ytd_count": 504
        },
        "one_unit": {
          "latest": 486,
          "latest_year": 2026,
          "latest_month": 1,
          "latest_month_name": "Jan",
          "mom": 0.21500000000000008,
          "yoy": -0.18592964824120606,
          "ytd_yoy": -0.18592964824120606,
          "ytd_count": 486
        },
        "dom": {
          "days": 91,
          "yoy": 0.2816901408450705,
          "as_of": "2026-02"
        }
      },
      "Palm Bay–Melbourne–Titusville": {
        "total": {
          "latest": 198,
          "latest_year": 2026,
          "latest_month": 1,
          "latest_month_name": "Jan",
          "mom": -0.6292134831460674,
          "yoy": -0.5560538116591929,
          "ytd_yoy": -0.5560538116591929,
          "ytd_count": 198
        },
        "one_unit": {
          "latest": 198,
          "latest_year": 2026,
          "latest_month": 1,
          "latest_month_name": "Jan",
          "mom": -0.2639405204460966,
          "yoy": -0.28776978417266186,
          "ytd_yoy": -0.28776978417266186,
          "ytd_count": 198
        },
        "dom": {
          "days": 72,
          "yoy": 0.07462686567164178,
          "as_of": "2026-02"
        }
      }
    }
  },
  "watchlist": [],
  "feed": [
    {
      "title": "Mortgage rates now closer to 7% than 6% as the Iran war  escalates",
      "link": "https://www.housingwire.com/articles/mortgage-rates-now-closer-to-7-than-6-as-the-iran-war-escalates/",
      "published": "Thu, 26 Mar 2026"
    },
    {
      "title": "Bill Pulte targets Letitia James with new criminal referrals",
      "link": "https://www.housingwire.com/articles/pulte-doj-referrals-james/",
      "published": "Thu, 26 Mar 2026"
    },
    {
      "title": "The GSEs updated their rules for condo loans. Will they be helpful or harmful?",
      "link": "https://www.housingwire.com/articles/condo-insurance-rules-update/",
      "published": "Thu, 26 Mar 2026"
    },
    {
      "title": "Fort Worth growth resets the Dallas-Fort Worth housing map",
      "link": "https://www.housingwire.com/articles/fort-worth-westoplex-growth/",
      "published": "Thu, 26 Mar 2026"
    },
    {
      "title": "‘Six-figure limit’ aims to halt Social Security trust fund insolvency",
      "link": "https://www.housingwire.com/articles/six-figure-limit-aims-to-halt-social-security-trust-fund-insolvency/",
      "published": "Thu, 26 Mar 2026"
    },
    {
      "title": "Did the industry build a machine for reverse steering and call it seller choice?",
      "link": "https://www.housingwire.com/articles/reverse-steering-coming-soon-listings/",
      "published": "Thu, 26 Mar 2026"
    },
    {
      "title": "Market Jitters Drive Mortgage Rates Up, Sending Some Would-Be Homebuyers to the Sidelines",
      "link": "https://www.redfin.com/news/housing-market-update-market-jitters-mortgage-rates/",
      "published": "Thu, 26 Mar 2026"
    },
    {
      "title": "14% of Home-Sale Agreements Fell Through Last Month–A Record for February",
      "link": "https://www.redfin.com/news/contract-cancellations-february-2026/",
      "published": "Tue, 24 Mar 2026"
    },
    {
      "title": "U.S. Home Prices Barely Budged in February",
      "link": "https://www.redfin.com/news/home-price-index-february-2026/",
      "published": "Tue, 24 Mar 2026"
    },
    {
      "title": "Redfin Economists’ Weekly Take: Iran War Drives Rate Volatility",
      "link": "https://www.redfin.com/news/weekly-economic-update-march-23-2026/",
      "published": "Mon, 23 Mar 2026"
    },
    {
      "title": "There Are 630,000 More Home Sellers Than Buyers—the Biggest Gap on Record",
      "link": "https://www.redfin.com/news/buyers-vs-sellers-february-2026/",
      "published": "Mon, 23 Mar 2026"
    },
    {
      "title": "February’s $30M+ Home Sales Cluster in Florida and NYC—Including Two in the Same Barrier Island Enclave",
      "link": "https://www.redfin.com/news/most-expensive-home-sales-february-2026/",
      "published": "Mon, 23 Mar 2026"
    }
  ],
  "feed_101020": {
    "macro": [
      {
        "title": "Mortgage rates now closer to 7% than 6% as the Iran war  escalates",
        "url": "https://www.housingwire.com/articles/mortgage-rates-now-closer-to-7-than-6-as-the-iran-war-escalates/",
        "what": "Mortgage rates have risen from sub 6% to 6.62% as the Iran conflict escalates, while purchase apps fell 5% and growth slowed to 5%.",
        "numbers": "6, 6.62, 5",
        "justified": "housingwire.com — https://www.housingwire.com/articles/mortgage-rates-now-closer-to-7-than-6-as-the-iran-war-escalates/",
        "why": "Rates & inflation shape discount rates and housing affordability.",
        "market": "Lower rates support demand/valuations; higher rates pressure builders/REITs and slow transactions."
      },
      {
        "title": "Market Jitters Drive Mortgage Rates Up, Sending Some Would-Be Homebuyers to the Sidelines",
        "url": "https://www.redfin.com/news/housing-market-update-market-jitters-mortgage-rates/",
        "what": "Higher housing costs, along with economic uncertainty that comes with the Iran war, are causing some house hunters to think twice",
        "numbers": "6.22, 6.55",
        "justified": "redfin.com — https://www.redfin.com/news/housing-market-update-market-jitters-mortgage-rates/",
        "why": "Rates & inflation shape discount rates and housing affordability.",