{
  "as_of": "2026-03-13 06:03 UTC",
  "macro": {
    "spx": null,
    "ten_year": {
      "yield_pct": 4.21,
      "delta_bp_1d": 5.999999999999961
    },
    "mortgage_30y": {
      "rate_pct": 6.11,
      "delta_bp_wow": 11.000000000000032
    },
    "starts": {
      "level_saar": 1487.0,
      "mom": 0.07209805335255948
    }
  },
  "permits": {
    "florida": {
      "latest": 13220,
      "latest_date": "2025-12",
      "mom": 0.3696643182760049,
      "yoy": 0.10590597289610182,
      "ytd": -0.002057400912362728,
      "ytd_count": 174133,
      "latest_year": 2025,
      "latest_month_name": "Dec"
    },
    "msa": {
      "Orlando–Kissimmee–Sanford": {
        "total": {
          "latest": 2182,
          "latest_year": 2025,
          "latest_month": 12,
          "latest_month_name": "Dec",
          "mom": 1.0900383141762453,
          "yoy": 0.011121408711770142,
          "ytd_yoy": 0.16461185273361112,
          "ytd_count": 27394
        },
        "one_unit": {
          "latest": 865,
          "latest_year": 2025,
          "latest_month": 12,
          "latest_month_name": "Dec",
          "mom": 0.11901681759379046,
          "yoy": -0.348644578313253,
          "ytd_yoy": -0.09051834744675391,
          "ytd_count": 14177
        },
        "dom": {
          "days": 82,
          "yoy": 0.10810810810810811,
          "as_of": "2026-02"
        }
      },
      "Tampa–St. Petersburg–Clearwater": {
        "total": {
          "latest": 1233,
          "latest_year": 2025,
          "latest_month": 12,
          "latest_month_name": "Dec",
          "mom": 0.020695364238410674,
          "yoy": 0.2992623814541622,
          "ytd_yoy": 0.06361240811797875,
          "ytd_count": 23007
        },
        "one_unit": {
          "latest": 933,
          "latest_year": 2025,
          "latest_month": 12,
          "latest_month_name": "Dec",
          "mom": 0.07986111111111116,
          "yoy": 0.015233949945593128,
          "ytd_yoy": -0.015809140557631496,
          "ytd_count": 13696
        },
        "dom": {
          "days": 80,
          "yoy": 0.21212121212121215,
          "as_of": "2026-02"
        }
      },
      "Ocala": {
        "total": {
          "latest": 408,
          "latest_year": 2025,
          "latest_month": 12,
          "latest_month_name": "Dec",
          "mom": 1.3448275862068964,
          "yoy": -0.02857142857142858,
          "ytd_yoy": -0.15358506576156128,
          "ytd_count": 5985
        },
        "one_unit": {
          "latest": 400,
          "latest_year": 2025,
          "latest_month": 12,
          "latest_month_name": "Dec",
          "mom": 1.3255813953488373,
          "yoy": -0.014778325123152691,
          "ytd_yoy": -0.15431424559213602,
          "ytd_count": 5420
        },
        "dom": {
          "days": 91,
          "yoy": 0.2816901408450705,
          "as_of": "2026-02"
        }
      },
      "Palm Bay–Melbourne–Titusville": {
        "total": {
          "latest": 534,
          "latest_year": 2025,
          "latest_month": 12,
          "latest_month_name": "Dec",
          "mom": 1.2066115702479339,
          "yoy": 0.5213675213675213,
          "ytd_yoy": -0.0004329941545788696,
          "ytd_count": 4617
        },
        "one_unit": {
          "latest": 269,
          "latest_year": 2025,
          "latest_month": 12,
          "latest_month_name": "Dec",
          "mom": 0.1350210970464134,
          "yoy": -0.2157434402332361,
          "ytd_yoy": -0.13548883756735952,
          "ytd_count": 3369
        },
        "dom": {
          "days": 72,
          "yoy": 0.07462686567164178,
          "as_of": "2026-02"
        }
      }
    }
  },
  "watchlist": [],
  "feed": [
    {
      "title": "New Jersey proposal could reduce senior property tax relief",
      "link": "https://www.housingwire.com/articles/new-jersey-senior-property-tax-relief/",
      "published": "Thu, 12 Mar 2026"
    },
    {
      "title": "Hajime Construction Buys 51% of Utah Builder Wright Homes",
      "link": "https://www.housingwire.com/articles/hajime-wright-homes-acquisition-utah-homebuilder/",
      "published": "Thu, 12 Mar 2026"
    },
    {
      "title": "Mortgage trade groups urge VA to revise elements of proposed partial claim rules",
      "link": "https://www.housingwire.com/articles/va-partial-claim-rules/",
      "published": "Thu, 12 Mar 2026"
    },
    {
      "title": "ROAD to Housing Act sparks debate over investor limits, housing supply",
      "link": "https://www.housingwire.com/articles/road-to-housing-act-investor-limits-housing-supply/",
      "published": "Thu, 12 Mar 2026"
    },
    {
      "title": "The edge that large remodelers leverage in a fragmented industry",
      "link": "https://www.housingwire.com/articles/residential-remodeling-acqusitions-scale/",
      "published": "Thu, 12 Mar 2026"
    },
    {
      "title": "Howard Hanna debuts HannaList with MLS aligned early access",
      "link": "https://www.housingwire.com/articles/howard-hanna-hannalist-rollout/",
      "published": "Thu, 12 Mar 2026"
    },
    {
      "title": "1 in 5 Homeowners With a Mortgage Could Save Money By Refinancing–But Few Are Taking the Plunge",
      "link": "https://www.redfin.com/news/refi-take-up-rate-2026/",
      "published": "Thu, 12 Mar 2026"
    },
    {
      "title": "More Sellers Test the Market, Hoping For a Spring Surge in Homebuyers",
      "link": "https://www.redfin.com/news/housing-market-update-more-sellers-test-market/",
      "published": "Thu, 12 Mar 2026"
    },
    {
      "title": "Iran Conflict Stalls Big Purchases Like Homes and Cars For 1 in 4 Americans; Most Are Undeterred",
      "link": "https://www.redfin.com/news/iran-conflict-homebuying-plans/",
      "published": "Wed, 11 Mar 2026"
    },
    {
      "title": "Inflation Cooled in February, but Markets Are Looking Past It as Iran War Clouds Outlook",
      "link": "https://www.redfin.com/news/inflation-february-2026/",
      "published": "Wed, 11 Mar 2026"
    },
    {
      "title": "Long-Distance Moves Tick Up: Nearly 1 in 5 House Hunters Are Looking to Relocate",
      "link": "https://www.redfin.com/news/migration-q4-2025/",
      "published": "Tue, 10 Mar 2026"
    },
    {
      "title": "Redfin Economists’ Weekly Take: Mortgage Rates Poised For Volatility As Iran Conflict Escalates and Inflation Data Looms",
      "link": "https://www.redfin.com/news/weekly-economic-update-march-9-2026/",
      "published": "Mon, 09 Mar 2026"
    }
  ],
  "feed_101020": {
    "macro": [
      {
        "title": "The edge that large remodelers leverage in a fragmented industry",
        "url": "https://www.housingwire.com/articles/residential-remodeling-acqusitions-scale/",
        "what": "Residential remodeling tops $500B, yet over 50% of payroll firms earn under $250,000, and M&A remains inconsistent since COVID.",
        "numbers": "$500, 50, $250,000,",
        "justified": "housingwire.com — https://www.housingwire.com/articles/residential-remodeling-acqusitions-scale/",
        "why": "Relevant development for housing and markets.",
        "market": "Watch second-order effects across builders, lenders, and REITs."
      },
      {
        "title": "1 in 5 Homeowners With a Mortgage Could Save Money By Refinancing–But Few Are Taking the Plunge",
        "url": "https://www.redfin.com/news/refi-take-up-rate-2026/",
        "what": "The share of homeowners who are “in the money” for a refinance has hit its highest level in over four years as mortgage rates dip to around 6%",
        "numbers": "6, 1, 10, 19.8, 5",
        "justified": "redfin.com — https://www.redfin.com/news/refi-take-up-rate-2026/",
        "why": "Rates & inflation shape discount rates and housing affordability.",