{
  "as_of": "2025-11-24 05:35 UTC",
  "macro": {
    "spx": null,
    "ten_year": {
      "yield_pct": 4.1,
      "delta_bp_1d": -3.000000000000025
    },
    "mortgage_30y": {
      "rate_pct": 6.26,
      "delta_bp_wow": 1.9999999999999574
    },
    "starts": {
      "level_saar": 1307.0,
      "mom": -0.08537438768369487
    }
  },
  "permits": {
    "florida": {
      "latest": 13594,
      "latest_date": "2025-08",
      "mom": -0.0727781188186345,
      "yoy": -0.13226094727435211,
      "ytd": -0.026868417713488135,
      "ytd_count": 122708,
      "latest_year": 2025,
      "latest_month_name": "Aug"
    },
    "msa": {
      "Orlando–Kissimmee–Sanford": {
        "total": {
          "latest": 1649,
          "latest_year": 2025,
          "latest_month": 8,
          "latest_month_name": "Aug",
          "mom": -0.20797310278578285,
          "yoy": -0.16336884830035514,
          "ytd_yoy": 0.20390428982314424,
          "ytd_count": 19673
        },
        "one_unit": {
          "latest": 927,
          "latest_year": 2025,
          "latest_month": 8,
          "latest_month_name": "Aug",
          "mom": -0.12793979303857006,
          "yoy": -0.382,
          "ytd_yoy": 0.008284136354979932,
          "ytd_count": 10589
        },
        "dom": {
          "days": 81,
          "yoy": 0.17391304347826098,
          "as_of": "2025-10"
        }
      },
      "Tampa–St. Petersburg–Clearwater": {
        "total": {
          "latest": 2908,
          "latest_year": 2025,
          "latest_month": 8,
          "latest_month_name": "Aug",
          "mom": 0.6645678305666858,
          "yoy": 0.465725806451613,
          "ytd_yoy": -0.06499153020892157,
          "ytd_count": 16559
        },
        "one_unit": {
          "latest": 1324,
          "latest_year": 2025,
          "latest_month": 8,
          "latest_month_name": "Aug",
          "mom": 0.16140350877192988,
          "yoy": 0.2526017029328287,
          "ytd_yoy": -0.09323079844298865,
          "ytd_count": 9551
        },
        "dom": {
          "days": 79,
          "yoy": 0.09722222222222232,
          "as_of": "2025-10"
        }
      },
      "Ocala": {
        "total": {
          "latest": 461,
          "latest_year": 2025,
          "latest_month": 8,
          "latest_month_name": "Aug",
          "mom": 0.0453514739229024,
          "yoy": 0.0453514739229024,
          "ytd_yoy": -0.1361718450326045,
          "ytd_count": 4504
        },
        "one_unit": {
          "latest": 451,
          "latest_year": 2025,
          "latest_month": 8,
          "latest_month_name": "Aug",
          "mom": 0.09200968523002429,
          "yoy": 0.0562060889929743,
          "ytd_yoy": -0.12195652173913041,
          "ytd_count": 4039
        },
        "dom": {
          "days": 78,
          "yoy": 0.11428571428571432,
          "as_of": "2025-10"
        }
      },
      "Palm Bay–Melbourne–Titusville": {
        "total": {
          "latest": 391,
          "latest_year": 2025,
          "latest_month": 8,
          "latest_month_name": "Aug",
          "mom": -0.28519195612431447,
          "yoy": 0.3076923076923077,
          "ytd_yoy": 0.03214156735283491,
          "ytd_count": 2858
        },
        "one_unit": {
          "latest": 239,
          "latest_year": 2025,
          "latest_month": 8,
          "latest_month_name": "Aug",
          "mom": -0.13090909090909086,
          "yoy": -0.2006688963210702,
          "ytd_yoy": -0.10545165141265422,
          "ytd_count": 2248
        },
        "dom": {
          "days": 75,
          "yoy": 0.08695652173913038,
          "as_of": "2025-10"
        }
      }
    }
  },
  "watchlist": [],
  "feed": [
    {
      "title": "Total pending home sales reach multiyear high with mortgage rates near 6%",
      "link": "https://www.housingwire.com/articles/pending-home-sales-2025/",
      "published": "Sat, 22 Nov 2025"
    },
    {
      "title": "The Goldilocks case for home sales in 2026",
      "link": "https://www.housingwire.com/articles/the-goldilocks-case-for-home-sales-in-2026/",
      "published": "Fri, 21 Nov 2025"
    },
    {
      "title": "Compass, Zillow debate irreparable harm at hearing",
      "link": "https://www.housingwire.com/articles/expert-testimony-compass-zillow/",
      "published": "Fri, 21 Nov 2025"
    },
    {
      "title": "With Powell set to move on, who are the candidates for the next Fed chair?",
      "link": "https://www.housingwire.com/articles/federal-reserve-chair-candidates/",
      "published": "Fri, 21 Nov 2025"
    },
    {
      "title": "Elsafy Team’s journey to $80M in sales and a new home at Keller Williams",
      "link": "https://www.housingwire.com/articles/elsafy-teams-journey-to-80m-in-sales-and-a-new-home-at-keller-williams/",
      "published": "Fri, 21 Nov 2025"
    },
    {
      "title": "Mortgage credit report costs could jump 50% in 2026",
      "link": "https://www.housingwire.com/articles/mortgage-credit-report-costs-2026/",
      "published": "Fri, 21 Nov 2025"
    },
    {
      "title": "U.S. Luxury Home Prices Jump 5.5% in October, Triple the Pace of Non-Luxury Homes",
      "link": "https://www.redfin.com/news/luxury-homes-market-october-2025/",
      "published": "Fri, 21 Nov 2025"
    },
    {
      "title": "Mortgage Rates to Hold Firm as Delayed Jobs Report Shows Unemployment at 4-Year High",
      "link": "https://www.redfin.com/news/delayed-september-jobs-report-analysis/",
      "published": "Thu, 20 Nov 2025"
    },
    {
      "title": "Home Prices Post Biggest Gain in 7 Months Despite Slow Demand",
      "link": "https://www.redfin.com/news/housing-market-update-home-prices-grow-slow-demand/",
      "published": "Thu, 20 Nov 2025"
    },
    {
      "title": "The Housing Affordability Crisis Is Accelerating Fastest in Rural America",
      "link": "https://www.redfin.com/news/suburban-urban-rural-q3-2025/",
      "published": "Thu, 20 Nov 2025"
    },
    {
      "title": "It’s the Strongest Buyer’s Market in Records Dating Back Over a Decade",
      "link": "https://www.redfin.com/news/buyers-vs-sellers-october-2025/",
      "published": "Wed, 19 Nov 2025"
    },
    {
      "title": "October’s Most Expensive Home Sales Include Adam Levine’s Former Montecito Compound",
      "link": "https://www.redfin.com/news/most-expensive-home-sales-october-2025/",
      "published": "Tue, 18 Nov 2025"
    }
  ],
  "feed_101020": {
    "macro": [
      {
        "title": "Total pending home sales reach multiyear high with mortgage rates near 6%",
        "url": "https://www.housingwire.com/articles/pending-home-sales-2025/",
        "what": "This year we have benefited from mortgage rates remaining below 6.64% for the last 16 weeks, spurring total pending home sales.",
        "numbers": "6.64, 16",
        "justified": "housingwire.com — https://www.housingwire.com/articles/pending-home-sales-2025/",
        "why": "Rates & inflation shape discount rates and housing affordability.",
        "market": "Lower rates support demand/valuations; higher rates pressure builders/REITs and slow transactions."
      },
      {
        "title": "With Powell set to move on, who are the candidates for the next Fed chair?",
        "url": "https://www.housingwire.com/articles/federal-reserve-chair-candidates/",
        "what": "With Jerome Powell's term ending in May, several candidates are in the running to become the next Federal Reserve chair.",
        "numbers": "",
        "justified": "housingwire.com — https://www.housingwire.com/articles/federal-reserve-chair-candidates/",
        "why": "Rates & inflation shape discount rates and housing affordability.",
        "market": "Lower rates support demand/valuations; higher rates pressure builders/REITs and slow transactions."
      },
      {
        "title": "Mortgage Rates to Hold Firm as Delayed Jobs Report Shows Unemployment at 4-Year High",