{
  "as_of": "2025-11-14 16:41 UTC",
  "macro": {
    "spx": null,
    "ten_year": {
      "yield_pct": 4.08,
      "delta_bp_1d": -4.999999999999982
    },
    "mortgage_30y": {
      "rate_pct": 6.24,
      "delta_bp_wow": 2.000000000000046
    },
    "starts": {
      "level_saar": 1307.0,
      "mom": -0.08537438768369487
    }
  },
  "permits": {
    "florida": {
      "latest": 13594,
      "latest_date": "2025-08",
      "mom": -0.0727781188186345,
      "yoy": -0.13226094727435211,
      "ytd": -0.026868417713488135,
      "ytd_count": 122708,
      "latest_year": 2025,
      "latest_month_name": "Aug"
    },
    "msa": {
      "Orlando–Kissimmee–Sanford": {
        "total": {
          "latest": 1649,
          "latest_year": 2025,
          "latest_month": 8,
          "latest_month_name": "Aug",
          "mom": -0.20797310278578285,
          "yoy": -0.16336884830035514,
          "ytd_yoy": 0.20390428982314424,
          "ytd_count": 19673
        },
        "one_unit": {
          "latest": 927,
          "latest_year": 2025,
          "latest_month": 8,
          "latest_month_name": "Aug",
          "mom": -0.12793979303857006,
          "yoy": -0.382,
          "ytd_yoy": 0.008284136354979932,
          "ytd_count": 10589
        },
        "dom": {
          "days": 81,
          "yoy": 0.17391304347826098,
          "as_of": "2025-10"
        }
      },
      "Tampa–St. Petersburg–Clearwater": {
        "total": {
          "latest": 2908,
          "latest_year": 2025,
          "latest_month": 8,
          "latest_month_name": "Aug",
          "mom": 0.6645678305666858,
          "yoy": 0.465725806451613,
          "ytd_yoy": -0.06499153020892157,
          "ytd_count": 16559
        },
        "one_unit": {
          "latest": 1324,
          "latest_year": 2025,
          "latest_month": 8,
          "latest_month_name": "Aug",
          "mom": 0.16140350877192988,
          "yoy": 0.2526017029328287,
          "ytd_yoy": -0.09323079844298865,
          "ytd_count": 9551
        },
        "dom": {
          "days": 79,
          "yoy": 0.09722222222222232,
          "as_of": "2025-10"
        }
      },
      "Ocala": {
        "total": {
          "latest": 461,
          "latest_year": 2025,
          "latest_month": 8,
          "latest_month_name": "Aug",
          "mom": 0.0453514739229024,
          "yoy": 0.0453514739229024,
          "ytd_yoy": -0.1361718450326045,
          "ytd_count": 4504
        },
        "one_unit": {
          "latest": 451,
          "latest_year": 2025,
          "latest_month": 8,
          "latest_month_name": "Aug",
          "mom": 0.09200968523002429,
          "yoy": 0.0562060889929743,
          "ytd_yoy": -0.12195652173913041,
          "ytd_count": 4039
        },
        "dom": {
          "days": 78,
          "yoy": 0.11428571428571432,
          "as_of": "2025-10"
        }
      },
      "Palm Bay–Melbourne–Titusville": {
        "total": {
          "latest": 391,
          "latest_year": 2025,
          "latest_month": 8,
          "latest_month_name": "Aug",
          "mom": -0.28519195612431447,
          "yoy": 0.3076923076923077,
          "ytd_yoy": 0.03214156735283491,
          "ytd_count": 2858
        },
        "one_unit": {
          "latest": 239,
          "latest_year": 2025,
          "latest_month": 8,
          "latest_month_name": "Aug",
          "mom": -0.13090909090909086,
          "yoy": -0.2006688963210702,
          "ytd_yoy": -0.10545165141265422,
          "ytd_count": 2248
        },
        "dom": {
          "days": 75,
          "yoy": 0.08695652173913038,
          "as_of": "2025-10"
        }
      }
    }
  },
  "watchlist": [],
  "feed": [
    {
      "title": "Shreveport-Bossier City housing market finds balance",
      "link": "https://www.housingwire.com/articles/shreveport-bossier-city-housing-market/",
      "published": "Fri, 14 Nov 2025"
    },
    {
      "title": "2025 NAR president Kevin Sears on gaining members’ trust",
      "link": "https://www.housingwire.com/articles/2025-nar-president-kevin-sears-on-gaining-members-trust/",
      "published": "Fri, 14 Nov 2025"
    },
    {
      "title": "Rice Park Capital acquires Rosegate Mortgage",
      "link": "https://www.housingwire.com/articles/rice-park-acquires-rosegate-mortgage/",
      "published": "Fri, 14 Nov 2025"
    },
    {
      "title": "Fathom Holdings introduces lead generation program",
      "link": "https://www.housingwire.com/articles/fathom-holdings-introduces-lead-generation-program/",
      "published": "Fri, 14 Nov 2025"
    },
    {
      "title": "How buyer demand is affecting prices in the Ogden-Clearfield metro this week",
      "link": "https://www.housingwire.com/articles/ogden-clearfield-housing-market/",
      "published": "Fri, 14 Nov 2025"
    },
    {
      "title": "Battle Creek, MI housing market update",
      "link": "https://www.housingwire.com/articles/battle-creek-housing-market/",
      "published": "Fri, 14 Nov 2025"
    },
    {
      "title": "Redfin Debuts Conversational Search to Reinvent How You Find Homes",
      "link": "https://www.redfin.com/news/redfin-debuts-conversational-search/",
      "published": "Thu, 13 Nov 2025"
    },
    {
      "title": "Pending Home Sales Slip As Would-Be Buyers Wait For Lower Rates and Economic Clarity",
      "link": "https://www.redfin.com/news/housing-market-update-pending-sales-decline-buyers-waiting-for-lower-rates/",
      "published": "Thu, 13 Nov 2025"
    },
    {
      "title": "Redfin Economists’ Weekly Take: Fresh Government Data Could Bring Mortgage Rate Volatility",
      "link": "https://www.redfin.com/news/weekly-economics-update-november-10/",
      "published": "Mon, 10 Nov 2025"
    },
    {
      "title": "Affordability Improves Slightly For Veteran Homebuyers, But Most Homes Are Still Out of Reach",
      "link": "https://www.redfin.com/news/veteran-homebuying-affordability-2025/",
      "published": "Mon, 10 Nov 2025"
    },
    {
      "title": "45% of Americans Say the Government Shutdown Makes Them Less Likely to Make a Major Purchase, Up From 21% in Early October",
      "link": "https://www.redfin.com/news/shutdown-sentiment-job-security-survey/",
      "published": "Fri, 07 Nov 2025"
    },
    {
      "title": "New on Redfin: See Your Buying Power While You Search",
      "link": "https://www.redfin.com/news/new-on-redfin-see-your-buying-power-while-you-search/",
      "published": "Fri, 07 Nov 2025"
    }
  ],
  "feed_101020": {
    "macro": [
      {
        "title": "Pending Home Sales Slip As Would-Be Buyers Wait For Lower Rates and Economic Clarity",
        "url": "https://www.redfin.com/news/housing-market-update-pending-sales-decline-buyers-waiting-for-lower-rates/",
        "what": "The homes that do sell are taking a long time to find buyers, who are wary of high housing costs and economic instability",
        "numbers": "0.3, 9,",
        "justified": "redfin.com — https://www.redfin.com/news/housing-market-update-pending-sales-decline-buyers-waiting-for-lower-rates/",
        "why": "Rates & inflation shape discount rates and housing affordability.",
        "market": "Lower rates support demand/valuations; higher rates pressure builders/REITs and slow transactions."
      },
      {
        "title": "Redfin Economists’ Weekly Take: Fresh Government Data Could Bring Mortgage Rate Volatility",
        "url": "https://www.redfin.com/news/weekly-economics-update-november-10/",
        "what": "This Week In A Nutshell The government shutdown looks likely to end this week, which means a flurry of fresh economic data over the next month or so could bring mortgage-rate volatility as investors reprice the odds of future rate cuts",
        "numbers": "",
        "justified": "redfin.com — https://www.redfin.com/news/weekly-economics-update-november-10/",
        "why": "Rates & inflation shape discount rates and housing affordability.",