{
  "as_of": "2026-06-22 22:55 UTC",
  "macro": {
    "spx": null,
    "ten_year": {
      "yield_pct": 4.46,
      "delta_bp_1d": -3.000000000000025
    },
    "mortgage_30y": {
      "rate_pct": 6.47,
      "delta_bp_wow": -4.999999999999982
    },
    "starts": {
      "level_saar": 1177.0,
      "mom": -0.15445402298850575
    }
  },
  "permits": {
    "florida": {
      "latest": 14596,
      "latest_date": "2026-04",
      "mom": 0.17246365169893174,
      "yoy": 0.05378673019998548,
      "ytd": -0.16725489221388212,
      "ytd_count": 50257,
      "latest_year": 2026,
      "latest_month_name": "Apr"
    },
    "msa": {
      "Orlando–Kissimmee–Sanford": {
        "total": {
          "latest": 1926,
          "latest_year": 2026,
          "latest_month": 4,
          "latest_month_name": "Apr",
          "mom": 0.3449720670391061,
          "yoy": -0.21675477836518908,
          "ytd_yoy": -0.4733425653453349,
          "ytd_count": 6085
        },
        "one_unit": {
          "latest": 1124,
          "latest_year": 2026,
          "latest_month": 4,
          "latest_month_name": "Apr",
          "mom": 0.0017825311942958333,
          "yoy": -0.2629508196721312,
          "ytd_yoy": -0.2609791216702664,
          "ytd_count": 4106
        },
        "dom": {
          "days": 70,
          "yoy": 0.07692307692307687,
          "as_of": "2026-05"
        }
      },
      "Tampa–St. Petersburg–Clearwater": {
        "total": {
          "latest": 1599,
          "latest_year": 2026,
          "latest_month": 4,
          "latest_month_name": "Apr",
          "mom": 0.008196721311475308,
          "yoy": -0.08156232050545664,
          "ytd_yoy": -0.11729622266401596,
          "ytd_count": 6216
        },
        "one_unit": {
          "latest": 1198,
          "latest_year": 2026,
          "latest_month": 4,
          "latest_month_name": "Apr",
          "mom": 0.018707482993197244,
          "yoy": -0.07347254447022433,
          "ytd_yoy": 0.03634336677814942,
          "ytd_count": 4648
        },
        "dom": {
          "days": 67,
          "yoy": 0.1166666666666667,
          "as_of": "2026-05"
        }
      },
      "Ocala": {
        "total": {
          "latest": 588,
          "latest_year": 2026,
          "latest_month": 4,
          "latest_month_name": "Apr",
          "mom": -0.04854368932038833,
          "yoy": 0.27826086956521734,
          "ytd_yoy": -0.02434928631402178,
          "ytd_count": 2324
        },
        "one_unit": {
          "latest": 588,
          "latest_year": 2026,
          "latest_month": 4,
          "latest_month_name": "Apr",
          "mom": -0.04854368932038833,
          "yoy": 0.3183856502242153,
          "ytd_yoy": 0.038181818181818095,
          "ytd_count": 2284
        },
        "dom": {
          "days": 79,
          "yoy": 0.09722222222222232,
          "as_of": "2026-05"
        }
      },
      "Palm Bay–Melbourne–Titusville": {
        "total": {
          "latest": 303,
          "latest_year": 2026,
          "latest_month": 4,
          "latest_month_name": "Apr",
          "mom": -0.08181818181818179,
          "yoy": -0.03809523809523807,
          "ytd_yoy": -0.18174904942965775,
          "ytd_count": 1076
        },
        "one_unit": {
          "latest": 303,
          "latest_year": 2026,
          "latest_month": 4,
          "latest_month_name": "Apr",
          "mom": -0.08181818181818179,
          "yoy": -0.025723472668810254,
          "ytd_yoy": -0.05364995602462619,
          "ytd_count": 1076
        },
        "dom": {
          "days": 65,
          "yoy": 0.0,
          "as_of": "2026-05"
        }
      }
    }
  },
  "watchlist": [],
  "feed": [
    {
      "title": "Will the Fed really hike rates 3 times in 2026, per Bank of America?",
      "link": "https://www.housingwire.com/articles/will-the-fed-really-hike-rates-3-times-in-2026-per-bank-of-america/",
      "published": "Mon, 22 Jun 2026"
    },
    {
      "title": "Fathom agents briefed on Bed Bath & Beyond acquisition plan",
      "link": "https://www.housingwire.com/articles/fathom-agents-sec-email/",
      "published": "Mon, 22 Jun 2026"
    },
    {
      "title": "Consistency spells top 2026 RealTrends Verified rankings for Gary Mercer Sr.",
      "link": "https://www.housingwire.com/articles/consistency-spells-top-2026-realtrends-verified-rankings-for-gary-mercer-sr/",
      "published": "Mon, 22 Jun 2026"
    },
    {
      "title": "UWM, Two Harbors CEOs clash in emails ahead of CCM deal vote",
      "link": "https://www.housingwire.com/articles/uwm-two-harbors-cash-terms/",
      "published": "Mon, 22 Jun 2026"
    },
    {
      "title": "Former Christie’s International Real Estate affiliate hit with commission dispute",
      "link": "https://www.housingwire.com/articles/christies-affiliate-commission-dispute/",
      "published": "Mon, 22 Jun 2026"
    },
    {
      "title": "REMAX Premier expands in Chicago",
      "link": "https://www.housingwire.com/articles/remax-premier-expands-in-chicago/",
      "published": "Mon, 22 Jun 2026"
    },
    {
      "title": "46% of Home Sellers Gave Concessions to Buyers in May, the Highest Share on Record For That Month",
      "link": "https://www.redfin.com/news/home-seller-concessions-record-high-rate/",
      "published": "Mon, 22 Jun 2026"
    },
    {
      "title": "Housing Payments Hit 1-Year High, Sending Buyers to the Sidelines",
      "link": "https://www.redfin.com/news/housing-market-update-housing-payments-climb-buyers-back-away/",
      "published": "Thu, 18 Jun 2026"
    },
    {
      "title": "Mortgage Rates Likely to Stay High For Now as Markets Digest Warsh’s First Fed Meeting",
      "link": "https://www.redfin.com/news/kevin-warsh-first-fed-meeting-june-2026/",
      "published": "Wed, 17 Jun 2026"
    },
    {
      "title": "Former Red-Hot Seller’s Markets, Like Atlanta, Now Lead the Nation in Canceled Home Sales",
      "link": "https://www.redfin.com/news/contract-cancellations-may-2026/",
      "published": "Wed, 17 Jun 2026"
    },
    {
      "title": "Florida Dominates May’s Most Expensive Home Sales, Led by a $75 Million Boca Raton Deal",
      "link": "https://www.redfin.com/news/most-expensive-home-sales-may-2026/",
      "published": "Tue, 16 Jun 2026"
    },
    {
      "title": "Markets Eye Strait of Hormuz Reopening and Warsh’s First Fed Meeting as Key Tests This Week",
      "link": "https://www.redfin.com/news/strait-hormuz-potential-reopening-kevin-warsh-first-fed-meeting/",
      "published": "Mon, 15 Jun 2026"
    }
  ],
  "feed_101020": {
    "macro": [
      {
        "title": "Will the Fed really hike rates 3 times in 2026, per Bank of America?",
        "url": "https://www.housingwire.com/articles/will-the-fed-really-hike-rates-3-times-in-2026-per-bank-of-america/",
        "what": "BofA forecasts three quarter-point Fed hikes in 2026, but market pricing and a 10-year yield near 4.51% argue for 0 to only one rate hike.",
        "numbers": "2026,, 10, 4.51, 0",
        "justified": "housingwire.com — https://www.housingwire.com/articles/will-the-fed-really-hike-rates-3-times-in-2026-per-bank-of-america/",
        "why": "Rates & inflation shape discount rates and housing affordability.",
        "market": "Lower rates support demand/valuations; higher rates pressure builders/REITs and slow transactions."
      },
      {
        "title": "Fathom agents briefed on Bed Bath & Beyond acquisition plan",
        "url": "https://www.housingwire.com/articles/fathom-agents-sec-email/",
        "what": "Fathom SEC filing shows an agent email pitching a 3 pillar everything home ecosystem tied to Bed Bath and Beyond, pending closing.",
        "numbers": "3",
        "justified": "housingwire.com — https://www.housingwire.com/articles/fathom-agents-sec-email/",
        "why": "Rates & inflation shape discount rates and housing affordability.",