{
  "as_of": "2026-05-20 04:36 UTC",
  "macro": {
    "spx": null,
    "ten_year": {
      "yield_pct": 4.61,
      "delta_bp_1d": 2.000000000000046
    },
    "mortgage_30y": {
      "rate_pct": 6.36,
      "delta_bp_wow": -0.9999999999999787
    },
    "starts": {
      "level_saar": 1502.0,
      "mom": 0.10766961651917395
    }
  },
  "permits": {
    "florida": {
      "latest": 12449,
      "latest_date": "2026-03",
      "mom": 0.03054635761589397,
      "yoy": -0.15719991875973194,
      "ytd": -0.23309677419354835,
      "ytd_count": 35661,
      "latest_year": 2026,
      "latest_month_name": "Mar"
    },
    "msa": {
      "Orlando–Kissimmee–Sanford": {
        "total": {
          "latest": 1432,
          "latest_year": 2026,
          "latest_month": 3,
          "latest_month_name": "Mar",
          "mom": 0.07426856714178554,
          "yoy": -0.5466919911364356,
          "ytd_yoy": -0.542715777899945,
          "ytd_count": 4159
        },
        "one_unit": {
          "latest": 1122,
          "latest_year": 2026,
          "latest_month": 3,
          "latest_month_name": "Mar",
          "mom": 0.2411504424778761,
          "yoy": -0.1816192560175055,
          "ytd_yoy": -0.2602331927561399,
          "ytd_count": 2982
        },
        "dom": {
          "days": 68,
          "yoy": 0.09677419354838701,
          "as_of": "2026-04"
        }
      },
      "Tampa–St. Petersburg–Clearwater": {
        "total": {
          "latest": 1586,
          "latest_year": 2026,
          "latest_month": 3,
          "latest_month_name": "Mar",
          "mom": -0.10698198198198194,
          "yoy": 0.1696165191740413,
          "ytd_yoy": -0.12903225806451613,
          "ytd_count": 4617
        },
        "one_unit": {
          "latest": 1176,
          "latest_year": 2026,
          "latest_month": 3,
          "latest_month_name": "Mar",
          "mom": 0.01906412478336228,
          "yoy": -0.028099173553719048,
          "ytd_yoy": 0.08082706766917291,
          "ytd_count": 3450
        },
        "dom": {
          "days": 67,
          "yoy": 0.15517241379310343,
          "as_of": "2026-04"
        }
      },
      "Ocala": {
        "total": {
          "latest": 618,
          "latest_year": 2026,
          "latest_month": 3,
          "latest_month_name": "Mar",
          "mom": 0.006514657980456029,
          "yoy": -0.07067669172932334,
          "ytd_yoy": -0.09677419354838712,
          "ytd_count": 1736
        },
        "one_unit": {
          "latest": 618,
          "latest_year": 2026,
          "latest_month": 3,
          "latest_month_name": "Mar",
          "mom": 0.04391891891891886,
          "yoy": 0.08231173380035028,
          "ytd_yoy": -0.033067274800456126,
          "ytd_count": 1696
        },
        "dom": {
          "days": 75,
          "yoy": 0.13636363636363646,
          "as_of": "2026-04"
        }
      },
      "Palm Bay–Melbourne–Titusville": {
        "total": {
          "latest": 330,
          "latest_year": 2026,
          "latest_month": 3,
          "latest_month_name": "Mar",
          "mom": 0.346938775510204,
          "yoy": 0.13793103448275867,
          "ytd_yoy": -0.22699999999999998,
          "ytd_count": 773
        },
        "one_unit": {
          "latest": 330,
          "latest_year": 2026,
          "latest_month": 3,
          "latest_month_name": "Mar",
          "mom": 0.346938775510204,
          "yoy": 0.13793103448275867,
          "ytd_yoy": -0.06416464891041163,
          "ytd_count": 773
        },
        "dom": {
          "days": 67,
          "yoy": 0.09836065573770503,
          "as_of": "2026-04"
        }
      }
    }
  },
  "watchlist": [],
  "feed": [
    {
      "title": "DRB Group and Sumitomo Forestry mark a 10-year arc of growth",
      "link": "https://www.housingwire.com/articles/drb-sumitomo-10-year-growth/",
      "published": "Tue, 19 May 2026"
    },
    {
      "title": "Kevelyn Guzman on leadership, growth and navigating change",
      "link": "https://www.housingwire.com/articles/kevelyn-guzman-on-leadership-growth-and-navigating-change/",
      "published": "Tue, 19 May 2026"
    },
    {
      "title": "AI-powered data remaps builders’ landbuying art and science",
      "link": "https://www.housingwire.com/articles/prophetic-ai-homebuilders-land/",
      "published": "Tue, 19 May 2026"
    },
    {
      "title": "Study: Bipartisan Social Security plan to borrow and invest unlikely to pay off",
      "link": "https://www.housingwire.com/articles/bipartisan-social-security-plan-borrow-and-invest/",
      "published": "Tue, 19 May 2026"
    },
    {
      "title": "Fault lines surface as projects tap California’s CEQA exemption law",
      "link": "https://www.housingwire.com/articles/california-ceqa-exemptions-housing/",
      "published": "Tue, 19 May 2026"
    },
    {
      "title": "Cultural symbolism is influencing some homebuyers in the Year of the Fire Horse",
      "link": "https://www.housingwire.com/articles/cultural-symbolism-is-influencing-some-homebuyers-in-the-year-of-the-fire-horse/",
      "published": "Tue, 19 May 2026"
    },
    {
      "title": "Prices Drops Are Becoming Slightly Less Common As Housing Market Stabilizes",
      "link": "https://www.redfin.com/news/price-drops-april-2026/",
      "published": "Tue, 19 May 2026"
    },
    {
      "title": "U.S. Home Prices Rose 0.2% in April",
      "link": "https://www.redfin.com/news/home-price-index-april-2026/",
      "published": "Tue, 19 May 2026"
    },
    {
      "title": "Iran Tensions, Not Economic Data, Are Driving Mortgage Rates This Week",
      "link": "https://www.redfin.com/news/weekly-economic-update-may-18-2026/",
      "published": "Mon, 18 May 2026"
    },
    {
      "title": "More Than 80% of Prospective Home Sellers Are Interested in a “Coming Soon” Approach to Listing",
      "link": "https://www.redfin.com/news/early-access-survey/",
      "published": "Mon, 18 May 2026"
    },
    {
      "title": "Inside the $150,000 Hamptons Trailer This Couple Turned Into a Dream Home",
      "link": "https://www.redfin.com/news/couple-renovate-hamptons-mobile-home/",
      "published": "Fri, 15 May 2026"
    },
    {
      "title": "The Price Point: What $400,000 Buys in These Hot U.S. Neighborhoods",
      "link": "https://www.redfin.com/news/the-price-point-what-400000-buys-in-these-hot-u-s-neighborhoods/",
      "published": "Fri, 15 May 2026"
    }
  ],
  "feed_101020": {
    "macro": [
      {
        "title": "AI-powered data remaps builders’ landbuying art and science",
        "url": "https://www.housingwire.com/articles/prophetic-ai-homebuilders-land/",
        "what": "Prophetic updated SiteAI to automate parcel yield studies and generate zoning compliant site plans in minutes",
        "numbers": "",
        "justified": "housingwire.com — https://www.housingwire.com/articles/prophetic-ai-homebuilders-land/",
        "why": "Rates & inflation shape discount rates and housing affordability.",
        "market": "Lower rates support demand/valuations; higher rates pressure builders/REITs and slow transactions."
      },
      {
        "title": "Can the housing market weather the storm as mortgage rates climb past 6.7%?",
        "url": "https://www.housingwire.com/articles/mortgage-rates-rise-10-year-yield/",
        "what": "HousingWire Data shows 30-year conforming rates at 6.77%, FHA at 6.33% and jumbo at 6.89% as the 10-year yield rises amid Iran conflict.",
        "numbers": "30, 6.77, 6.33, 6.89, 10",
        "justified": "housingwire.com — https://www.housingwire.com/articles/mortgage-rates-rise-10-year-yield/",
        "why": "Rates & inflation shape discount rates and housing affordability.",
        "market": "Lower rates support demand/valuations; higher rates pressure builders/REITs and slow transactions."
      },
      {
        "title": "Iran Tensions, Not Economic Data, Are Driving Mortgage Rates This Week",