{
  "as_of": "2025-10-30 17:32 UTC",
  "macro": {
    "spx": null,
    "ten_year": {
      "yield_pct": 3.99,
      "delta_bp_1d": -1.9999999999999574
    },
    "mortgage_30y": {
      "rate_pct": 6.17,
      "delta_bp_wow": -2.000000000000046
    },
    "starts": {
      "level_saar": 1307.0,
      "mom": -0.08537438768369487
    }
  },
  "permits": {
    "florida": {
      "latest": 13594,
      "latest_date": "2025-08",
      "mom": -0.0727781188186345,
      "yoy": -0.13226094727435211,
      "ytd": -0.026868417713488135,
      "ytd_count": 122708,
      "latest_year": 2025,
      "latest_month_name": "Aug"
    },
    "msa": {
      "Orlando–Kissimmee–Sanford": {
        "total": {
          "latest": 1649,
          "latest_year": 2025,
          "latest_month": 8,
          "latest_month_name": "Aug",
          "mom": -0.20797310278578285,
          "yoy": -0.16336884830035514,
          "ytd_yoy": 0.20390428982314424,
          "ytd_count": 19673
        },
        "one_unit": {
          "latest": 927,
          "latest_year": 2025,
          "latest_month": 8,
          "latest_month_name": "Aug",
          "mom": -0.12793979303857006,
          "yoy": -0.382,
          "ytd_yoy": 0.008284136354979932,
          "ytd_count": 10589
        },
        "dom": {
          "days": 79,
          "yoy": 0.21538461538461529,
          "as_of": "2025-09"
        }
      },
      "Tampa–St. Petersburg–Clearwater": {
        "total": {
          "latest": 2908,
          "latest_year": 2025,
          "latest_month": 8,
          "latest_month_name": "Aug",
          "mom": 0.6645678305666858,
          "yoy": 0.465725806451613,
          "ytd_yoy": -0.06499153020892157,
          "ytd_count": 16559
        },
        "one_unit": {
          "latest": 1324,
          "latest_year": 2025,
          "latest_month": 8,
          "latest_month_name": "Aug",
          "mom": 0.16140350877192988,
          "yoy": 0.2526017029328287,
          "ytd_yoy": -0.09323079844298865,
          "ytd_count": 9551
        },
        "dom": {
          "days": 79,
          "yoy": 0.19696969696969702,
          "as_of": "2025-09"
        }
      },
      "Ocala": {
        "total": {
          "latest": 461,
          "latest_year": 2025,
          "latest_month": 8,
          "latest_month_name": "Aug",
          "mom": 0.0453514739229024,
          "yoy": 0.0453514739229024,
          "ytd_yoy": -0.1361718450326045,
          "ytd_count": 4504
        },
        "one_unit": {
          "latest": 451,
          "latest_year": 2025,
          "latest_month": 8,
          "latest_month_name": "Aug",
          "mom": 0.09200968523002429,
          "yoy": 0.0562060889929743,
          "ytd_yoy": -0.12195652173913041,
          "ytd_count": 4039
        },
        "dom": {
          "days": 80,
          "yoy": 0.19402985074626855,
          "as_of": "2025-09"
        }
      },
      "Palm Bay–Melbourne–Titusville": {
        "total": {
          "latest": 391,
          "latest_year": 2025,
          "latest_month": 8,
          "latest_month_name": "Aug",
          "mom": -0.28519195612431447,
          "yoy": 0.3076923076923077,
          "ytd_yoy": 0.03214156735283491,
          "ytd_count": 2858
        },
        "one_unit": {
          "latest": 239,
          "latest_year": 2025,
          "latest_month": 8,
          "latest_month_name": "Aug",
          "mom": -0.13090909090909086,
          "yoy": -0.2006688963210702,
          "ytd_yoy": -0.10545165141265422,
          "ytd_count": 2248
        },
        "dom": {
          "days": 75,
          "yoy": 0.15384615384615374,
          "as_of": "2025-09"
        }
      }
    }
  },
  "watchlist": [],
  "feed": [
    {
      "title": "Chris Planto returns to Rate as VP of mortgage lending",
      "link": "https://www.housingwire.com/articles/chris-planto-returns-to-rate/",
      "published": "Thu, 30 Oct 2025"
    },
    {
      "title": "Newrez posts best monthly mortgage volume since 2022, seals Wells Fargo deal",
      "link": "https://www.housingwire.com/articles/newrez-q3-earnings-impact-rithm-capital/",
      "published": "Thu, 30 Oct 2025"
    },
    {
      "title": "Real Brokerage reports strong Q3 results, previews major tech innovation",
      "link": "https://www.housingwire.com/articles/real-brokerage-reports-strong-q3-results-previews-major-tech-innovation/",
      "published": "Thu, 30 Oct 2025"
    },
    {
      "title": "Former VA lending executive John Bell III dies",
      "link": "https://www.housingwire.com/articles/va-john-bell-iii-dies/",
      "published": "Thu, 30 Oct 2025"
    },
    {
      "title": "20 bad real estate photos agents regret taking (+ how to fix them)",
      "link": "https://www.housingwire.com/articles/bad-real-estate-photos/",
      "published": "Thu, 30 Oct 2025"
    },
    {
      "title": "New allegations emerge against UWM in Sweeney-AIME lawsuit",
      "link": "https://www.housingwire.com/articles/katie-sweeney-lawsuit-aime-uwm/",
      "published": "Thu, 30 Oct 2025"
    },
    {
      "title": "U.S. Luxury Home Prices Rose 5% in September, Twice the Pace of Non-Luxury Prices",
      "link": "https://www.redfin.com/news/luxury-homes-market-september-2025/",
      "published": "Thu, 30 Oct 2025"
    },
    {
      "title": "Median Monthly Housing Payment Posts Biggest Decline in Nearly a Year",
      "link": "https://www.redfin.com/news/housing-market-update-monthly-payments-biggest-decline-in-year/",
      "published": "Thu, 30 Oct 2025"
    },
    {
      "title": "Mortgage Rates to Tick Up After Fed Signals That December Cut Isn’t Guaranteed",
      "link": "https://www.redfin.com/news/fed-meeting-analysis-oct-2025/",
      "published": "Wed, 29 Oct 2025"
    },
    {
      "title": "27% of For-Sale Homes Are Newly Built, the Lowest Share in 4 Years",
      "link": "https://www.redfin.com/news/august-2025-new-construction-homes/",
      "published": "Wed, 29 Oct 2025"
    },
    {
      "title": "Bay Area Housing Market Heats Up Amid AI Boom, Return to Office",
      "link": "https://www.redfin.com/news/bay-area-san-francisco-home-sales/",
      "published": "Tue, 28 Oct 2025"
    },
    {
      "title": "Redfin Economists’ Weekly Take: Mortgage Rates Stable Ahead of Expected Fed Cut",
      "link": "https://www.redfin.com/news/weekly-economics-update-october-27/",
      "published": "Mon, 27 Oct 2025"
    }
  ],
  "feed_101020": {
    "macro": [
      {
        "title": "Median Monthly Housing Payment Posts Biggest Decline in Nearly a Year",
        "url": "https://www.redfin.com/news/housing-market-update-monthly-payments-biggest-decline-in-year/",
        "what": "Many would-be buyers are still spooked by rising sale prices and economic instability, but some are creeping off the sidelines",
        "numbers": "$2,530, 26,, 1.4, 2024.",
        "justified": "redfin.com — https://www.redfin.com/news/housing-market-update-monthly-payments-biggest-decline-in-year/",
        "why": "Rates & inflation shape discount rates and housing affordability.",
        "market": "Lower rates support demand/valuations; higher rates pressure builders/REITs and slow transactions."
      },
      {
        "title": "Shutdown slows housing activity in federal worker-heavy markets",
        "url": "https://www.housingwire.com/articles/shutdown-slows-housing-activity-in-federal-worker-heavy-markets/",
        "what": "Early signs of shutdown effects have emerged in metro areas such as Washington, D.C., Virginia Beach, Baltimore and Oklahoma City.",
        "numbers": "",
        "justified": "housingwire.com — https://www.housingwire.com/articles/shutdown-slows-housing-activity-in-federal-worker-heavy-markets/",
        "why": "Rates & inflation shape discount rates and housing affordability.",