{
  "as_of": "2026-02-02 09:03 UTC",
  "macro": {
    "spx": null,
    "ten_year": {
      "yield_pct": 4.24,
      "delta_bp_1d": -1.9999999999999574
    },
    "mortgage_30y": {
      "rate_pct": 6.1,
      "delta_bp_wow": 0.9999999999999787
    },
    "starts": {
      "level_saar": 1246.0,
      "mom": -0.04594180704441042
    }
  },
  "permits": {
    "florida": {
      "latest": 15200,
      "latest_date": "2025-10",
      "mom": 0.13832097655957454,
      "yoy": 0.14268531047962707,
      "ytd": -0.0034062907667777864,
      "ytd_count": 151261,
      "latest_year": 2025,
      "latest_month_name": "Oct"
    },
    "msa": {
      "Orlando–Kissimmee–Sanford": {
        "total": {
          "latest": 2471,
          "latest_year": 2025,
          "latest_month": 10,
          "latest_month_name": "Oct",
          "mom": 0.2208498023715415,
          "yoy": 0.505789152955515,
          "ytd_yoy": 0.2098518221866239,
          "ytd_count": 24168
        },
        "one_unit": {
          "latest": 1094,
          "latest_year": 2025,
          "latest_month": 10,
          "latest_month_name": "Oct",
          "mom": 0.27803738317757,
          "yoy": -0.09060681629260181,
          "ytd_yoy": -0.03620292083013066,
          "ytd_count": 12539
        },
        "dom": {
          "days": 83,
          "yoy": 0.03750000000000009,
          "as_of": "2025-12"
        }
      },
      "Tampa–St. Petersburg–Clearwater": {
        "total": {
          "latest": 2427,
          "latest_year": 2025,
          "latest_month": 10,
          "latest_month_name": "Oct",
          "mom": 0.5360759493670886,
          "yoy": 1.2939508506616257,
          "ytd_yoy": 0.04073680481757003,
          "ytd_count": 20566
        },
        "one_unit": {
          "latest": 1287,
          "latest_year": 2025,
          "latest_month": 10,
          "latest_month_name": "Oct",
          "mom": 0.2130065975494817,
          "yoy": 0.5,
          "ytd_yoy": -0.015960965927886206,
          "ytd_count": 11899
        },
        "dom": {
          "days": 80,
          "yoy": 0.11111111111111116,
          "as_of": "2025-12"
        }
      },
      "Ocala": {
        "total": {
          "latest": 470,
          "latest_year": 2025,
          "latest_month": 10,
          "latest_month_name": "Oct",
          "mom": 0.09557109557109555,
          "yoy": -0.010526315789473717,
          "ytd_yoy": -0.13937559732398852,
          "ytd_count": 5403
        },
        "one_unit": {
          "latest": 444,
          "latest_year": 2025,
          "latest_month": 10,
          "latest_month_name": "Oct",
          "mom": 0.21643835616438367,
          "yoy": -0.0326797385620915,
          "ytd_yoy": -0.1404255319148936,
          "ytd_count": 4848
        },
        "dom": {
          "days": 87,
          "yoy": 0.15999999999999992,
          "as_of": "2025-12"
        }
      },
      "Palm Bay–Melbourne–Titusville": {
        "total": {
          "latest": 343,
          "latest_year": 2025,
          "latest_month": 10,
          "latest_month_name": "Oct",
          "mom": -0.46406250000000004,
          "yoy": -0.51,
          "ytd_yoy": -0.004406428201140455,
          "ytd_count": 3841
        },
        "one_unit": {
          "latest": 343,
          "latest_year": 2025,
          "latest_month": 10,
          "latest_month_name": "Oct",
          "mom": 0.26102941176470584,
          "yoy": 0.026946107784431073,
          "ytd_yoy": -0.11307311028500622,
          "ytd_count": 2863
        },
        "dom": {
          "days": 78,
          "yoy": 0.040000000000000036,
          "as_of": "2025-12"
        }
      }
    }
  },
  "watchlist": [],
  "feed": [
    {
      "title": "Comparing RV and manufactured housing data sheds critical light on U.S. affordable housing crisis",
      "link": "https://www.housingwire.com/articles/comparing-rv-and-manufactured-housing-data-sheds-critical-light-on-u-s-affordable-housing-crisis/",
      "published": "Mon, 02 Feb 2026"
    },
    {
      "title": "Housing demand is still positive even with epic snowstorm",
      "link": "https://www.housingwire.com/articles/housing-market-resilient-2026/",
      "published": "Sun, 01 Feb 2026"
    },
    {
      "title": "WalletHub says these are the best states for retirees in 2026",
      "link": "https://www.housingwire.com/articles/wallethub-best-states-for-retirees-2026/",
      "published": "Fri, 30 Jan 2026"
    },
    {
      "title": "House approves funding boost for Social Security Administration",
      "link": "https://www.housingwire.com/articles/house-funding-boost-social-security/",
      "published": "Fri, 30 Jan 2026"
    },
    {
      "title": "Austin Niemiec to lead Rocket Pro as Dan Sogorka departs",
      "link": "https://www.housingwire.com/articles/rocket-pro-mortgage-broker-niemiec-sogorka/",
      "published": "Fri, 30 Jan 2026"
    },
    {
      "title": "Meritage holds its line as new-home demand turns inelastic",
      "link": "https://www.housingwire.com/articles/meritage-q4-2025-operational-discipline-analysis/",
      "published": "Fri, 30 Jan 2026"
    },
    {
      "title": "Homebuyers Are Scoring the Biggest Discounts in 13 Years",
      "link": "https://www.redfin.com/news/homebuyer-discounts-below-list-price-2025/",
      "published": "Mon, 02 Feb 2026"
    },
    {
      "title": "My Friday Tour of Santa Barbara Listings: A Beach-Access Fixer and a Backyard Pool",
      "link": "https://www.redfin.com/news/santa-barbara-listings/",
      "published": "Sat, 31 Jan 2026"
    },
    {
      "title": "Catherine O’Hara’s Most Famous Fictional Homes",
      "link": "https://www.redfin.com/news/catherine-ohara-famous-fictional-homes/",
      "published": "Sat, 31 Jan 2026"
    },
    {
      "title": "Trump Taps Kevin Warsh to Lead Fed; Mortgage Rates Expected to Stay Steady",
      "link": "https://www.redfin.com/news/trump-taps-kevin-warsh-fed-rates/",
      "published": "Fri, 30 Jan 2026"
    },
    {
      "title": "The Single-Family Rental Is On the Decline",
      "link": "https://www.redfin.com/news/rental-housing-multifamily-vs-single-family/",
      "published": "Thu, 29 Jan 2026"
    },
    {
      "title": "New Listings Rise For First Time in 2 Months As Lower Mortgage Rates Perk Up Homebuyers",
      "link": "https://www.redfin.com/news/housing-market-update-new-listings-increase-january/",
      "published": "Thu, 29 Jan 2026"
    }
  ],
  "feed_101020": {
    "macro": [
      {
        "title": "Homebuyers Are Scoring the Biggest Discounts in 13 Years",
        "url": "https://www.redfin.com/news/homebuyer-discounts-below-list-price-2025/",
        "what": "The typical buyer who scored a home for below the list price in 2025 got a 7.9% discount—the largest since 2012",
        "numbers": "2025, 7.9, 2012., 1, 4, 10",
        "justified": "redfin.com — https://www.redfin.com/news/homebuyer-discounts-below-list-price-2025/",
        "why": "Price trend signals wealth effects and buyer/seller power.",
        "market": "Firm prices help builder margins; softness hits comps and sentiment."
      },
      {
        "title": "Housing demand is still positive even with epic snowstorm",
        "url": "https://www.housingwire.com/articles/housing-market-resilient-2026/",
        "what": "Despite a major snowstorm and Fed news, housing data stayed positive as mortgage rates held near 6% and purchase apps rose 18% year over year.",
        "numbers": "6, 18",
        "justified": "housingwire.com — https://www.housingwire.com/articles/housing-market-resilient-2026/",
        "why": "Rates & inflation shape discount rates and housing affordability.",
        "market": "Lower rates support demand/valuations; higher rates pressure builders/REITs and slow transactions."
      },
      {
        "title": "State regulators, consumer groups push back on OCC’s escrow account proposals",