{
  "as_of": "2026-03-06 13:20 UTC",
  "macro": {
    "spx": null,
    "ten_year": {
      "yield_pct": 4.09,
      "delta_bp_1d": 3.000000000000025
    },
    "mortgage_30y": {
      "rate_pct": 6.0,
      "delta_bp_wow": 1.9999999999999574
    },
    "starts": {
      "level_saar": 1404.0,
      "mom": 0.062027231467473465
    }
  },
  "permits": {
    "florida": {
      "latest": 13220,
      "latest_date": "2025-12",
      "mom": 0.3696643182760049,
      "yoy": 0.10590597289610182,
      "ytd": -0.002057400912362728,
      "ytd_count": 174133,
      "latest_year": 2025,
      "latest_month_name": "Dec"
    },
    "msa": {
      "Orlando–Kissimmee–Sanford": {
        "total": {
          "latest": 2182,
          "latest_year": 2025,
          "latest_month": 12,
          "latest_month_name": "Dec",
          "mom": 1.0900383141762453,
          "yoy": 0.011121408711770142,
          "ytd_yoy": 0.16461185273361112,
          "ytd_count": 27394
        },
        "one_unit": {
          "latest": 865,
          "latest_year": 2025,
          "latest_month": 12,
          "latest_month_name": "Dec",
          "mom": 0.11901681759379046,
          "yoy": -0.348644578313253,
          "ytd_yoy": -0.09051834744675391,
          "ytd_count": 14177
        },
        "dom": {
          "days": 88,
          "yoy": 0.08641975308641969,
          "as_of": "2026-01"
        }
      },
      "Tampa–St. Petersburg–Clearwater": {
        "total": {
          "latest": 1233,
          "latest_year": 2025,
          "latest_month": 12,
          "latest_month_name": "Dec",
          "mom": 0.020695364238410674,
          "yoy": 0.2992623814541622,
          "ytd_yoy": 0.06361240811797875,
          "ytd_count": 23007
        },
        "one_unit": {
          "latest": 933,
          "latest_year": 2025,
          "latest_month": 12,
          "latest_month_name": "Dec",
          "mom": 0.07986111111111116,
          "yoy": 0.015233949945593128,
          "ytd_yoy": -0.015809140557631496,
          "ytd_count": 13696
        },
        "dom": {
          "days": 85,
          "yoy": 0.2142857142857142,
          "as_of": "2026-01"
        }
      },
      "Ocala": {
        "total": {
          "latest": 408,
          "latest_year": 2025,
          "latest_month": 12,
          "latest_month_name": "Dec",
          "mom": 1.3448275862068964,
          "yoy": -0.02857142857142858,
          "ytd_yoy": -0.15358506576156128,
          "ytd_count": 5985
        },
        "one_unit": {
          "latest": 400,
          "latest_year": 2025,
          "latest_month": 12,
          "latest_month_name": "Dec",
          "mom": 1.3255813953488373,
          "yoy": -0.014778325123152691,
          "ytd_yoy": -0.15431424559213602,
          "ytd_count": 5420
        },
        "dom": {
          "days": 93,
          "yoy": 0.2567567567567568,
          "as_of": "2026-01"
        }
      },
      "Palm Bay–Melbourne–Titusville": {
        "total": {
          "latest": 534,
          "latest_year": 2025,
          "latest_month": 12,
          "latest_month_name": "Dec",
          "mom": 1.2066115702479339,
          "yoy": 0.5213675213675213,
          "ytd_yoy": -0.0004329941545788696,
          "ytd_count": 4617
        },
        "one_unit": {
          "latest": 269,
          "latest_year": 2025,
          "latest_month": 12,
          "latest_month_name": "Dec",
          "mom": 0.1350210970464134,
          "yoy": -0.2157434402332361,
          "ytd_yoy": -0.13548883756735952,
          "ytd_count": 3369
        },
        "dom": {
          "days": 77,
          "yoy": 0.0547945205479452,
          "as_of": "2026-01"
        }
      }
    }
  },
  "watchlist": [],
  "feed": [
    {
      "title": "Impactful marketing tips for a post-trigger-lead landscape",
      "link": "https://www.housingwire.com/articles/impactful-marketing-tips-for-a-post-trigger-lead-landscape/",
      "published": "Fri, 06 Mar 2026"
    },
    {
      "title": "Builders started 2026 with margin pressure, then came Iran war risk",
      "link": "https://www.housingwire.com/articles/iran-war-homebuilders-2026/",
      "published": "Thu, 05 Mar 2026"
    },
    {
      "title": "Better launches ChatGPT-based credit decision engine for mortgage and HELOC lenders",
      "link": "https://www.housingwire.com/articles/better-chatgpt-conversational-credit-decision-engine-tinman-ai/",
      "published": "Thu, 05 Mar 2026"
    },
    {
      "title": "Study finds 65-year-olds need $135K for long-term care",
      "link": "https://www.housingwire.com/articles/long-term-care-costs-milliman/",
      "published": "Thu, 05 Mar 2026"
    },
    {
      "title": "NAR speaks out on “coming soon” listings",
      "link": "https://www.housingwire.com/articles/nar-coming-soon-mls-rules/",
      "published": "Thu, 05 Mar 2026"
    },
    {
      "title": "New eXp division bridges homebuilder-brokerage service gap",
      "link": "https://www.housingwire.com/articles/new-exp-division-bridges-homebuilder-brokerage-service-gap/",
      "published": "Thu, 05 Mar 2026"
    },
    {
      "title": "Back on the Market: Relistings Jump as Home Sellers Bet on Stronger Spring Market",
      "link": "https://www.redfin.com/news/home-relistings-2026/",
      "published": "Thu, 05 Mar 2026"
    },
    {
      "title": "House Hunters Stayed on Sidelines As Rates Dipped Below 6%, Iran War Adds to Market Uncertainty",
      "link": "https://www.redfin.com/news/housing-market-update-homebuyers-mortgage-rates-unease/",
      "published": "Thu, 05 Mar 2026"
    },
    {
      "title": "For Real Estate Investors, the West Coast Is Hot and Florida Is Not",
      "link": "https://www.redfin.com/news/investor-report-q4-2025/",
      "published": "Wed, 04 Mar 2026"
    },
    {
      "title": "The Typical U.S. Homeowner Hangs Onto Their House For 12 Years. In Los Angeles, It’s 20 Years.",
      "link": "https://www.redfin.com/news/homeowner-tenure-12-years/",
      "published": "Tue, 03 Mar 2026"
    },
    {
      "title": "Redfin Economists’ Weekly Take: After Dipping Below 6%, Mortgage Rates Enter Unpredictable Week Amid Iran Tensions",
      "link": "https://www.redfin.com/news/weekly-economic-update-march-2-2026/",
      "published": "Mon, 02 Mar 2026"
    },
    {
      "title": "West Palm Beach’s Luxury Housing Market Is Booming, With Sales Up 30%",
      "link": "https://www.redfin.com/news/west-palm-beach-luxury-homes-january-2026/",
      "published": "Mon, 02 Mar 2026"
    }
  ],
  "feed_101020": {
    "macro": [
      {
        "title": "NAHB data maps modest housing affordability gains in 2025",
        "url": "https://www.housingwire.com/articles/2025-affordability-nahb/",
        "what": "NAHB index shows Q4 2025 new home payment at 34% of income, as new home prices fell 2.0% and rates eased to 6.0%.",
        "numbers": "4, 2025, 34, 2.0, 6.0",
        "justified": "housingwire.com — https://www.housingwire.com/articles/2025-affordability-nahb/",
        "why": "Rates & inflation shape discount rates and housing affordability.",
        "market": "Lower rates support demand/valuations; higher rates pressure builders/REITs and slow transactions."
      },
      {
        "title": "Back on the Market: Relistings Jump as Home Sellers Bet on Stronger Spring Market",
        "url": "https://www.redfin.com/news/home-relistings-2026/",
        "what": "Nearly 45,000 sellers who delisted their homes last year relisted them in January—the highest January number in records dating back a decade",
        "numbers": "45,000",
        "justified": "redfin.com — https://www.redfin.com/news/home-relistings-2026/",
        "why": "Price trend signals wealth effects and buyer/seller power.",
        "market": "Firm prices help builder margins; softness hits comps and sentiment."
      },
      {
        "title": "House Hunters Stayed on Sidelines As Rates Dipped Below 6%, Iran War Adds to Market Uncertainty",