{
  "as_of": "2026-03-23 17:09 UTC",
  "macro": {
    "spx": null,
    "ten_year": {
      "yield_pct": 4.25,
      "delta_bp_1d": -0.9999999999999787
    },
    "mortgage_30y": {
      "rate_pct": 6.22,
      "delta_bp_wow": 10.999999999999943
    },
    "starts": {
      "level_saar": 1487.0,
      "mom": 0.07209805335255948
    }
  },
  "permits": {
    "florida": {
      "latest": 13220,
      "latest_date": "2025-12",
      "mom": 0.3696643182760049,
      "yoy": 0.10590597289610182,
      "ytd": -0.002057400912362728,
      "ytd_count": 174133,
      "latest_year": 2025,
      "latest_month_name": "Dec"
    },
    "msa": {
      "Orlando–Kissimmee–Sanford": {
        "total": {
          "latest": 2182,
          "latest_year": 2025,
          "latest_month": 12,
          "latest_month_name": "Dec",
          "mom": 1.0900383141762453,
          "yoy": 0.011121408711770142,
          "ytd_yoy": 0.16461185273361112,
          "ytd_count": 27394
        },
        "one_unit": {
          "latest": 865,
          "latest_year": 2025,
          "latest_month": 12,
          "latest_month_name": "Dec",
          "mom": 0.11901681759379046,
          "yoy": -0.348644578313253,
          "ytd_yoy": -0.09051834744675391,
          "ytd_count": 14177
        },
        "dom": {
          "days": 82,
          "yoy": 0.10810810810810811,
          "as_of": "2026-02"
        }
      },
      "Tampa–St. Petersburg–Clearwater": {
        "total": {
          "latest": 1233,
          "latest_year": 2025,
          "latest_month": 12,
          "latest_month_name": "Dec",
          "mom": 0.020695364238410674,
          "yoy": 0.2992623814541622,
          "ytd_yoy": 0.06361240811797875,
          "ytd_count": 23007
        },
        "one_unit": {
          "latest": 933,
          "latest_year": 2025,
          "latest_month": 12,
          "latest_month_name": "Dec",
          "mom": 0.07986111111111116,
          "yoy": 0.015233949945593128,
          "ytd_yoy": -0.015809140557631496,
          "ytd_count": 13696
        },
        "dom": {
          "days": 80,
          "yoy": 0.21212121212121215,
          "as_of": "2026-02"
        }
      },
      "Ocala": {
        "total": {
          "latest": 408,
          "latest_year": 2025,
          "latest_month": 12,
          "latest_month_name": "Dec",
          "mom": 1.3448275862068964,
          "yoy": -0.02857142857142858,
          "ytd_yoy": -0.15358506576156128,
          "ytd_count": 5985
        },
        "one_unit": {
          "latest": 400,
          "latest_year": 2025,
          "latest_month": 12,
          "latest_month_name": "Dec",
          "mom": 1.3255813953488373,
          "yoy": -0.014778325123152691,
          "ytd_yoy": -0.15431424559213602,
          "ytd_count": 5420
        },
        "dom": {
          "days": 91,
          "yoy": 0.2816901408450705,
          "as_of": "2026-02"
        }
      },
      "Palm Bay–Melbourne–Titusville": {
        "total": {
          "latest": 534,
          "latest_year": 2025,
          "latest_month": 12,
          "latest_month_name": "Dec",
          "mom": 1.2066115702479339,
          "yoy": 0.5213675213675213,
          "ytd_yoy": -0.0004329941545788696,
          "ytd_count": 4617
        },
        "one_unit": {
          "latest": 269,
          "latest_year": 2025,
          "latest_month": 12,
          "latest_month_name": "Dec",
          "mom": 0.1350210970464134,
          "yoy": -0.2157434402332361,
          "ytd_yoy": -0.13548883756735952,
          "ytd_count": 3369
        },
        "dom": {
          "days": 72,
          "yoy": 0.07462686567164178,
          "as_of": "2026-02"
        }
      }
    }
  },
  "watchlist": [],
  "feed": [
    {
      "title": "Fidelity’s 2026 retirement study shows shift to gig work, delayed retirement amid inflation",
      "link": "https://www.housingwire.com/articles/fidelity-2026-state-of-retirement-planning/",
      "published": "Mon, 23 Mar 2026"
    },
    {
      "title": "Indiana Regional MLS deploys AI compliance platform with REcore",
      "link": "https://www.housingwire.com/articles/indiana-regional-mls-recore-navigator-ai-compliance-platform/",
      "published": "Mon, 23 Mar 2026"
    },
    {
      "title": "NYC steps up ADU push with pre-reviewed plans and funding",
      "link": "https://www.housingwire.com/articles/nyc-adu-preapproved-plans/",
      "published": "Mon, 23 Mar 2026"
    },
    {
      "title": "Compass seeks to dismiss TCPA lawsuit over agent calls",
      "link": "https://www.housingwire.com/articles/compass-dismiss-tcpa-lawsuit/",
      "published": "Mon, 23 Mar 2026"
    },
    {
      "title": "CCM enters bidding war for Two Harbors, faces rival cash offer",
      "link": "https://www.housingwire.com/articles/crosscountry-bid-two-harbors/",
      "published": "Mon, 23 Mar 2026"
    },
    {
      "title": "The “Coming Soon” boom raises questions about value, transparency",
      "link": "https://www.housingwire.com/articles/coming-soon-syndication-deals/",
      "published": "Mon, 23 Mar 2026"
    },
    {
      "title": "There Are 630,000 More Home Sellers Than Buyers—the Biggest Gap on Record",
      "link": "https://www.redfin.com/news/buyers-vs-sellers-february-2026/",
      "published": "Mon, 23 Mar 2026"
    },
    {
      "title": "February’s $30M+ Home Sales Cluster in Florida and NYC—Including Two in the Same Barrier Island Enclave",
      "link": "https://www.redfin.com/news/most-expensive-home-sales-february-2026/",
      "published": "Mon, 23 Mar 2026"
    },
    {
      "title": "Escalating Iran War, Rising Oil Prices, Fed Uncertainty Push Mortgage Rates to 6-Month High",
      "link": "https://www.redfin.com/news/mortgage-rates-increase-march-20/",
      "published": "Fri, 20 Mar 2026"
    },
    {
      "title": "3 in 5 Americans Fear AI Could Replace Jobs, Making it Harder to Afford Homes",
      "link": "https://www.redfin.com/news/survey-ai-fears-housing-affordability/",
      "published": "Fri, 20 Mar 2026"
    },
    {
      "title": "Homebuyers Can Afford to Take Their Time Heading Into Spring 2026",
      "link": "https://www.redfin.com/news/homebuyers-taking-their-time-2026/",
      "published": "Thu, 19 Mar 2026"
    },
    {
      "title": "Today’s Homebuyers Save $150 a Month By Choosing an Adjustable-Rate Mortgage–The Biggest Discount Since 2022",
      "link": "https://www.redfin.com/news/adjustable-rate-mortgage-savings/",
      "published": "Thu, 19 Mar 2026"
    }
  ],
  "feed_101020": {
    "macro": [
      {
        "title": "Fidelity’s 2026 retirement study shows shift to gig work, delayed retirement amid inflation",
        "url": "https://www.housingwire.com/articles/fidelity-2026-state-of-retirement-planning/",
        "what": "Rising costs of living and debt are pushing many Americans to rethink retirement as a flexible, phased transition, with 72% now expecting to retire on their own terms.",
        "numbers": "72",
        "justified": "housingwire.com — https://www.housingwire.com/articles/fidelity-2026-state-of-retirement-planning/",
        "why": "Rates & inflation shape discount rates and housing affordability.",
        "market": "Lower rates support demand/valuations; higher rates pressure builders/REITs and slow transactions."
      },
      {
        "title": "Indiana Regional MLS deploys AI compliance platform with REcore",
        "url": "https://www.housingwire.com/articles/indiana-regional-mls-recore-navigator-ai-compliance-platform/",
        "what": "Indiana Regional MLS will deploy Navigator by Lundy with REcore, extending AI-powered rules and compliance support to its MLS staff and shareholder associations.",
        "numbers": "",
        "justified": "housingwire.com — https://www.housingwire.com/articles/indiana-regional-mls-recore-navigator-ai-compliance-platform/",
        "why": "Relevant development for housing and markets.",