{
  "as_of": "2026-02-16 17:02 UTC",
  "macro": {
    "spx": null,
    "ten_year": {
      "yield_pct": 4.09,
      "delta_bp_1d": -8.999999999999986
    },
    "mortgage_30y": {
      "rate_pct": 6.09,
      "delta_bp_wow": -2.000000000000046
    },
    "starts": {
      "level_saar": 1246.0,
      "mom": -0.04594180704441042
    }
  },
  "permits": {
    "florida": {
      "latest": 15200,
      "latest_date": "2025-10",
      "mom": 0.13832097655957454,
      "yoy": 0.14268531047962707,
      "ytd": -0.0034062907667777864,
      "ytd_count": 151261,
      "latest_year": 2025,
      "latest_month_name": "Oct"
    },
    "msa": {
      "Orlando–Kissimmee–Sanford": {
        "total": {
          "latest": 2471,
          "latest_year": 2025,
          "latest_month": 10,
          "latest_month_name": "Oct",
          "mom": 0.2208498023715415,
          "yoy": 0.505789152955515,
          "ytd_yoy": 0.2098518221866239,
          "ytd_count": 24168
        },
        "one_unit": {
          "latest": 1094,
          "latest_year": 2025,
          "latest_month": 10,
          "latest_month_name": "Oct",
          "mom": 0.27803738317757,
          "yoy": -0.09060681629260181,
          "ytd_yoy": -0.03620292083013066,
          "ytd_count": 12539
        },
        "dom": {
          "days": 88,
          "yoy": 0.08641975308641969,
          "as_of": "2026-01"
        }
      },
      "Tampa–St. Petersburg–Clearwater": {
        "total": {
          "latest": 2427,
          "latest_year": 2025,
          "latest_month": 10,
          "latest_month_name": "Oct",
          "mom": 0.5360759493670886,
          "yoy": 1.2939508506616257,
          "ytd_yoy": 0.04073680481757003,
          "ytd_count": 20566
        },
        "one_unit": {
          "latest": 1287,
          "latest_year": 2025,
          "latest_month": 10,
          "latest_month_name": "Oct",
          "mom": 0.2130065975494817,
          "yoy": 0.5,
          "ytd_yoy": -0.015960965927886206,
          "ytd_count": 11899
        },
        "dom": {
          "days": 85,
          "yoy": 0.2142857142857142,
          "as_of": "2026-01"
        }
      },
      "Ocala": {
        "total": {
          "latest": 470,
          "latest_year": 2025,
          "latest_month": 10,
          "latest_month_name": "Oct",
          "mom": 0.09557109557109555,
          "yoy": -0.010526315789473717,
          "ytd_yoy": -0.13937559732398852,
          "ytd_count": 5403
        },
        "one_unit": {
          "latest": 444,
          "latest_year": 2025,
          "latest_month": 10,
          "latest_month_name": "Oct",
          "mom": 0.21643835616438367,
          "yoy": -0.0326797385620915,
          "ytd_yoy": -0.1404255319148936,
          "ytd_count": 4848
        },
        "dom": {
          "days": 93,
          "yoy": 0.2567567567567568,
          "as_of": "2026-01"
        }
      },
      "Palm Bay–Melbourne–Titusville": {
        "total": {
          "latest": 343,
          "latest_year": 2025,
          "latest_month": 10,
          "latest_month_name": "Oct",
          "mom": -0.46406250000000004,
          "yoy": -0.51,
          "ytd_yoy": -0.004406428201140455,
          "ytd_count": 3841
        },
        "one_unit": {
          "latest": 343,
          "latest_year": 2025,
          "latest_month": 10,
          "latest_month_name": "Oct",
          "mom": 0.26102941176470584,
          "yoy": 0.026946107784431073,
          "ytd_yoy": -0.11307311028500622,
          "ytd_count": 2863
        },
        "dom": {
          "days": 77,
          "yoy": 0.0547945205479452,
          "as_of": "2026-01"
        }
      }
    }
  },
  "watchlist": [],
  "feed": [
    {
      "title": "High-producing St. Louis agent returns to Coldwell Banker",
      "link": "https://www.housingwire.com/articles/kristin-sprague-coldwell-banker-st-louis-agent/",
      "published": "Mon, 16 Feb 2026"
    },
    {
      "title": "Beazer Homes’ key differentiator? Sustainability and innovation",
      "link": "https://www.housingwire.com/articles/beazer-homes-sustainability/",
      "published": "Mon, 16 Feb 2026"
    },
    {
      "title": "AI powers land and lot search and zoning feasibility. Here’s how",
      "link": "https://www.housingwire.com/articles/acres-ai-land-search-zoning-intelligence/",
      "published": "Mon, 16 Feb 2026"
    },
    {
      "title": "How off-market deals and investor demand are reshaping residential real estate",
      "link": "https://www.housingwire.com/articles/how-off-market-deals-and-investor-demand-are-reshaping-residential-real-estate/",
      "published": "Mon, 16 Feb 2026"
    },
    {
      "title": "The loan originator’s biggest challenge in 2026",
      "link": "https://www.housingwire.com/articles/the-loan-originators-biggest-challenge-in-2026/",
      "published": "Mon, 16 Feb 2026"
    },
    {
      "title": "When cheaper rates make homes less affordable: What Zillow, Redfin, and Realtor.com data reveals",
      "link": "https://www.housingwire.com/articles/when-cheaper-rates-make-homes-less-affordable-what-zillow-redfin-and-realtor-com-data-reveals/",
      "published": "Mon, 16 Feb 2026"
    },
    {
      "title": "All-Cash Home Purchases Ended 2025 at Five-Year Low",
      "link": "https://www.redfin.com/news/all-cash-home-purchases-december-2025/",
      "published": "Mon, 16 Feb 2026"
    },
    {
      "title": "Homebuyer Down Payments Shrink for First Time in 5 Months",
      "link": "https://www.redfin.com/news/down-payments-fall-december-2025/",
      "published": "Mon, 16 Feb 2026"
    },
    {
      "title": "Mortgage Rates Likely to Hold Steady With Inflation Risks in the Rearview Mirror",
      "link": "https://www.redfin.com/news/mortgage-rates-likely-to-hold-steady-with-inflation-risks-in-the-rearview-mirror/",
      "published": "Fri, 13 Feb 2026"
    },
    {
      "title": "64% of Single Americans Struggle to Afford Housing, Compared With 39% of Married People",
      "link": "https://www.redfin.com/news/struggle-afford-housing-single-versus-married/",
      "published": "Thu, 12 Feb 2026"
    },
    {
      "title": "Pending Home Sales Decline in All But 5 Major U.S. Metros",
      "link": "https://www.redfin.com/news/housing-market-update-pending-home-sales-decline-most-metros/",
      "published": "Thu, 12 Feb 2026"
    },
    {
      "title": "Hot January Jobs Report Will Nudge Mortgage Rates Up Slightly",
      "link": "https://www.redfin.com/news/hot-january-jobs-report-will-nudge-mortgage-rates-up-slightly/",
      "published": "Wed, 11 Feb 2026"
    }
  ],
  "feed_101020": {
    "macro": [
      {
        "title": "All-Cash Home Purchases Ended 2025 at Five-Year Low",
        "url": "https://www.redfin.com/news/all-cash-home-purchases-december-2025/",
        "what": "29% of homebuyers paid with cash in December—the lowest share for that month since 2020—as a drop in mortgage rates diminished the benefits of paying in cash",
        "numbers": "29, 2020, 14, 2025",
        "justified": "redfin.com — https://www.redfin.com/news/all-cash-home-purchases-december-2025/",
        "why": "Rates & inflation shape discount rates and housing affordability.",
        "market": "Lower rates support demand/valuations; higher rates pressure builders/REITs and slow transactions."
      },
      {
        "title": "The loan originator’s biggest challenge in 2026",
        "url": "https://www.housingwire.com/articles/the-loan-originators-biggest-challenge-in-2026/",
        "what": "Why the next mortgage boom won’t lift all lenders equally",
        "numbers": "",
        "justified": "housingwire.com — https://www.housingwire.com/articles/the-loan-originators-biggest-challenge-in-2026/",
        "why": "Rates & inflation shape discount rates and housing affordability.",