{
  "as_of": "2026-03-16 10:16 UTC",
  "macro": {
    "spx": null,
    "ten_year": {
      "yield_pct": 4.27,
      "delta_bp_1d": 5.999999999999961
    },
    "mortgage_30y": {
      "rate_pct": 6.11,
      "delta_bp_wow": 11.000000000000032
    },
    "starts": {
      "level_saar": 1487.0,
      "mom": 0.07209805335255948
    }
  },
  "permits": {
    "florida": {
      "latest": 13220,
      "latest_date": "2025-12",
      "mom": 0.3696643182760049,
      "yoy": 0.10590597289610182,
      "ytd": -0.002057400912362728,
      "ytd_count": 174133,
      "latest_year": 2025,
      "latest_month_name": "Dec"
    },
    "msa": {
      "Orlando–Kissimmee–Sanford": {
        "total": {
          "latest": 2182,
          "latest_year": 2025,
          "latest_month": 12,
          "latest_month_name": "Dec",
          "mom": 1.0900383141762453,
          "yoy": 0.011121408711770142,
          "ytd_yoy": 0.16461185273361112,
          "ytd_count": 27394
        },
        "one_unit": {
          "latest": 865,
          "latest_year": 2025,
          "latest_month": 12,
          "latest_month_name": "Dec",
          "mom": 0.11901681759379046,
          "yoy": -0.348644578313253,
          "ytd_yoy": -0.09051834744675391,
          "ytd_count": 14177
        },
        "dom": {
          "days": 82,
          "yoy": 0.10810810810810811,
          "as_of": "2026-02"
        }
      },
      "Tampa–St. Petersburg–Clearwater": {
        "total": {
          "latest": 1233,
          "latest_year": 2025,
          "latest_month": 12,
          "latest_month_name": "Dec",
          "mom": 0.020695364238410674,
          "yoy": 0.2992623814541622,
          "ytd_yoy": 0.06361240811797875,
          "ytd_count": 23007
        },
        "one_unit": {
          "latest": 933,
          "latest_year": 2025,
          "latest_month": 12,
          "latest_month_name": "Dec",
          "mom": 0.07986111111111116,
          "yoy": 0.015233949945593128,
          "ytd_yoy": -0.015809140557631496,
          "ytd_count": 13696
        },
        "dom": {
          "days": 80,
          "yoy": 0.21212121212121215,
          "as_of": "2026-02"
        }
      },
      "Ocala": {
        "total": {
          "latest": 408,
          "latest_year": 2025,
          "latest_month": 12,
          "latest_month_name": "Dec",
          "mom": 1.3448275862068964,
          "yoy": -0.02857142857142858,
          "ytd_yoy": -0.15358506576156128,
          "ytd_count": 5985
        },
        "one_unit": {
          "latest": 400,
          "latest_year": 2025,
          "latest_month": 12,
          "latest_month_name": "Dec",
          "mom": 1.3255813953488373,
          "yoy": -0.014778325123152691,
          "ytd_yoy": -0.15431424559213602,
          "ytd_count": 5420
        },
        "dom": {
          "days": 91,
          "yoy": 0.2816901408450705,
          "as_of": "2026-02"
        }
      },
      "Palm Bay–Melbourne–Titusville": {
        "total": {
          "latest": 534,
          "latest_year": 2025,
          "latest_month": 12,
          "latest_month_name": "Dec",
          "mom": 1.2066115702479339,
          "yoy": 0.5213675213675213,
          "ytd_yoy": -0.0004329941545788696,
          "ytd_count": 4617
        },
        "one_unit": {
          "latest": 269,
          "latest_year": 2025,
          "latest_month": 12,
          "latest_month_name": "Dec",
          "mom": 0.1350210970464134,
          "yoy": -0.2157434402332361,
          "ytd_yoy": -0.13548883756735952,
          "ytd_count": 3369
        },
        "dom": {
          "days": 72,
          "yoy": 0.07462686567164178,
          "as_of": "2026-02"
        }
      }
    }
  },
  "watchlist": [],
  "feed": [
    {
      "title": "Block Renovation’s Julie Kheyfets on aging-in-place renovations and ADUs",
      "link": "https://www.housingwire.com/articles/senior-home-renovation-adu/",
      "published": "Mon, 16 Mar 2026"
    },
    {
      "title": "Why most brokerages scale for revenue but fail to profit",
      "link": "https://www.housingwire.com/articles/why-most-brokerages-scale-for-revenue-but-fail-to-profit/",
      "published": "Mon, 16 Mar 2026"
    },
    {
      "title": "Win the war before you pour the foundation: The strategic power of public financing",
      "link": "https://www.housingwire.com/articles/public-financing-homebuilders-district-strategy/",
      "published": "Mon, 16 Mar 2026"
    },
    {
      "title": "From loan pools to consumer wallets: The ripple effects of credit score lender choice",
      "link": "https://www.housingwire.com/articles/from-loan-pools-to-consumer-wallets-the-ripple-effects-of-credit-score-lender-choice/",
      "published": "Mon, 16 Mar 2026"
    },
    {
      "title": "Housing demand still positive, but for how long with rising rates?",
      "link": "https://www.housingwire.com/articles/mortgage-rates-6-41-volatility/",
      "published": "Sat, 14 Mar 2026"
    },
    {
      "title": "Local investors outpace builders in delivering starter homes",
      "link": "https://www.housingwire.com/articles/local-investors-builders-starter-homes-new-western/",
      "published": "Fri, 13 Mar 2026"
    },
    {
      "title": "Letting Home Sellers Test the Waters Before Listing Could Boost Housing Supply as Much as 12%",
      "link": "https://www.redfin.com/news/private-exclusive-inventory-increase/",
      "published": "Fri, 13 Mar 2026"
    },
    {
      "title": "Methodology: Inventory Impact of Phased Marketing",
      "link": "https://www.redfin.com/news/methodology-inventory-impact-of-phased-marketing/",
      "published": "Fri, 13 Mar 2026"
    },
    {
      "title": "Mortgage Rates Jump to Six-Month High as Inflation Fears, Iran War Rattle Markets",
      "link": "https://www.redfin.com/news/mortgage-rates-jump-march-13/",
      "published": "Fri, 13 Mar 2026"
    },
    {
      "title": "1 in 5 Homeowners With a Mortgage Could Save Money By Refinancing–But Few Are Taking the Plunge",
      "link": "https://www.redfin.com/news/refi-take-up-rate-2026/",
      "published": "Thu, 12 Mar 2026"
    },
    {
      "title": "More Sellers Test the Market, Hoping For a Spring Surge in Homebuyers",
      "link": "https://www.redfin.com/news/housing-market-update-more-sellers-test-market/",
      "published": "Thu, 12 Mar 2026"
    },
    {
      "title": "Iran Conflict Stalls Big Purchases Like Homes and Cars For 1 in 4 Americans; Most Are Undeterred",
      "link": "https://www.redfin.com/news/iran-conflict-homebuying-plans/",
      "published": "Wed, 11 Mar 2026"
    }
  ],
  "feed_101020": {
    "macro": [
      {
        "title": "From loan pools to consumer wallets: The ripple effects of credit score lender choice",
        "url": "https://www.housingwire.com/articles/from-loan-pools-to-consumer-wallets-the-ripple-effects-of-credit-score-lender-choice/",
        "what": "On January 15, 2026, the FHFA provided documentation to the Housing Policy Council (HPC) in response to a Freedom of Information Act (FOIA) request made in July of 2023",
        "numbers": "15,, 2026,, 2023., 10, 4.0",
        "justified": "housingwire.com — https://www.housingwire.com/articles/from-loan-pools-to-consumer-wallets-the-ripple-effects-of-credit-score-lender-choice/",
        "why": "Inventory and velocity drive pricing power and volume.",
        "market": "Rising inventory/DOM tilts to buyers; tight supply supports prices."
      },
      {
        "title": "Housing demand still positive, but for how long with rising rates?",
        "url": "https://www.housingwire.com/articles/mortgage-rates-6-41-volatility/",
        "what": "Rates rose above 6.25% and ended the week at 6.41% as spreads worsened while the 10-year yield neared its yearly high.",
        "numbers": "6.25, 6.41, 10",
        "justified": "housingwire.com — https://www.housingwire.com/articles/mortgage-rates-6-41-volatility/",