{
  "as_of": "2025-11-18 14:35 UTC",
  "macro": {
    "spx": null,
    "ten_year": {
      "yield_pct": 4.14,
      "delta_bp_1d": 2.999999999999936
    },
    "mortgage_30y": {
      "rate_pct": 6.24,
      "delta_bp_wow": 2.000000000000046
    },
    "starts": {
      "level_saar": 1307.0,
      "mom": -0.08537438768369487
    }
  },
  "permits": {
    "florida": {
      "latest": 13594,
      "latest_date": "2025-08",
      "mom": -0.0727781188186345,
      "yoy": -0.13226094727435211,
      "ytd": -0.026868417713488135,
      "ytd_count": 122708,
      "latest_year": 2025,
      "latest_month_name": "Aug"
    },
    "msa": {
      "Orlando–Kissimmee–Sanford": {
        "total": {
          "latest": 1649,
          "latest_year": 2025,
          "latest_month": 8,
          "latest_month_name": "Aug",
          "mom": -0.20797310278578285,
          "yoy": -0.16336884830035514,
          "ytd_yoy": 0.20390428982314424,
          "ytd_count": 19673
        },
        "one_unit": {
          "latest": 927,
          "latest_year": 2025,
          "latest_month": 8,
          "latest_month_name": "Aug",
          "mom": -0.12793979303857006,
          "yoy": -0.382,
          "ytd_yoy": 0.008284136354979932,
          "ytd_count": 10589
        },
        "dom": {
          "days": 81,
          "yoy": 0.17391304347826098,
          "as_of": "2025-10"
        }
      },
      "Tampa–St. Petersburg–Clearwater": {
        "total": {
          "latest": 2908,
          "latest_year": 2025,
          "latest_month": 8,
          "latest_month_name": "Aug",
          "mom": 0.6645678305666858,
          "yoy": 0.465725806451613,
          "ytd_yoy": -0.06499153020892157,
          "ytd_count": 16559
        },
        "one_unit": {
          "latest": 1324,
          "latest_year": 2025,
          "latest_month": 8,
          "latest_month_name": "Aug",
          "mom": 0.16140350877192988,
          "yoy": 0.2526017029328287,
          "ytd_yoy": -0.09323079844298865,
          "ytd_count": 9551
        },
        "dom": {
          "days": 79,
          "yoy": 0.09722222222222232,
          "as_of": "2025-10"
        }
      },
      "Ocala": {
        "total": {
          "latest": 461,
          "latest_year": 2025,
          "latest_month": 8,
          "latest_month_name": "Aug",
          "mom": 0.0453514739229024,
          "yoy": 0.0453514739229024,
          "ytd_yoy": -0.1361718450326045,
          "ytd_count": 4504
        },
        "one_unit": {
          "latest": 451,
          "latest_year": 2025,
          "latest_month": 8,
          "latest_month_name": "Aug",
          "mom": 0.09200968523002429,
          "yoy": 0.0562060889929743,
          "ytd_yoy": -0.12195652173913041,
          "ytd_count": 4039
        },
        "dom": {
          "days": 78,
          "yoy": 0.11428571428571432,
          "as_of": "2025-10"
        }
      },
      "Palm Bay–Melbourne–Titusville": {
        "total": {
          "latest": 391,
          "latest_year": 2025,
          "latest_month": 8,
          "latest_month_name": "Aug",
          "mom": -0.28519195612431447,
          "yoy": 0.3076923076923077,
          "ytd_yoy": 0.03214156735283491,
          "ytd_count": 2858
        },
        "one_unit": {
          "latest": 239,
          "latest_year": 2025,
          "latest_month": 8,
          "latest_month_name": "Aug",
          "mom": -0.13090909090909086,
          "yoy": -0.2006688963210702,
          "ytd_yoy": -0.10545165141265422,
          "ytd_count": 2248
        },
        "dom": {
          "days": 75,
          "yoy": 0.08695652173913038,
          "as_of": "2025-10"
        }
      }
    }
  },
  "watchlist": [],
  "feed": [
    {
      "title": "October’s Most Expensive Home Sales Include Adam Levine’s Former Montecito Compound",
      "link": "https://www.redfin.com/news/most-expensive-home-sales-october-2025/",
      "published": "Tue, 18 Nov 2025"
    },
    {
      "title": "The U.S. Housing Market Is Stuck, With Sales and Listings Barely Budging",
      "link": "https://www.redfin.com/news/housing-market-plateauing-october-2025/",
      "published": "Tue, 18 Nov 2025"
    },
    {
      "title": "U.S. Home Prices Rose 0.3% in October",
      "link": "https://www.redfin.com/news/home-price-index-october-2025/",
      "published": "Tue, 18 Nov 2025"
    },
    {
      "title": "Redfin Economists’ Weekly Take: Lack of Fresh Economic Data May Prevent December Rate Cut",
      "link": "https://www.redfin.com/news/weekly-economics-update-november-17/",
      "published": "Mon, 17 Nov 2025"
    },
    {
      "title": "How a 50-Year Mortgage Would Differ From a 30-Year Mortgage—and What It Would Mean for Homebuyers",
      "link": "https://www.redfin.com/news/50-year-mortgage-explained/",
      "published": "Fri, 14 Nov 2025"
    },
    {
      "title": "Redfin Debuts Conversational Search to Reinvent How You Find Homes",
      "link": "https://www.redfin.com/news/redfin-debuts-conversational-search/",
      "published": "Thu, 13 Nov 2025"
    }
  ],
  "feed_101020": {
    "macro": [
      {
        "title": "The U.S. Housing Market Is Stuck, With Sales and Listings Barely Budging",
        "url": "https://www.redfin.com/news/housing-market-plateauing-october-2025/",
        "what": "Home sales and new listings were little changed from a month and a year earlier in October, and prices have also shown signs of flattening",
        "numbers": "1.5",
        "justified": "redfin.com — https://www.redfin.com/news/housing-market-plateauing-october-2025/",
        "why": "Price trend signals wealth effects and buyer/seller power.",
        "market": "Firm prices help builder margins; softness hits comps and sentiment."
      },
      {
        "title": "Redfin Economists’ Weekly Take: Lack of Fresh Economic Data May Prevent December Rate Cut",
        "url": "https://www.redfin.com/news/weekly-economics-update-november-17/",
        "what": "This Week In A Nutshell With the government open, mortgage rates may wobble as we digest the September jobs report this Thursday and hear from the statistical agencies about what fresh data will be arriving before the December 10 Fed meeting",
        "numbers": "10",
        "justified": "redfin.com — https://www.redfin.com/news/weekly-economics-update-november-17/",
        "why": "Rates & inflation shape discount rates and housing affordability.",
        "market": "Lower rates support demand/valuations; higher rates pressure builders/REITs and slow transactions."
      }
    ],
    "housing": [
      {
        "title": "October’s Most Expensive Home Sales Include Adam Levine’s Former Montecito Compound",
        "url": "https://www.redfin.com/news/most-expensive-home-sales-october-2025/",
        "what": "California and Florida dominated October’s ultra-luxury housing market, with oceanfront estates and celebrity homes going for more than $30 million",
        "numbers": "$30 million, $59 million, 5",
        "justified": "redfin.com — https://www.redfin.com/news/most-expensive-home-sales-october-2025/",
        "why": "Inventory and velocity drive pricing power and volume.",
        "market": "Rising inventory/DOM tilts to buyers; tight supply supports prices."
      },
      {
        "title": "U.S. Home Prices Rose 0.3% in October",
        "url": "https://www.redfin.com/news/home-price-index-october-2025/",
        "what": "U.S",
        "numbers": "0.3, 2.9, 3.1, 2012., 14, 50",
        "justified": "redfin.com — https://www.redfin.com/news/home-price-index-october-2025/",
        "why": "Price trend signals wealth effects and buyer/seller power.",
        "market": "Firm prices help builder margins; softness hits comps and sentiment."
      },
      {
        "title": "How a 50-Year Mortgage Would Differ From a 30-Year Mortgage—and What It Would Mean for Homebuyers",
        "url": "https://www.redfin.com/news/50-year-mortgage-explained/",