{
  "as_of": "2026-05-27 19:32 UTC",
  "macro": {
    "spx": null,
    "ten_year": {
      "yield_pct": 4.56,
      "delta_bp_1d": -1.0000000000000675
    },
    "mortgage_30y": {
      "rate_pct": 6.51,
      "delta_bp_wow": 14.999999999999947
    },
    "starts": {
      "level_saar": 1465.0,
      "mom": -0.02786994027869938
    }
  },
  "permits": {
    "florida": {
      "latest": 12449,
      "latest_date": "2026-03",
      "mom": 0.03054635761589397,
      "yoy": -0.15719991875973194,
      "ytd": -0.23309677419354835,
      "ytd_count": 35661,
      "latest_year": 2026,
      "latest_month_name": "Mar"
    },
    "msa": {
      "Orlando–Kissimmee–Sanford": {
        "total": {
          "latest": 1432,
          "latest_year": 2026,
          "latest_month": 3,
          "latest_month_name": "Mar",
          "mom": 0.07426856714178554,
          "yoy": -0.5466919911364356,
          "ytd_yoy": -0.542715777899945,
          "ytd_count": 4159
        },
        "one_unit": {
          "latest": 1122,
          "latest_year": 2026,
          "latest_month": 3,
          "latest_month_name": "Mar",
          "mom": 0.2411504424778761,
          "yoy": -0.1816192560175055,
          "ytd_yoy": -0.2602331927561399,
          "ytd_count": 2982
        },
        "dom": {
          "days": 68,
          "yoy": 0.09677419354838701,
          "as_of": "2026-04"
        }
      },
      "Tampa–St. Petersburg–Clearwater": {
        "total": {
          "latest": 1586,
          "latest_year": 2026,
          "latest_month": 3,
          "latest_month_name": "Mar",
          "mom": -0.10698198198198194,
          "yoy": 0.1696165191740413,
          "ytd_yoy": -0.12903225806451613,
          "ytd_count": 4617
        },
        "one_unit": {
          "latest": 1176,
          "latest_year": 2026,
          "latest_month": 3,
          "latest_month_name": "Mar",
          "mom": 0.01906412478336228,
          "yoy": -0.028099173553719048,
          "ytd_yoy": 0.08082706766917291,
          "ytd_count": 3450
        },
        "dom": {
          "days": 67,
          "yoy": 0.15517241379310343,
          "as_of": "2026-04"
        }
      },
      "Ocala": {
        "total": {
          "latest": 618,
          "latest_year": 2026,
          "latest_month": 3,
          "latest_month_name": "Mar",
          "mom": 0.006514657980456029,
          "yoy": -0.07067669172932334,
          "ytd_yoy": -0.09677419354838712,
          "ytd_count": 1736
        },
        "one_unit": {
          "latest": 618,
          "latest_year": 2026,
          "latest_month": 3,
          "latest_month_name": "Mar",
          "mom": 0.04391891891891886,
          "yoy": 0.08231173380035028,
          "ytd_yoy": -0.033067274800456126,
          "ytd_count": 1696
        },
        "dom": {
          "days": 75,
          "yoy": 0.13636363636363646,
          "as_of": "2026-04"
        }
      },
      "Palm Bay–Melbourne–Titusville": {
        "total": {
          "latest": 330,
          "latest_year": 2026,
          "latest_month": 3,
          "latest_month_name": "Mar",
          "mom": 0.346938775510204,
          "yoy": 0.13793103448275867,
          "ytd_yoy": -0.22699999999999998,
          "ytd_count": 773
        },
        "one_unit": {
          "latest": 330,
          "latest_year": 2026,
          "latest_month": 3,
          "latest_month_name": "Mar",
          "mom": 0.346938775510204,
          "yoy": 0.13793103448275867,
          "ytd_yoy": -0.06416464891041163,
          "ytd_count": 773
        },
        "dom": {
          "days": 67,
          "yoy": 0.09836065573770503,
          "as_of": "2026-04"
        }
      }
    }
  },
  "watchlist": [],
  "feed": [
    {
      "title": "Zillow, MRED face July 1 hearing after restraining order on feeds",
      "link": "https://www.housingwire.com/articles/zillow-mred-discovery-schedule/",
      "published": "Wed, 27 May 2026"
    },
    {
      "title": "Title companies may still have to follow anti-money laundering rule after FinCEN appeal",
      "link": "https://www.housingwire.com/articles/title-companies-may-still-have-to-follow-anti-money-laundering-rule-after-fincen-appeal/",
      "published": "Wed, 27 May 2026"
    },
    {
      "title": "Realtracs may suspend Zillow listing feed on June 1 over IDX rules",
      "link": "https://www.housingwire.com/articles/realtracs-zillow-idx-feed/",
      "published": "Wed, 27 May 2026"
    },
    {
      "title": "Housing markets are adapting to higher rates instead of freezing",
      "link": "https://www.housingwire.com/articles/housing-markets-adapting-to-higher-rates/",
      "published": "Wed, 27 May 2026"
    },
    {
      "title": "Insurer Nationwide Mutual claims consumer confusion in trademark suit against lender",
      "link": "https://www.housingwire.com/articles/nationwide-sues-mortgage-bankers/",
      "published": "Wed, 27 May 2026"
    },
    {
      "title": "OnCourse Learning rolls out AI tools for mortgage education, LO exam prep",
      "link": "https://www.housingwire.com/articles/oncourse-learning-ai-tools-mortgage-education-mlo-exam-prep/",
      "published": "Wed, 27 May 2026"
    },
    {
      "title": "29% of U.S. Homebuyers Paid Cash in March–the Lowest Share For That Month Since 2020",
      "link": "https://www.redfin.com/news/all-cash-homebuyers-march-2026/",
      "published": "Wed, 27 May 2026"
    },
    {
      "title": "How Designers and Real Estate Pros Use Facebook Marketplace to Add Character to a Home",
      "link": "https://www.redfin.com/news/facebook-marketplace-secondhand-interior-design/",
      "published": "Tue, 26 May 2026"
    },
    {
      "title": "Mortgage Rates Remain Tied to Iran War, Oil Prices",
      "link": "https://www.redfin.com/news/weekly-economic-update-may-26-2026/",
      "published": "Tue, 26 May 2026"
    },
    {
      "title": "The Income Needed to Afford a Home Declined For Seventh Straight Month in April",
      "link": "https://www.redfin.com/news/income-needed-to-buy-home-declines/",
      "published": "Tue, 26 May 2026"
    },
    {
      "title": "Luxury Home Prices Rise Amid Uptick in High-End Homebuying and Selling",
      "link": "https://www.redfin.com/news/luxury-housing-market-april-2026/",
      "published": "Tue, 26 May 2026"
    },
    {
      "title": "Price Point: The Typical U.S. Home Costs $400,000. Here’s What That Buys in 3 Cities",
      "link": "https://www.redfin.com/news/price-point-what-400000-buys-around-united-states/",
      "published": "Fri, 22 May 2026"
    }
  ],
  "feed_101020": {
    "macro": [
      {
        "title": "Housing markets are adapting to higher rates instead of freezing",
        "url": "https://www.housingwire.com/articles/housing-markets-adapting-to-higher-rates/",
        "what": "HousingWire data shows housing markets adapting to higher rates as sellers adjust pricing and transaction activity holds up.",
        "numbers": "",
        "justified": "housingwire.com — https://www.housingwire.com/articles/housing-markets-adapting-to-higher-rates/",
        "why": "Rates & inflation shape discount rates and housing affordability.",
        "market": "Lower rates support demand/valuations; higher rates pressure builders/REITs and slow transactions."
      },
      {
        "title": "29% of U.S. Homebuyers Paid Cash in March–the Lowest Share For That Month Since 2020",
        "url": "https://www.redfin.com/news/all-cash-homebuyers-march-2026/",
        "what": "With hundreds of thousands more home sellers than buyers in the market, fewer house hunters feel inclined to make cash offers to stand out in bidding wars",
        "numbers": "10, 28.8, 29, 2020",
        "justified": "redfin.com — https://www.redfin.com/news/all-cash-homebuyers-march-2026/",
        "why": "Relevant development for housing and markets.",