{
  "as_of": "2026-01-24 13:43 UTC",
  "macro": {
    "spx": null,
    "ten_year": {
      "yield_pct": 4.26,
      "delta_bp_1d": 0.0
    },
    "mortgage_30y": {
      "rate_pct": 6.09,
      "delta_bp_wow": 3.000000000000025
    },
    "starts": {
      "level_saar": 1246.0,
      "mom": -0.04594180704441042
    }
  },
  "permits": {
    "florida": {
      "latest": 15200,
      "latest_date": "2025-10",
      "mom": 0.13832097655957454,
      "yoy": 0.14268531047962707,
      "ytd": -0.0034062907667777864,
      "ytd_count": 151261,
      "latest_year": 2025,
      "latest_month_name": "Oct"
    },
    "msa": {
      "Orlando–Kissimmee–Sanford": {
        "total": {
          "latest": 2471,
          "latest_year": 2025,
          "latest_month": 10,
          "latest_month_name": "Oct",
          "mom": 0.2208498023715415,
          "yoy": 0.505789152955515,
          "ytd_yoy": 0.2098518221866239,
          "ytd_count": 24168
        },
        "one_unit": {
          "latest": 1094,
          "latest_year": 2025,
          "latest_month": 10,
          "latest_month_name": "Oct",
          "mom": 0.27803738317757,
          "yoy": -0.09060681629260181,
          "ytd_yoy": -0.03620292083013066,
          "ytd_count": 12539
        },
        "dom": {
          "days": 83,
          "yoy": 0.03750000000000009,
          "as_of": "2025-12"
        }
      },
      "Tampa–St. Petersburg–Clearwater": {
        "total": {
          "latest": 2427,
          "latest_year": 2025,
          "latest_month": 10,
          "latest_month_name": "Oct",
          "mom": 0.5360759493670886,
          "yoy": 1.2939508506616257,
          "ytd_yoy": 0.04073680481757003,
          "ytd_count": 20566
        },
        "one_unit": {
          "latest": 1287,
          "latest_year": 2025,
          "latest_month": 10,
          "latest_month_name": "Oct",
          "mom": 0.2130065975494817,
          "yoy": 0.5,
          "ytd_yoy": -0.015960965927886206,
          "ytd_count": 11899
        },
        "dom": {
          "days": 80,
          "yoy": 0.11111111111111116,
          "as_of": "2025-12"
        }
      },
      "Ocala": {
        "total": {
          "latest": 470,
          "latest_year": 2025,
          "latest_month": 10,
          "latest_month_name": "Oct",
          "mom": 0.09557109557109555,
          "yoy": -0.010526315789473717,
          "ytd_yoy": -0.13937559732398852,
          "ytd_count": 5403
        },
        "one_unit": {
          "latest": 444,
          "latest_year": 2025,
          "latest_month": 10,
          "latest_month_name": "Oct",
          "mom": 0.21643835616438367,
          "yoy": -0.0326797385620915,
          "ytd_yoy": -0.1404255319148936,
          "ytd_count": 4848
        },
        "dom": {
          "days": 87,
          "yoy": 0.15999999999999992,
          "as_of": "2025-12"
        }
      },
      "Palm Bay–Melbourne–Titusville": {
        "total": {
          "latest": 343,
          "latest_year": 2025,
          "latest_month": 10,
          "latest_month_name": "Oct",
          "mom": -0.46406250000000004,
          "yoy": -0.51,
          "ytd_yoy": -0.004406428201140455,
          "ytd_count": 3841
        },
        "one_unit": {
          "latest": 343,
          "latest_year": 2025,
          "latest_month": 10,
          "latest_month_name": "Oct",
          "mom": 0.26102941176470584,
          "yoy": 0.026946107784431073,
          "ytd_yoy": -0.11307311028500622,
          "ytd_count": 2863
        },
        "dom": {
          "days": 78,
          "yoy": 0.040000000000000036,
          "as_of": "2025-12"
        }
      }
    }
  },
  "watchlist": [],
  "feed": [
    {
      "title": "Don’t count on the ‘silver tsunami’ for housing inventory surge",
      "link": "https://www.housingwire.com/articles/silver-tsunami-housing-inventory/",
      "published": "Fri, 23 Jan 2026"
    },
    {
      "title": "Senior home equity surges to record $14.7T",
      "link": "https://www.housingwire.com/articles/senior-home-equity-q3-2025/",
      "published": "Fri, 23 Jan 2026"
    },
    {
      "title": "Americans are moving less frequently — and staying closer to home",
      "link": "https://www.housingwire.com/articles/regional-migration-trends/",
      "published": "Fri, 23 Jan 2026"
    },
    {
      "title": "TikTok forms US entity, easing social media marketing concerns for mortgage pros",
      "link": "https://www.housingwire.com/articles/tiktok-us-joint-venture/",
      "published": "Fri, 23 Jan 2026"
    },
    {
      "title": "California housing reform faces new test as LA Metro resists transit zoning law",
      "link": "https://www.housingwire.com/articles/la-transit-housing-reform/",
      "published": "Fri, 23 Jan 2026"
    },
    {
      "title": "CrossCountry Mortgage hires Sam Sharp as regional EVP in Chicago",
      "link": "https://www.housingwire.com/articles/sam-sharp-crosscountry-mortgage/",
      "published": "Fri, 23 Jan 2026"
    },
    {
      "title": "Homebuying and Selling Activity Show Signs of Life Amid Lower Mortgage Rates",
      "link": "https://www.redfin.com/news/housing-market-update-homebuying-selling-improves-slightly/",
      "published": "Thu, 22 Jan 2026"
    },
    {
      "title": "Conversational Search is Now Available on the Redfin iPhone App",
      "link": "https://www.redfin.com/news/conversational-search-is-now-available-on-the-redfin-iphone-app/",
      "published": "Thu, 22 Jan 2026"
    },
    {
      "title": "Trump Showcases Housing Affordability Proposals at Davos: Banning Corporate Landlords, $200B Mortgage-Bond Purchase",
      "link": "https://www.redfin.com/news/trump-davos-housing-reforms/",
      "published": "Wed, 21 Jan 2026"
    },
    {
      "title": "Redfin Economists’ Weekly Take: Rates Climb, All Eyes On Trump’s Davos Housing Agenda",
      "link": "https://www.redfin.com/news/weekly-economic-update-davos-housing/",
      "published": "Tue, 20 Jan 2026"
    },
    {
      "title": "Home Sellers Outnumber Buyers By a Record Margin, Upping Buyers’ Bargaining Power",
      "link": "https://www.redfin.com/news/buyers-vs-sellers-december-2025/",
      "published": "Tue, 20 Jan 2026"
    },
    {
      "title": "U.S. Home Prices Inched Up 0.1% in December",
      "link": "https://www.redfin.com/news/home-price-index-december-2025/",
      "published": "Tue, 20 Jan 2026"
    }
  ],
  "feed_101020": {
    "macro": [
      {
        "title": "FHFA reports clean GAO audit for fiscal year 2025",
        "url": "https://www.housingwire.com/articles/fhfa-2025-audit-results/",
        "what": "The Federal Housing Finance Agency’s 2025 report shows $518.4 million in assets, a $199.2 million net position and a clean GAO audit.",
        "numbers": "2025, $518.4 million, $199.2 million",
        "justified": "housingwire.com — https://www.housingwire.com/articles/fhfa-2025-audit-results/",
        "why": "Rates & inflation shape discount rates and housing affordability.",
        "market": "Lower rates support demand/valuations; higher rates pressure builders/REITs and slow transactions."
      },
      {
        "title": "Homebuying and Selling Activity Show Signs of Life Amid Lower Mortgage Rates",
        "url": "https://www.redfin.com/news/housing-market-update-homebuying-selling-improves-slightly/",
        "what": "The weekly average mortgage rate fell to a 3-year low, nudging some house hunters and sellers off the sidelines",
        "numbers": "3, 2.9, 18,, 5",
        "justified": "redfin.com — https://www.redfin.com/news/housing-market-update-homebuying-selling-improves-slightly/",
        "why": "Rates & inflation shape discount rates and housing affordability.",
        "market": "Lower rates support demand/valuations; higher rates pressure builders/REITs and slow transactions."
      },
      {
        "title": "Trump Showcases Housing Affordability Proposals at Davos: Banning Corporate Landlords, $200B Mortgage-Bond Purchase",