{
  "as_of": "2025-12-29 17:33 UTC",
  "macro": {
    "spx": null,
    "ten_year": {
      "yield_pct": 4.17,
      "delta_bp_1d": 0.9999999999999787
    },
    "mortgage_30y": {
      "rate_pct": 6.18,
      "delta_bp_wow": -3.000000000000025
    },
    "starts": {
      "level_saar": 1307.0,
      "mom": -0.08537438768369487
    }
  },
  "permits": {
    "florida": {
      "latest": 13594,
      "latest_date": "2025-08",
      "mom": -0.0727781188186345,
      "yoy": -0.13226094727435211,
      "ytd": -0.026868417713488135,
      "ytd_count": 122708,
      "latest_year": 2025,
      "latest_month_name": "Aug"
    },
    "msa": {
      "Orlando–Kissimmee–Sanford": {
        "total": {
          "latest": 1649,
          "latest_year": 2025,
          "latest_month": 8,
          "latest_month_name": "Aug",
          "mom": -0.20797310278578285,
          "yoy": -0.16336884830035514,
          "ytd_yoy": 0.20390428982314424,
          "ytd_count": 19673
        },
        "one_unit": {
          "latest": 927,
          "latest_year": 2025,
          "latest_month": 8,
          "latest_month_name": "Aug",
          "mom": -0.12793979303857006,
          "yoy": -0.382,
          "ytd_yoy": 0.008284136354979932,
          "ytd_count": 10589
        },
        "dom": {
          "days": 80,
          "yoy": 0.09589041095890405,
          "as_of": "2025-11"
        }
      },
      "Tampa–St. Petersburg–Clearwater": {
        "total": {
          "latest": 2908,
          "latest_year": 2025,
          "latest_month": 8,
          "latest_month_name": "Aug",
          "mom": 0.6645678305666858,
          "yoy": 0.465725806451613,
          "ytd_yoy": -0.06499153020892157,
          "ytd_count": 16559
        },
        "one_unit": {
          "latest": 1324,
          "latest_year": 2025,
          "latest_month": 8,
          "latest_month_name": "Aug",
          "mom": 0.16140350877192988,
          "yoy": 0.2526017029328287,
          "ytd_yoy": -0.09323079844298865,
          "ytd_count": 9551
        },
        "dom": {
          "days": 78,
          "yoy": 0.054054054054053946,
          "as_of": "2025-11"
        }
      },
      "Ocala": {
        "total": {
          "latest": 461,
          "latest_year": 2025,
          "latest_month": 8,
          "latest_month_name": "Aug",
          "mom": 0.0453514739229024,
          "yoy": 0.0453514739229024,
          "ytd_yoy": -0.1361718450326045,
          "ytd_count": 4504
        },
        "one_unit": {
          "latest": 451,
          "latest_year": 2025,
          "latest_month": 8,
          "latest_month_name": "Aug",
          "mom": 0.09200968523002429,
          "yoy": 0.0562060889929743,
          "ytd_yoy": -0.12195652173913041,
          "ytd_count": 4039
        },
        "dom": {
          "days": 79,
          "yoy": 0.12857142857142856,
          "as_of": "2025-11"
        }
      },
      "Palm Bay–Melbourne–Titusville": {
        "total": {
          "latest": 391,
          "latest_year": 2025,
          "latest_month": 8,
          "latest_month_name": "Aug",
          "mom": -0.28519195612431447,
          "yoy": 0.3076923076923077,
          "ytd_yoy": 0.03214156735283491,
          "ytd_count": 2858
        },
        "one_unit": {
          "latest": 239,
          "latest_year": 2025,
          "latest_month": 8,
          "latest_month_name": "Aug",
          "mom": -0.13090909090909086,
          "yoy": -0.2006688963210702,
          "ytd_yoy": -0.10545165141265422,
          "ytd_count": 2248
        },
        "dom": {
          "days": 74,
          "yoy": 0.04225352112676051,
          "as_of": "2025-11"
        }
      }
    }
  },
  "watchlist": [],
  "feed": [
    {
      "title": "How long does it take to save for a down payment in 2025?",
      "link": "https://www.housingwire.com/articles/down-payment-savings-timeline-2025/",
      "published": "Mon, 29 Dec 2025"
    },
    {
      "title": "RMLS Alliance becomes Broker Public Portal shareholder, expands reach via Cribio",
      "link": "https://www.housingwire.com/articles/rmls-alliance-bpp-cribio-listings/",
      "published": "Mon, 29 Dec 2025"
    },
    {
      "title": "Pending home sales rise in November as lower rates spur buyers",
      "link": "https://www.housingwire.com/articles/pending-home-sales-november/",
      "published": "Mon, 29 Dec 2025"
    },
    {
      "title": "Innovations in reverse mortgage lending will drive growth in 2026",
      "link": "https://www.housingwire.com/articles/reverse-mortgage-growth-2026/",
      "published": "Mon, 29 Dec 2025"
    },
    {
      "title": "WFG’s Don O’Neill on FinCEN, rate scrutiny and title compliance",
      "link": "https://www.housingwire.com/articles/fincen-title-insurance-2025/",
      "published": "Mon, 29 Dec 2025"
    },
    {
      "title": "Bank statement loans: More mortgage options for self-employed buyers and homeowners as rates ease",
      "link": "https://www.housingwire.com/articles/bank-statement-loans-more-mortgage-options-for-self-employed-buyers-and-homeowners-as-rates-ease/",
      "published": "Mon, 29 Dec 2025"
    },
    {
      "title": "The U.S. Housing Market Has 37% More Sellers Than Buyers—More Than Double Last Year’s Gap",
      "link": "https://www.redfin.com/news/buyers-vs-sellers-november-2025/",
      "published": "Tue, 23 Dec 2025"
    },
    {
      "title": "U.S. Home Prices Ticked Up 0.2% in November",
      "link": "https://www.redfin.com/news/home-price-index-november-2025/",
      "published": "Tue, 23 Dec 2025"
    },
    {
      "title": "Western New York Is the Most Competitive Place to Buy a Home in America",
      "link": "https://www.redfin.com/news/most-competitive-housing-markets-2025/",
      "published": "Tue, 23 Dec 2025"
    },
    {
      "title": "Redfin Economists’ Weekly Take: Mortgage Rates Remain Steady Despite Problematic Inflation, Jobs Reports",
      "link": "https://www.redfin.com/news/mortgage-rates-steady-economic-data-issues/",
      "published": "Mon, 22 Dec 2025"
    },
    {
      "title": "Home Sellers Retreat, With Supply Posting Biggest Decline Since 2023",
      "link": "https://www.redfin.com/news/housing-supply-falls-november-2025/",
      "published": "Mon, 22 Dec 2025"
    },
    {
      "title": "Mortgage Rates Stay Relatively Flat After Noisy Inflation Data",
      "link": "https://www.redfin.com/news/mortgage-rates-steady-noisy-inflation-data/",
      "published": "Thu, 18 Dec 2025"
    }
  ],
  "feed_101020": {
    "macro": [
      {
        "title": "Pending home sales rise in November as lower rates spur buyers",
        "url": "https://www.housingwire.com/articles/pending-home-sales-november/",
        "what": "Pending home sales rose 3.3% in November, with NAR’s index hitting a reading of 79.2, and all regions posting monthly and annual gains.",
        "numbers": "3.3, 79.2,",
        "justified": "housingwire.com — https://www.housingwire.com/articles/pending-home-sales-november/",
        "why": "Rates & inflation shape discount rates and housing affordability.",
        "market": "Lower rates support demand/valuations; higher rates pressure builders/REITs and slow transactions."
      },
      {
        "title": "Bank statement loans: More mortgage options for self-employed buyers and homeowners as rates ease",
        "url": "https://www.housingwire.com/articles/bank-statement-loans-more-mortgage-options-for-self-employed-buyers-and-homeowners-as-rates-ease/",
        "what": "If you’re self-employed, paid on commission, or run a business, you already know the frustration: you can have strong cash flow, great credit, and real assets—yet a traditional mor",
        "numbers": "",
        "justified": "housingwire.com — https://www.housingwire.com/articles/bank-statement-loans-more-mortgage-options-for-self-employed-buyers-and-homeowners-as-rates-ease/",
        "why": "Rates & inflation shape discount rates and housing affordability.",