{
  "as_of": "2026-04-07 19:31 UTC",
  "macro": {
    "spx": null,
    "ten_year": {
      "yield_pct": 4.35,
      "delta_bp_1d": 4.0000000000000036
    },
    "mortgage_30y": {
      "rate_pct": 6.46,
      "delta_bp_wow": 8.000000000000007
    },
    "starts": {
      "level_saar": 1487.0,
      "mom": 0.07209805335255948
    }
  },
  "permits": {
    "florida": {
      "latest": 11132,
      "latest_date": "2026-01",
      "mom": -0.15794251134644477,
      "yoy": -0.3402086296823139,
      "ytd": -0.3402086296823139,
      "ytd_count": 11132,
      "latest_year": 2026,
      "latest_month_name": "Jan"
    },
    "msa": {
      "Orlando–Kissimmee–Sanford": {
        "total": {
          "latest": 1394,
          "latest_year": 2026,
          "latest_month": 1,
          "latest_month_name": "Jan",
          "mom": -0.3611365719523373,
          "yoy": -0.6161894273127753,
          "ytd_yoy": -0.6161894273127753,
          "ytd_count": 1394
        },
        "one_unit": {
          "latest": 956,
          "latest_year": 2026,
          "latest_month": 1,
          "latest_month_name": "Jan",
          "mom": 0.10520231213872822,
          "yoy": -0.3137114142139268,
          "ytd_yoy": -0.3137114142139268,
          "ytd_count": 956
        },
        "dom": {
          "days": 67,
          "yoy": 0.1166666666666667,
          "as_of": "2026-03"
        }
      },
      "Tampa–St. Petersburg–Clearwater": {
        "total": {
          "latest": 1255,
          "latest_year": 2026,
          "latest_month": 1,
          "latest_month_name": "Jan",
          "mom": 0.017842660178426506,
          "yoy": -0.42219152854511965,
          "ytd_yoy": -0.42219152854511965,
          "ytd_count": 1255
        },
        "one_unit": {
          "latest": 1120,
          "latest_year": 2026,
          "latest_month": 1,
          "latest_month_name": "Jan",
          "mom": 0.20042872454448024,
          "yoy": 0.02658111824014675,
          "ytd_yoy": 0.02658111824014675,
          "ytd_count": 1120
        },
        "dom": {
          "days": 66,
          "yoy": 0.1578947368421053,
          "as_of": "2026-03"
        }
      },
      "Ocala": {
        "total": {
          "latest": 504,
          "latest_year": 2026,
          "latest_month": 1,
          "latest_month_name": "Jan",
          "mom": 0.23529411764705888,
          "yoy": -0.2186046511627907,
          "ytd_yoy": -0.2186046511627907,
          "ytd_count": 504
        },
        "one_unit": {
          "latest": 486,
          "latest_year": 2026,
          "latest_month": 1,
          "latest_month_name": "Jan",
          "mom": 0.21500000000000008,
          "yoy": -0.18592964824120606,
          "ytd_yoy": -0.18592964824120606,
          "ytd_count": 486
        },
        "dom": {
          "days": 74,
          "yoy": 0.1212121212121211,
          "as_of": "2026-03"
        }
      },
      "Palm Bay–Melbourne–Titusville": {
        "total": {
          "latest": 198,
          "latest_year": 2026,
          "latest_month": 1,
          "latest_month_name": "Jan",
          "mom": -0.6292134831460674,
          "yoy": -0.5560538116591929,
          "ytd_yoy": -0.5560538116591929,
          "ytd_count": 198
        },
        "one_unit": {
          "latest": 198,
          "latest_year": 2026,
          "latest_month": 1,
          "latest_month_name": "Jan",
          "mom": -0.2639405204460966,
          "yoy": -0.28776978417266186,
          "ytd_yoy": -0.28776978417266186,
          "ytd_count": 198
        },
        "dom": {
          "days": 64,
          "yoy": 0.0847457627118644,
          "as_of": "2026-03"
        }
      }
    }
  },
  "watchlist": [],
  "feed": [
    {
      "title": "Mortgage rates level off, but is 6.5% the new normal?",
      "link": "https://www.housingwire.com/articles/mortgage-rates-near-6-5-iran-volatility/",
      "published": "Tue, 07 Apr 2026"
    },
    {
      "title": "DataTrace on AI’s reality, risk and responsibility in title search",
      "link": "https://www.housingwire.com/articles/datatrace-on-ais-reality-risk-and-responsibility-in-title-search/",
      "published": "Tue, 07 Apr 2026"
    },
    {
      "title": "Real Brokerage adds 65-agent Equity Realty Group in Phoenix",
      "link": "https://www.housingwire.com/articles/real-brokerage-adds-65-agent-equity-realty-group-phoenix/",
      "published": "Tue, 07 Apr 2026"
    },
    {
      "title": "A new study says private listings beat the MLS. Here’s what it left out",
      "link": "https://www.housingwire.com/articles/private-listings-premium-fades/",
      "published": "Tue, 07 Apr 2026"
    },
    {
      "title": "First American sues Novad, seeks to freeze assets over $1.6M reverse mortgage dispute",
      "link": "https://www.housingwire.com/articles/first-american-novad-lawsuit/",
      "published": "Tue, 07 Apr 2026"
    },
    {
      "title": "Rate hires Adam Boyd as president of consumer lending",
      "link": "https://www.housingwire.com/articles/rate-adam-boyd-president-consumer-lending/",
      "published": "Tue, 07 Apr 2026"
    },
    {
      "title": "Redfin Economists’ Weekly Take: Iran War Drives Mortgage Rate Volatility as Markets Brace for Inflation Data",
      "link": "https://www.redfin.com/news/weekly-economic-update-april-6-2026/",
      "published": "Mon, 06 Apr 2026"
    },
    {
      "title": "Ryanair Co-Founder Restored an 18th Century Village in Ireland and Now It’s Up for Sale for $23 Million",
      "link": "https://www.redfin.com/news/ireland-village-at-lyons-sale/",
      "published": "Fri, 03 Apr 2026"
    },
    {
      "title": "Seemingly Strong March Jobs Report Won’t Impact Mortgage Rates Much",
      "link": "https://www.redfin.com/news/jobs-report-march-2026/",
      "published": "Fri, 03 Apr 2026"
    },
    {
      "title": "The Great Housing Mismatch: Empty Nesters Own 28% of the Nation’s Large Homes, Millennial Families Own 16%",
      "link": "https://www.redfin.com/news/empty-nest-large-homes-2026/",
      "published": "Thu, 02 Apr 2026"
    },
    {
      "title": "Monthly Payments Tick Up For First Time in 6 Months As Mortgage Rates, Home Prices Jump",
      "link": "https://www.redfin.com/news/housing-market-update-monthly-housing-payments-tick-up/",
      "published": "Thu, 02 Apr 2026"
    },
    {
      "title": "This $329,900 Long Island Tiny Home Is Going Viral Because It Has No Bedrooms",
      "link": "https://www.redfin.com/news/tiny-home-selden-long-island-new-york/",
      "published": "Tue, 31 Mar 2026"
    }
  ],
  "feed_101020": {
    "macro": [
      {
        "title": "Mortgage rates level off, but is 6.5% the new normal?",
        "url": "https://www.housingwire.com/articles/mortgage-rates-near-6-5-iran-volatility/",
        "what": "Mortgage rates have soared in the past month, but market participants appeared to take a wait-and-see approach this week as they contemplate further price increases for home loans.",
        "numbers": "",
        "justified": "housingwire.com — https://www.housingwire.com/articles/mortgage-rates-near-6-5-iran-volatility/",
        "why": "Rates & inflation shape discount rates and housing affordability.",
        "market": "Lower rates support demand/valuations; higher rates pressure builders/REITs and slow transactions."
      },
      {
        "title": "Redfin Economists’ Weekly Take: Iran War Drives Mortgage Rate Volatility as Markets Brace for Inflation Data",
        "url": "https://www.redfin.com/news/weekly-economic-update-april-6-2026/",
        "what": "This Week In A Nutshell: With the Iran War stretching into its sixth week, mortgage rates will continue to ebb and flow with new developments",
        "numbers": "",
        "justified": "redfin.com — https://www.redfin.com/news/weekly-economic-update-april-6-2026/",
        "why": "Rates & inflation shape discount rates and housing affordability.",