{
  "as_of": "2026-06-11 19:44 UTC",
  "macro": {
    "spx": null,
    "ten_year": {
      "yield_pct": 4.53,
      "delta_bp_1d": -2.999999999999936
    },
    "mortgage_30y": {
      "rate_pct": 6.52,
      "delta_bp_wow": 3.9999999999999147
    },
    "starts": {
      "level_saar": 1465.0,
      "mom": -0.02786994027869938
    }
  },
  "permits": {
    "florida": {
      "latest": 14596,
      "latest_date": "2026-04",
      "mom": 0.17246365169893174,
      "yoy": 0.05378673019998548,
      "ytd": -0.16725489221388212,
      "ytd_count": 50257,
      "latest_year": 2026,
      "latest_month_name": "Apr"
    },
    "msa": {
      "Orlando–Kissimmee–Sanford": {
        "total": {
          "latest": 1926,
          "latest_year": 2026,
          "latest_month": 4,
          "latest_month_name": "Apr",
          "mom": 0.3449720670391061,
          "yoy": -0.21675477836518908,
          "ytd_yoy": -0.4733425653453349,
          "ytd_count": 6085
        },
        "one_unit": {
          "latest": 1124,
          "latest_year": 2026,
          "latest_month": 4,
          "latest_month_name": "Apr",
          "mom": 0.0017825311942958333,
          "yoy": -0.2629508196721312,
          "ytd_yoy": -0.2609791216702664,
          "ytd_count": 4106
        },
        "dom": {
          "days": 70,
          "yoy": 0.07692307692307687,
          "as_of": "2026-05"
        }
      },
      "Tampa–St. Petersburg–Clearwater": {
        "total": {
          "latest": 1599,
          "latest_year": 2026,
          "latest_month": 4,
          "latest_month_name": "Apr",
          "mom": 0.008196721311475308,
          "yoy": -0.08156232050545664,
          "ytd_yoy": -0.11729622266401596,
          "ytd_count": 6216
        },
        "one_unit": {
          "latest": 1198,
          "latest_year": 2026,
          "latest_month": 4,
          "latest_month_name": "Apr",
          "mom": 0.018707482993197244,
          "yoy": -0.07347254447022433,
          "ytd_yoy": 0.03634336677814942,
          "ytd_count": 4648
        },
        "dom": {
          "days": 67,
          "yoy": 0.1166666666666667,
          "as_of": "2026-05"
        }
      },
      "Ocala": {
        "total": {
          "latest": 588,
          "latest_year": 2026,
          "latest_month": 4,
          "latest_month_name": "Apr",
          "mom": -0.04854368932038833,
          "yoy": 0.27826086956521734,
          "ytd_yoy": -0.02434928631402178,
          "ytd_count": 2324
        },
        "one_unit": {
          "latest": 588,
          "latest_year": 2026,
          "latest_month": 4,
          "latest_month_name": "Apr",
          "mom": -0.04854368932038833,
          "yoy": 0.3183856502242153,
          "ytd_yoy": 0.038181818181818095,
          "ytd_count": 2284
        },
        "dom": {
          "days": 79,
          "yoy": 0.09722222222222232,
          "as_of": "2026-05"
        }
      },
      "Palm Bay–Melbourne–Titusville": {
        "total": {
          "latest": 303,
          "latest_year": 2026,
          "latest_month": 4,
          "latest_month_name": "Apr",
          "mom": -0.08181818181818179,
          "yoy": -0.03809523809523807,
          "ytd_yoy": -0.18174904942965775,
          "ytd_count": 1076
        },
        "one_unit": {
          "latest": 303,
          "latest_year": 2026,
          "latest_month": 4,
          "latest_month_name": "Apr",
          "mom": -0.08181818181818179,
          "yoy": -0.025723472668810254,
          "ytd_yoy": -0.05364995602462619,
          "ytd_count": 1076
        },
        "dom": {
          "days": 65,
          "yoy": 0.0,
          "as_of": "2026-05"
        }
      }
    }
  },
  "watchlist": [],
  "feed": [
    {
      "title": "eXp World completes AGNT name change, relocates to Texas",
      "link": "https://www.housingwire.com/articles/exp-world-agnt-texas/",
      "published": "Thu, 11 Jun 2026"
    },
    {
      "title": "2026 RealTrends Verified: Family ties drive success for The Horak Group",
      "link": "https://www.housingwire.com/articles/2026-realtrends-verified-family-ties-drive-success-for-the-horak-group/",
      "published": "Thu, 11 Jun 2026"
    },
    {
      "title": "Jay Clayton tapped for DNI role as Congress pushes back on Pulte",
      "link": "https://www.housingwire.com/articles/pulte-clayton-dni/",
      "published": "Thu, 11 Jun 2026"
    },
    {
      "title": "Washington agents now face limits on private listings",
      "link": "https://www.housingwire.com/articles/washington-listing-law-private-marketing/",
      "published": "Thu, 11 Jun 2026"
    },
    {
      "title": "US foreclosure filings rise 14% annually in May, led by Southeast states",
      "link": "https://www.housingwire.com/articles/may-2026-foreclosure-filings-rise-14-percent-year-over-year/",
      "published": "Thu, 11 Jun 2026"
    },
    {
      "title": "Why eXp and NextHome say the private listings war is here",
      "link": "https://www.housingwire.com/articles/exp-nexthome-private-listings-mls/",
      "published": "Thu, 11 Jun 2026"
    },
    {
      "title": "Record Home Prices, High Mortgage Rates Push Pending Sales Down for Fourth Straight Week",
      "link": "https://www.redfin.com/news/housing-market-update-record-high-home-prices-sales-decline/",
      "published": "Thu, 11 Jun 2026"
    },
    {
      "title": "Mortgage Rates Unaffected, Fed Likely to Hold Rates Steady on Latest Inflation Data",
      "link": "https://www.redfin.com/news/cpi-may-2026/",
      "published": "Wed, 10 Jun 2026"
    },
    {
      "title": "Nashville, Miami and Austin–Once Pandemic Homebuying Hotspots–Are This Spring’s Strongest Buyer’s Markets",
      "link": "https://www.redfin.com/news/buyers-vs-sellers-may-2026/",
      "published": "Tue, 09 Jun 2026"
    },
    {
      "title": "This Week’s Inflation and Sentiment Data May Clarify the Fed’s Path",
      "link": "https://www.redfin.com/news/mortage-rates-still-risk-of-rising-strait-hormuz-still-closed/",
      "published": "Mon, 08 Jun 2026"
    },
    {
      "title": "Rising Rates Stall Housing Market Momentum Just After Closed Home Sales Hit Highest Level Since 2022",
      "link": "https://www.redfin.com/news/rising-rates-stall-housing-market-momentum/",
      "published": "Mon, 08 Jun 2026"
    },
    {
      "title": "Strong Jobs Report Pushes Mortgage Rates Higher, Reopening the Door to Future Fed Hikes",
      "link": "https://www.redfin.com/news/strong-jobs-report-pushes-mortgage-rates-higher-reopening-the-door-to-future-fed-hikes/",
      "published": "Fri, 05 Jun 2026"
    }
  ],
  "feed_101020": {
    "macro": [
      {
        "title": "AI could push real estate commissions lower, Alloy Advisors says",
        "url": "https://www.housingwire.com/articles/ai-pressure-commissions-alloy/",
        "what": "Alloy Advisors estimates $39,660 in costs on a $400,000 resale, $23,000 from commissions and says AI will pressure rates.",
        "numbers": "$39,660, $400,000, $23,000",
        "justified": "housingwire.com — https://www.housingwire.com/articles/ai-pressure-commissions-alloy/",
        "why": "Rates & inflation shape discount rates and housing affordability.",
        "market": "Lower rates support demand/valuations; higher rates pressure builders/REITs and slow transactions."
      },
      {
        "title": "The Iran conflict hasn’t pushed oil and yields higher this week — here’s why",
        "url": "https://www.housingwire.com/articles/the-iran-conflict-hasnt-pushed-oil-and-yields-higher-this-week-heres-why/",
        "what": "Mortgage rates and oil prices haven’t skyrocketed",
        "numbers": "10",
        "justified": "housingwire.com — https://www.housingwire.com/articles/the-iran-conflict-hasnt-pushed-oil-and-yields-higher-this-week-heres-why/",
        "why": "Rates & inflation shape discount rates and housing affordability.",