{
  "as_of": "2025-11-07 03:28 UTC",
  "macro": {
    "spx": null,
    "ten_year": {
      "yield_pct": 4.17,
      "delta_bp_1d": 7.000000000000028
    },
    "mortgage_30y": {
      "rate_pct": 6.22,
      "delta_bp_wow": 4.999999999999982
    },
    "starts": {
      "level_saar": 1307.0,
      "mom": -0.08537438768369487
    }
  },
  "permits": {
    "florida": {
      "latest": 13594,
      "latest_date": "2025-08",
      "mom": -0.0727781188186345,
      "yoy": -0.13226094727435211,
      "ytd": -0.026868417713488135,
      "ytd_count": 122708,
      "latest_year": 2025,
      "latest_month_name": "Aug"
    },
    "msa": {
      "Orlando–Kissimmee–Sanford": {
        "total": {
          "latest": 1649,
          "latest_year": 2025,
          "latest_month": 8,
          "latest_month_name": "Aug",
          "mom": -0.20797310278578285,
          "yoy": -0.16336884830035514,
          "ytd_yoy": 0.20390428982314424,
          "ytd_count": 19673
        },
        "one_unit": {
          "latest": 927,
          "latest_year": 2025,
          "latest_month": 8,
          "latest_month_name": "Aug",
          "mom": -0.12793979303857006,
          "yoy": -0.382,
          "ytd_yoy": 0.008284136354979932,
          "ytd_count": 10589
        },
        "dom": {
          "days": 81,
          "yoy": 0.17391304347826098,
          "as_of": "2025-10"
        }
      },
      "Tampa–St. Petersburg–Clearwater": {
        "total": {
          "latest": 2908,
          "latest_year": 2025,
          "latest_month": 8,
          "latest_month_name": "Aug",
          "mom": 0.6645678305666858,
          "yoy": 0.465725806451613,
          "ytd_yoy": -0.06499153020892157,
          "ytd_count": 16559
        },
        "one_unit": {
          "latest": 1324,
          "latest_year": 2025,
          "latest_month": 8,
          "latest_month_name": "Aug",
          "mom": 0.16140350877192988,
          "yoy": 0.2526017029328287,
          "ytd_yoy": -0.09323079844298865,
          "ytd_count": 9551
        },
        "dom": {
          "days": 79,
          "yoy": 0.09722222222222232,
          "as_of": "2025-10"
        }
      },
      "Ocala": {
        "total": {
          "latest": 461,
          "latest_year": 2025,
          "latest_month": 8,
          "latest_month_name": "Aug",
          "mom": 0.0453514739229024,
          "yoy": 0.0453514739229024,
          "ytd_yoy": -0.1361718450326045,
          "ytd_count": 4504
        },
        "one_unit": {
          "latest": 451,
          "latest_year": 2025,
          "latest_month": 8,
          "latest_month_name": "Aug",
          "mom": 0.09200968523002429,
          "yoy": 0.0562060889929743,
          "ytd_yoy": -0.12195652173913041,
          "ytd_count": 4039
        },
        "dom": {
          "days": 78,
          "yoy": 0.11428571428571432,
          "as_of": "2025-10"
        }
      },
      "Palm Bay–Melbourne–Titusville": {
        "total": {
          "latest": 391,
          "latest_year": 2025,
          "latest_month": 8,
          "latest_month_name": "Aug",
          "mom": -0.28519195612431447,
          "yoy": 0.3076923076923077,
          "ytd_yoy": 0.03214156735283491,
          "ytd_count": 2858
        },
        "one_unit": {
          "latest": 239,
          "latest_year": 2025,
          "latest_month": 8,
          "latest_month_name": "Aug",
          "mom": -0.13090909090909086,
          "yoy": -0.2006688963210702,
          "ytd_yoy": -0.10545165141265422,
          "ytd_count": 2248
        },
        "dom": {
          "days": 75,
          "yoy": 0.08695652173913038,
          "as_of": "2025-10"
        }
      }
    }
  },
  "watchlist": [],
  "feed": [
    {
      "title": "Florida housing market slows as listings rise and sales drop",
      "link": "https://www.housingwire.com/articles/florida-housing-market-inventory-builds-2025/",
      "published": "Thu, 06 Nov 2025"
    },
    {
      "title": "loanDepot’s Q3 loss narrows as revenue climbs 14%",
      "link": "https://www.housingwire.com/articles/loandepot-q3-earnings-2025/",
      "published": "Thu, 06 Nov 2025"
    },
    {
      "title": "Blend Labs reports shrinking mortgage revenue even as its partnerships gain steam",
      "link": "https://www.housingwire.com/articles/blend-labs-q3-earnings-2025/",
      "published": "Thu, 06 Nov 2025"
    },
    {
      "title": "Why Springfield homes sell faster than Illinois average",
      "link": "https://www.housingwire.com/articles/springfield-housing-market/",
      "published": "Thu, 06 Nov 2025"
    },
    {
      "title": "How Terre Haute market defies trends with faster sales and price gains",
      "link": "https://www.housingwire.com/articles/terre-haute-housing-market-faster-sales-2025/",
      "published": "Thu, 06 Nov 2025"
    },
    {
      "title": "Rithm drops Onity as subservicer on $33B portfolio",
      "link": "https://www.housingwire.com/articles/rithm-subservicing-termination-onity/",
      "published": "Thu, 06 Nov 2025"
    },
    {
      "title": "Flood-Prone America Is Seeing More People Move Out Than In for the First Time Since 2019",
      "link": "https://www.redfin.com/news/climate-migration-real-estate-2025/",
      "published": "Thu, 06 Nov 2025"
    },
    {
      "title": "Pending Home Sales Barely Budge, As Buyers Stay Cautious Despite Lower Mortgage Rates",
      "link": "https://www.redfin.com/news/housing-market-update-pending-home-sales-barely-budge/",
      "published": "Thu, 06 Nov 2025"
    },
    {
      "title": "Military Members, Veterans Make Up Slightly Higher Share of Mortgaged Homebuyers Than Last Year As Buyer’s Market Persists",
      "link": "https://www.redfin.com/news/va-loans-uptick-2025/",
      "published": "Wed, 05 Nov 2025"
    },
    {
      "title": "One Year of Redfin Next: Top Redfin Agents’ Pay Jumps 20%",
      "link": "https://www.redfin.com/news/agent-pay-report-2025/",
      "published": "Tue, 04 Nov 2025"
    },
    {
      "title": "Redfin Economists’ Weekly Take: No End in Sight for Government Shutdown",
      "link": "https://www.redfin.com/news/weekly-economics-update-november-3/",
      "published": "Mon, 03 Nov 2025"
    },
    {
      "title": "Only 28 Out of Every 1,000 U.S. Homes Changed Hands This Year—The Lowest Turnover in Decades",
      "link": "https://www.redfin.com/news/home-turnover-report-2025/",
      "published": "Fri, 31 Oct 2025"
    }
  ],
  "feed_101020": {
    "macro": [
      {
        "title": "Pending Home Sales Barely Budge, As Buyers Stay Cautious Despite Lower Mortgage Rates",
        "url": "https://www.redfin.com/news/housing-market-update-pending-home-sales-barely-budge/",
        "what": "Homes are selling at the slowest pace for this time of year since 2019",
        "numbers": "2019., 0.7, 2,",
        "justified": "redfin.com — https://www.redfin.com/news/housing-market-update-pending-home-sales-barely-budge/",
        "why": "Rates & inflation shape discount rates and housing affordability.",
        "market": "Lower rates support demand/valuations; higher rates pressure builders/REITs and slow transactions."
      },
      {
        "title": "Redfin Economists’ Weekly Take: No End in Sight for Government Shutdown",
        "url": "https://www.redfin.com/news/weekly-economics-update-november-3/",
        "what": "This Week In A Nutshell Rates have reset about 15-20 bps higher following last week’s Fed meeting",
        "numbers": "15, 20",
        "justified": "redfin.com — https://www.redfin.com/news/weekly-economics-update-november-3/",
        "why": "Rates & inflation shape discount rates and housing affordability.",
        "market": "Lower rates support demand/valuations; higher rates pressure builders/REITs and slow transactions."
      }
    ],
    "housing": [
      {
        "title": "Florida housing market slows as listings rise and sales drop",