{
  "as_of": "2026-01-10 19:27 UTC",
  "macro": {
    "spx": null,
    "ten_year": {
      "yield_pct": 4.19,
      "delta_bp_1d": 4.0000000000000036
    },
    "mortgage_30y": {
      "rate_pct": 6.16,
      "delta_bp_wow": 0.9999999999999787
    },
    "starts": {
      "level_saar": 1246.0,
      "mom": -0.04594180704441042
    }
  },
  "permits": {
    "florida": {
      "latest": 13594,
      "latest_date": "2025-08",
      "mom": -0.0727781188186345,
      "yoy": -0.13226094727435211,
      "ytd": -0.026868417713488135,
      "ytd_count": 122708,
      "latest_year": 2025,
      "latest_month_name": "Aug"
    },
    "msa": {
      "Orlando–Kissimmee–Sanford": {
        "total": {
          "latest": 1649,
          "latest_year": 2025,
          "latest_month": 8,
          "latest_month_name": "Aug",
          "mom": -0.20797310278578285,
          "yoy": -0.16336884830035514,
          "ytd_yoy": 0.20390428982314424,
          "ytd_count": 19673
        },
        "one_unit": {
          "latest": 927,
          "latest_year": 2025,
          "latest_month": 8,
          "latest_month_name": "Aug",
          "mom": -0.12793979303857006,
          "yoy": -0.382,
          "ytd_yoy": 0.008284136354979932,
          "ytd_count": 10589
        },
        "dom": {
          "days": 80,
          "yoy": 0.09589041095890405,
          "as_of": "2025-11"
        }
      },
      "Tampa–St. Petersburg–Clearwater": {
        "total": {
          "latest": 2908,
          "latest_year": 2025,
          "latest_month": 8,
          "latest_month_name": "Aug",
          "mom": 0.6645678305666858,
          "yoy": 0.465725806451613,
          "ytd_yoy": -0.06499153020892157,
          "ytd_count": 16559
        },
        "one_unit": {
          "latest": 1324,
          "latest_year": 2025,
          "latest_month": 8,
          "latest_month_name": "Aug",
          "mom": 0.16140350877192988,
          "yoy": 0.2526017029328287,
          "ytd_yoy": -0.09323079844298865,
          "ytd_count": 9551
        },
        "dom": {
          "days": 78,
          "yoy": 0.054054054054053946,
          "as_of": "2025-11"
        }
      },
      "Ocala": {
        "total": {
          "latest": 461,
          "latest_year": 2025,
          "latest_month": 8,
          "latest_month_name": "Aug",
          "mom": 0.0453514739229024,
          "yoy": 0.0453514739229024,
          "ytd_yoy": -0.1361718450326045,
          "ytd_count": 4504
        },
        "one_unit": {
          "latest": 451,
          "latest_year": 2025,
          "latest_month": 8,
          "latest_month_name": "Aug",
          "mom": 0.09200968523002429,
          "yoy": 0.0562060889929743,
          "ytd_yoy": -0.12195652173913041,
          "ytd_count": 4039
        },
        "dom": {
          "days": 79,
          "yoy": 0.12857142857142856,
          "as_of": "2025-11"
        }
      },
      "Palm Bay–Melbourne–Titusville": {
        "total": {
          "latest": 391,
          "latest_year": 2025,
          "latest_month": 8,
          "latest_month_name": "Aug",
          "mom": -0.28519195612431447,
          "yoy": 0.3076923076923077,
          "ytd_yoy": 0.03214156735283491,
          "ytd_count": 2858
        },
        "one_unit": {
          "latest": 239,
          "latest_year": 2025,
          "latest_month": 8,
          "latest_month_name": "Aug",
          "mom": -0.13090909090909086,
          "yoy": -0.2006688963210702,
          "ytd_yoy": -0.10545165141265422,
          "ytd_count": 2248
        },
        "dom": {
          "days": 74,
          "yoy": 0.04225352112676051,
          "as_of": "2025-11"
        }
      }
    }
  },
  "watchlist": [],
  "feed": [
    {
      "title": "WSJ: DOJ leadership halted antitrust review of Compass–Anywhere deal",
      "link": "https://www.housingwire.com/articles/compass-anywhere-merger-doj/",
      "published": "Fri, 09 Jan 2026"
    },
    {
      "title": "Real estate leaders weigh in on potential ban on large investors",
      "link": "https://www.housingwire.com/articles/real-estate-leaders-weigh-in-on-potential-ban-on-large-investors/",
      "published": "Fri, 09 Jan 2026"
    },
    {
      "title": "Elon Musk says retirement savings could become ‘irrelevant’",
      "link": "https://www.housingwire.com/articles/elon-musk-retirement-saving-could-become-irrelevant/",
      "published": "Fri, 09 Jan 2026"
    },
    {
      "title": "Sharp decline in mortgage rates revives hopes of a refi surge, LOs say",
      "link": "https://www.housingwire.com/articles/mortgage-rates-refi-surge/",
      "published": "Fri, 09 Jan 2026"
    },
    {
      "title": "Housing starts fall to lowest point since 2020, led by a stall in the Sun Belt",
      "link": "https://www.housingwire.com/articles/housing-starts-fall-to-lowest-point-since-2020-led-by-a-stall-in-the-sun-belt/",
      "published": "Fri, 09 Jan 2026"
    },
    {
      "title": "Mortgage rates drop below 6% following Trump’s MBS announcement",
      "link": "https://www.housingwire.com/articles/mortgage-rates-under-6-2026/",
      "published": "Fri, 09 Jan 2026"
    },
    {
      "title": "Trump’s Mortgage Bond Order Pushes Rates Below 6% For First Time in Nearly 3 Years, Boosting Purchasing Power",
      "link": "https://www.redfin.com/news/purchasing-power-improves-rates-drop-january-2026/",
      "published": "Fri, 09 Jan 2026"
    },
    {
      "title": "Mixed Jobs Report Unlikely to Move Mortgage Rates Further",
      "link": "https://www.redfin.com/news/mixed-jobs-report-unlikely-to-move-mortgage-rates/",
      "published": "Fri, 09 Jan 2026"
    },
    {
      "title": "Trump Orders $200B Mortgage Bond Buy, Which Will Likely Nudge Rates Down Slightly to 6%",
      "link": "https://www.redfin.com/news/federal-government-mortgage-bonds/",
      "published": "Thu, 08 Jan 2026"
    },
    {
      "title": "Housing Payments Drop to Lowest Level in 2 Years As Mortgage Rates Decline",
      "link": "https://www.redfin.com/news/housing-market-update-housing-payments-lowest-level-2-years/",
      "published": "Thu, 08 Jan 2026"
    },
    {
      "title": "Banning Corporate Landlords Won’t Fix the Housing Affordability Crisis. Building More Homes Just Might.",
      "link": "https://www.redfin.com/news/banning-investors-pros-cons/",
      "published": "Wed, 07 Jan 2026"
    },
    {
      "title": "Redfin Economists’ Weekly Take: First Jobs Report of 2026 Could Impact Mortgage Rates",
      "link": "https://www.redfin.com/news/weekly-economic-update-january-5/",
      "published": "Mon, 05 Jan 2026"
    }
  ],
  "feed_101020": {
    "macro": [
      {
        "title": "Elon Musk says retirement savings could become ‘irrelevant’",
        "url": "https://www.housingwire.com/articles/elon-musk-retirement-saving-could-become-irrelevant/",
        "what": "Musk’s perspective stands in contrast to ongoing economic realities for many Americans, especially older adults preparing for retirement.",
        "numbers": "",
        "justified": "housingwire.com — https://www.housingwire.com/articles/elon-musk-retirement-saving-could-become-irrelevant/",
        "why": "Relevant development for housing and markets.",
        "market": "Watch second-order effects across builders, lenders, and REITs."
      },
      {
        "title": "Sharp decline in mortgage rates revives hopes of a refi surge, LOs say",
        "url": "https://www.housingwire.com/articles/mortgage-rates-refi-surge/",
        "what": "A modest mortgage rate drop may boost refinancing by 15% to 25%, but lenders caution that activity depends on rates staying low.",
        "numbers": "15, 25",
        "justified": "housingwire.com — https://www.housingwire.com/articles/mortgage-rates-refi-surge/",
        "why": "Rates & inflation shape discount rates and housing affordability.",