{
  "as_of": "2026-05-04 19:54 UTC",
  "macro": {
    "spx": null,
    "ten_year": {
      "yield_pct": 4.4,
      "delta_bp_1d": -1.9999999999999574
    },
    "mortgage_30y": {
      "rate_pct": 6.3,
      "delta_bp_wow": 6.99999999999994
    },
    "starts": {
      "level_saar": 1502.0,
      "mom": 0.10766961651917395
    }
  },
  "permits": {
    "florida": {
      "latest": 11132,
      "latest_date": "2026-01",
      "mom": -0.15794251134644477,
      "yoy": -0.3402086296823139,
      "ytd": -0.3402086296823139,
      "ytd_count": 11132,
      "latest_year": 2026,
      "latest_month_name": "Jan"
    },
    "msa": {
      "Orlando–Kissimmee–Sanford": {
        "total": {
          "latest": 1394,
          "latest_year": 2026,
          "latest_month": 1,
          "latest_month_name": "Jan",
          "mom": -0.3611365719523373,
          "yoy": -0.6161894273127753,
          "ytd_yoy": -0.6161894273127753,
          "ytd_count": 1394
        },
        "one_unit": {
          "latest": 956,
          "latest_year": 2026,
          "latest_month": 1,
          "latest_month_name": "Jan",
          "mom": 0.10520231213872822,
          "yoy": -0.3137114142139268,
          "ytd_yoy": -0.3137114142139268,
          "ytd_count": 956
        },
        "dom": {
          "days": 68,
          "yoy": 0.09677419354838701,
          "as_of": "2026-04"
        }
      },
      "Tampa–St. Petersburg–Clearwater": {
        "total": {
          "latest": 1255,
          "latest_year": 2026,
          "latest_month": 1,
          "latest_month_name": "Jan",
          "mom": 0.017842660178426506,
          "yoy": -0.42219152854511965,
          "ytd_yoy": -0.42219152854511965,
          "ytd_count": 1255
        },
        "one_unit": {
          "latest": 1120,
          "latest_year": 2026,
          "latest_month": 1,
          "latest_month_name": "Jan",
          "mom": 0.20042872454448024,
          "yoy": 0.02658111824014675,
          "ytd_yoy": 0.02658111824014675,
          "ytd_count": 1120
        },
        "dom": {
          "days": 67,
          "yoy": 0.15517241379310343,
          "as_of": "2026-04"
        }
      },
      "Ocala": {
        "total": {
          "latest": 504,
          "latest_year": 2026,
          "latest_month": 1,
          "latest_month_name": "Jan",
          "mom": 0.23529411764705888,
          "yoy": -0.2186046511627907,
          "ytd_yoy": -0.2186046511627907,
          "ytd_count": 504
        },
        "one_unit": {
          "latest": 486,
          "latest_year": 2026,
          "latest_month": 1,
          "latest_month_name": "Jan",
          "mom": 0.21500000000000008,
          "yoy": -0.18592964824120606,
          "ytd_yoy": -0.18592964824120606,
          "ytd_count": 486
        },
        "dom": {
          "days": 75,
          "yoy": 0.13636363636363646,
          "as_of": "2026-04"
        }
      },
      "Palm Bay–Melbourne–Titusville": {
        "total": {
          "latest": 198,
          "latest_year": 2026,
          "latest_month": 1,
          "latest_month_name": "Jan",
          "mom": -0.6292134831460674,
          "yoy": -0.5560538116591929,
          "ytd_yoy": -0.5560538116591929,
          "ytd_count": 198
        },
        "one_unit": {
          "latest": 198,
          "latest_year": 2026,
          "latest_month": 1,
          "latest_month_name": "Jan",
          "mom": -0.2639405204460966,
          "yoy": -0.28776978417266186,
          "ytd_yoy": -0.28776978417266186,
          "ytd_count": 198
        },
        "dom": {
          "days": 67,
          "yoy": 0.09836065573770503,
          "as_of": "2026-04"
        }
      }
    }
  },
  "watchlist": [],
  "feed": [
    {
      "title": "eXp’s Wendy Forsythe on how women can break into the C-suite",
      "link": "https://www.housingwire.com/articles/exps-wendy-forsythe-on-how-women-can-break-into-the-c-suite/",
      "published": "Mon, 04 May 2026"
    },
    {
      "title": "Iowa just reset property taxes to assist first-time homebuyers",
      "link": "https://www.housingwire.com/articles/iowa-reset-property-taxes-for-first-time-homebuyers/",
      "published": "Mon, 04 May 2026"
    },
    {
      "title": "How real estate agent Deba Douglas turned buyer education into a 100-transaction business",
      "link": "https://www.housingwire.com/articles/how-real-estate-agent-deba-douglas-turned-buyer-education-into-a-100-transaction-business/",
      "published": "Mon, 04 May 2026"
    },
    {
      "title": "Century 21’s Mike Miedler: Recruiting Latino talent is a growth strategy, not a diversity talking point",
      "link": "https://www.housingwire.com/articles/latino-homebuyers-growth-market/",
      "published": "Mon, 04 May 2026"
    },
    {
      "title": "Stanley Martin closes on its $221M United Homes acquisition",
      "link": "https://www.housingwire.com/articles/stanley-martin-united-homes-closes/",
      "published": "Mon, 04 May 2026"
    },
    {
      "title": "eLEND hires Roman Ramora as chief technology and innovation officer",
      "link": "https://www.housingwire.com/articles/elend-roman-ramora-chief-technology/",
      "published": "Mon, 04 May 2026"
    },
    {
      "title": "Nearly Half of Americans Oppose AI Data Centers in Their Neighborhoods, While 38% Support Them",
      "link": "https://www.redfin.com/news/survey-ai-data-center-neighborhoods/",
      "published": "Mon, 04 May 2026"
    },
    {
      "title": "The Price Point: What $1 Million Buys in These Charming Small Cities",
      "link": "https://www.redfin.com/news/the-price-point-what-1-million-buys-may-1-2026/",
      "published": "Fri, 01 May 2026"
    },
    {
      "title": "San Francisco’s Luxury Home Sales Jump 22% As Median Price Nears $7M",
      "link": "https://www.redfin.com/news/luxury-home-sales-san-francisco-2026/",
      "published": "Thu, 30 Apr 2026"
    },
    {
      "title": "Homebuying Demand Ticks Up, Mortgage Rates Tick Down",
      "link": "https://www.redfin.com/news/housing-market-update-homebuying-demand-picks-up-spring/",
      "published": "Thu, 30 Apr 2026"
    },
    {
      "title": "Fed Holds Rates Steady, But Rare Dissents Signal Cloudy Outlook For Future Path",
      "link": "https://www.redfin.com/news/fed-meeting-april-2026/",
      "published": "Wed, 29 Apr 2026"
    },
    {
      "title": "‘Deliver The Kind of Service People Remember and Trust’: How Maryam Amiri Became The First Redfin Agent to Sell $1 Billion Worth of Homes",
      "link": "https://www.redfin.com/news/maryam-amiri-redfin-agent-profile/",
      "published": "Wed, 29 Apr 2026"
    }
  ],
  "feed_101020": {
    "macro": [
      {
        "title": "Homebuying Demand Ticks Up, Mortgage Rates Tick Down",
        "url": "https://www.redfin.com/news/housing-market-update-homebuying-demand-picks-up-spring/",
        "what": "More homeowners are putting their houses on the market, with new listings increasing for the second week in a row after five straight months of declines",
        "numbers": "2.7, 26,",
        "justified": "redfin.com — https://www.redfin.com/news/housing-market-update-homebuying-demand-picks-up-spring/",
        "why": "Rates & inflation shape discount rates and housing affordability.",
        "market": "Lower rates support demand/valuations; higher rates pressure builders/REITs and slow transactions."
      },
      {
        "title": "Fed Holds Rates Steady, But Rare Dissents Signal Cloudy Outlook For Future Path",
        "url": "https://www.redfin.com/news/fed-meeting-april-2026/",
        "what": "The Federal Reserve held interest rates steady at its April 29 meeting",
        "numbers": "29",
        "justified": "redfin.com — https://www.redfin.com/news/fed-meeting-april-2026/",
        "why": "Rates & inflation shape discount rates and housing affordability.",
        "market": "Lower rates support demand/valuations; higher rates pressure builders/REITs and slow transactions."
      }
    ],