{
  "as_of": "2026-02-27 21:43 UTC",
  "macro": {
    "spx": null,
    "ten_year": {
      "yield_pct": 4.02,
      "delta_bp_1d": -3.000000000000025
    },
    "mortgage_30y": {
      "rate_pct": 5.98,
      "delta_bp_wow": -2.999999999999936
    },
    "starts": {
      "level_saar": 1404.0,
      "mom": 0.062027231467473465
    }
  },
  "permits": {
    "florida": {
      "latest": 9652,
      "latest_date": "2025-11",
      "mom": -0.365,
      "yoy": -0.10297397769516725,
      "ytd": -0.009997662085173942,
      "ytd_count": 160913,
      "latest_year": 2025,
      "latest_month_name": "Nov"
    },
    "msa": {
      "Orlando–Kissimmee–Sanford": {
        "total": {
          "latest": 1044,
          "latest_year": 2025,
          "latest_month": 11,
          "latest_month_name": "Nov",
          "mom": -0.5774989882638608,
          "yoy": -0.24783861671469742,
          "ytd_yoy": 0.18011608313049998,
          "ytd_count": 25212
        },
        "one_unit": {
          "latest": 773,
          "latest_year": 2025,
          "latest_month": 11,
          "latest_month_name": "Nov",
          "mom": -0.293418647166362,
          "yoy": -0.38160000000000005,
          "ytd_yoy": -0.06647966339410938,
          "ytd_count": 13312
        },
        "dom": {
          "days": 88,
          "yoy": 0.08641975308641969,
          "as_of": "2026-01"
        }
      },
      "Tampa–St. Petersburg–Clearwater": {
        "total": {
          "latest": 1208,
          "latest_year": 2025,
          "latest_month": 11,
          "latest_month_name": "Nov",
          "mom": -0.5022661722290894,
          "yoy": 0.31161780673181316,
          "ytd_yoy": 0.05279953582825647,
          "ytd_count": 21774
        },
        "one_unit": {
          "latest": 864,
          "latest_year": 2025,
          "latest_month": 11,
          "latest_month_name": "Nov",
          "mom": -0.32867132867132864,
          "yoy": -0.045303867403314935,
          "ytd_yoy": -0.018004154804954986,
          "ytd_count": 12763
        },
        "dom": {
          "days": 85,
          "yoy": 0.2142857142857142,
          "as_of": "2026-01"
        }
      },
      "Ocala": {
        "total": {
          "latest": 174,
          "latest_year": 2025,
          "latest_month": 11,
          "latest_month_name": "Nov",
          "mom": -0.6297872340425532,
          "yoy": -0.5335120643431636,
          "ytd_yoy": -0.1614794767704104,
          "ytd_count": 5577
        },
        "one_unit": {
          "latest": 172,
          "latest_year": 2025,
          "latest_month": 11,
          "latest_month_name": "Nov",
          "mom": -0.6126126126126126,
          "yoy": -0.5261707988980716,
          "ytd_yoy": -0.16375145760453103,
          "ytd_count": 5020
        },
        "dom": {
          "days": 93,
          "yoy": 0.2567567567567568,
          "as_of": "2026-01"
        }
      },
      "Palm Bay–Melbourne–Titusville": {
        "total": {
          "latest": 242,
          "latest_year": 2025,
          "latest_month": 11,
          "latest_month_name": "Nov",
          "mom": -0.29446064139941686,
          "yoy": -0.40975609756097564,
          "ytd_yoy": -0.04334582942830367,
          "ytd_count": 4083
        },
        "one_unit": {
          "latest": 237,
          "latest_year": 2025,
          "latest_month": 11,
          "latest_month_name": "Nov",
          "mom": -0.30903790087463556,
          "yoy": -0.27300613496932513,
          "ytd_yoy": -0.12774338773213278,
          "ytd_count": 3100
        },
        "dom": {
          "days": 77,
          "yoy": 0.0547945205479452,
          "as_of": "2026-01"
        }
      }
    }
  },
  "watchlist": [],
  "feed": [
    {
      "title": "Tavant agentic AI portal connects lenders, real estate agents, borrowers",
      "link": "https://www.housingwire.com/articles/tavant-agentic-ai-portal-connects-lenders-real-estate-borrowers/",
      "published": "Fri, 27 Feb 2026"
    },
    {
      "title": "Millrose outperforms with disciplined growth, strong partnerships",
      "link": "https://www.housingwire.com/articles/millrose-earnings-q4-2025/",
      "published": "Fri, 27 Feb 2026"
    },
    {
      "title": "Capital One joins BPC housing affordability council",
      "link": "https://www.housingwire.com/articles/capital-one-joins-bpc-housing-affordability-council/",
      "published": "Fri, 27 Feb 2026"
    },
    {
      "title": "Mortgage rates fall to multiyear lows in time for spring housing market",
      "link": "https://www.housingwire.com/articles/mortgage-rates-fall-spring/",
      "published": "Fri, 27 Feb 2026"
    },
    {
      "title": "RealTrends Verified brokerage Rogers Healy and Associates merges with Compass",
      "link": "https://www.housingwire.com/articles/rha-merges-compass-healy-steps-back/",
      "published": "Fri, 27 Feb 2026"
    },
    {
      "title": "AD Mortgage launches its largest non-QM securitization yet",
      "link": "https://www.housingwire.com/articles/ad-mortgage-securitization/",
      "published": "Fri, 27 Feb 2026"
    },
    {
      "title": "More Homeowners Have a Rate Above 6% Than a Rate Below 3% For the First Time in 5 Years",
      "link": "https://www.redfin.com/news/mortgage-rates-q3-2025/",
      "published": "Fri, 27 Feb 2026"
    },
    {
      "title": "Redfin and Compass Partner to Expand Inventory and Seller Choice",
      "link": "https://www.redfin.com/news/redfin-policy-seller-choice/",
      "published": "Thu, 26 Feb 2026"
    },
    {
      "title": "Denver Has a New Neighbor: Kiel Murphy Wins the Great American Home Search",
      "link": "https://www.redfin.com/news/great-american-home-search-winner/",
      "published": "Thu, 26 Feb 2026"
    },
    {
      "title": "Homebuying Affordability Improves As Mortgage Rates Fall to Lowest Level in Over 3 Years",
      "link": "https://www.redfin.com/news/housing-market-update-mortgage-rates-fall-affordability-improves/",
      "published": "Thu, 26 Feb 2026"
    },
    {
      "title": "‘Love Is Blind’ Shines a Spotlight on Ohio, Home to Two of the Nation’s Most Affordable Housing Markets",
      "link": "https://www.redfin.com/news/housing-affordability-ohio/",
      "published": "Wed, 25 Feb 2026"
    },
    {
      "title": "The Typical First-Time Homebuyer Is 35 Years Old",
      "link": "https://www.redfin.com/news/median-homebuying-age-2025/",
      "published": "Wed, 25 Feb 2026"
    }
  ],
  "feed_101020": {
    "macro": [
      {
        "title": "Mortgage rates fall to multiyear lows in time for spring housing market",
        "url": "https://www.housingwire.com/articles/mortgage-rates-fall-spring/",
        "what": "Mortgage rates fell to 5.98%-5.99% as the 10-year yield moved under 4% and mortgage spreads held near normal levels.",
        "numbers": "5.98, 5.99, 10, 4",
        "justified": "housingwire.com — https://www.housingwire.com/articles/mortgage-rates-fall-spring/",
        "why": "Rates & inflation shape discount rates and housing affordability.",
        "market": "Lower rates support demand/valuations; higher rates pressure builders/REITs and slow transactions."
      },
      {
        "title": "AD Mortgage launches its largest non-QM securitization yet",
        "url": "https://www.housingwire.com/articles/ad-mortgage-securitization/",
        "what": "AD Mortgage launched its largest RMBS package, a $602.7 million non-QM deal backed by 1,793 loans, nearly all them with fixed rates.",
        "numbers": "$602.7 million, 1,793",
        "justified": "housingwire.com — https://www.housingwire.com/articles/ad-mortgage-securitization/",
        "why": "Rates & inflation shape discount rates and housing affordability.",
        "market": "Lower rates support demand/valuations; higher rates pressure builders/REITs and slow transactions."
      },
      {
        "title": "AD Mortgage research shows minor FICO improvements can ease homebuying costs",