{
  "as_of": "2026-04-30 00:07 UTC",
  "macro": {
    "spx": null,
    "ten_year": {
      "yield_pct": 4.36,
      "delta_bp_1d": 1.0000000000000675
    },
    "mortgage_30y": {
      "rate_pct": 6.23,
      "delta_bp_wow": -6.99999999999994
    },
    "starts": {
      "level_saar": 1502.0,
      "mom": 0.10766961651917395
    }
  },
  "permits": {
    "florida": {
      "latest": 11132,
      "latest_date": "2026-01",
      "mom": -0.15794251134644477,
      "yoy": -0.3402086296823139,
      "ytd": -0.3402086296823139,
      "ytd_count": 11132,
      "latest_year": 2026,
      "latest_month_name": "Jan"
    },
    "msa": {
      "Orlando–Kissimmee–Sanford": {
        "total": {
          "latest": 1394,
          "latest_year": 2026,
          "latest_month": 1,
          "latest_month_name": "Jan",
          "mom": -0.3611365719523373,
          "yoy": -0.6161894273127753,
          "ytd_yoy": -0.6161894273127753,
          "ytd_count": 1394
        },
        "one_unit": {
          "latest": 956,
          "latest_year": 2026,
          "latest_month": 1,
          "latest_month_name": "Jan",
          "mom": 0.10520231213872822,
          "yoy": -0.3137114142139268,
          "ytd_yoy": -0.3137114142139268,
          "ytd_count": 956
        },
        "dom": {
          "days": 67,
          "yoy": 0.1166666666666667,
          "as_of": "2026-03"
        }
      },
      "Tampa–St. Petersburg–Clearwater": {
        "total": {
          "latest": 1255,
          "latest_year": 2026,
          "latest_month": 1,
          "latest_month_name": "Jan",
          "mom": 0.017842660178426506,
          "yoy": -0.42219152854511965,
          "ytd_yoy": -0.42219152854511965,
          "ytd_count": 1255
        },
        "one_unit": {
          "latest": 1120,
          "latest_year": 2026,
          "latest_month": 1,
          "latest_month_name": "Jan",
          "mom": 0.20042872454448024,
          "yoy": 0.02658111824014675,
          "ytd_yoy": 0.02658111824014675,
          "ytd_count": 1120
        },
        "dom": {
          "days": 66,
          "yoy": 0.1578947368421053,
          "as_of": "2026-03"
        }
      },
      "Ocala": {
        "total": {
          "latest": 504,
          "latest_year": 2026,
          "latest_month": 1,
          "latest_month_name": "Jan",
          "mom": 0.23529411764705888,
          "yoy": -0.2186046511627907,
          "ytd_yoy": -0.2186046511627907,
          "ytd_count": 504
        },
        "one_unit": {
          "latest": 486,
          "latest_year": 2026,
          "latest_month": 1,
          "latest_month_name": "Jan",
          "mom": 0.21500000000000008,
          "yoy": -0.18592964824120606,
          "ytd_yoy": -0.18592964824120606,
          "ytd_count": 486
        },
        "dom": {
          "days": 74,
          "yoy": 0.1212121212121211,
          "as_of": "2026-03"
        }
      },
      "Palm Bay–Melbourne–Titusville": {
        "total": {
          "latest": 198,
          "latest_year": 2026,
          "latest_month": 1,
          "latest_month_name": "Jan",
          "mom": -0.6292134831460674,
          "yoy": -0.5560538116591929,
          "ytd_yoy": -0.5560538116591929,
          "ytd_count": 198
        },
        "one_unit": {
          "latest": 198,
          "latest_year": 2026,
          "latest_month": 1,
          "latest_month_name": "Jan",
          "mom": -0.2639405204460966,
          "yoy": -0.28776978417266186,
          "ytd_yoy": -0.28776978417266186,
          "ytd_count": 198
        },
        "dom": {
          "days": 64,
          "yoy": 0.0847457627118644,
          "as_of": "2026-03"
        }
      }
    }
  },
  "watchlist": [],
  "feed": [
    {
      "title": "‘Didn’t see that coming’: Real estate brokers react to Real-REMAX deal",
      "link": "https://www.housingwire.com/articles/real-remax-deal-reaction/",
      "published": "Wed, 29 Apr 2026"
    },
    {
      "title": "UWM adds VantageScore alongside FICO for conventional loans",
      "link": "https://www.housingwire.com/articles/uwm-fico-vantagescore-conventional/",
      "published": "Wed, 29 Apr 2026"
    },
    {
      "title": "ERA Real Estate affiliates form new billion-dollar-plus partnership in California",
      "link": "https://www.housingwire.com/articles/era-real-estate-affiliates-form-new-billion-dollar-plus-partnership-in-california/",
      "published": "Wed, 29 Apr 2026"
    },
    {
      "title": "Housing starts overachieved in March amid warning signs aplenty",
      "link": "https://www.housingwire.com/articles/housing-starts-accelerated-in-march-2026/",
      "published": "Wed, 29 Apr 2026"
    },
    {
      "title": "CoStar Group, Homes.com surge in Q1 — CEO welcomes end of activist ‘distraction’",
      "link": "https://www.housingwire.com/articles/costar-group-homes-com-surge-in-q1-ceo-welcomes-end-of-activist-distraction/",
      "published": "Wed, 29 Apr 2026"
    },
    {
      "title": "Figure’s Michael Tannenbaum warns rush to adopt AI could accelerate poor mortgage processes",
      "link": "https://www.housingwire.com/articles/figure-ceo-blockchain-ai-mortgages/",
      "published": "Wed, 29 Apr 2026"
    },
    {
      "title": "Fed Holds Rates Steady, But Rare Dissents Signal Cloudy Outlook For Future Path",
      "link": "https://www.redfin.com/news/fed-meeting-april-2026/",
      "published": "Wed, 29 Apr 2026"
    },
    {
      "title": "‘Deliver The Kind of Service People Remember and Trust’: How Maryam Amiri Became The First Redfin Agent to Sell $1 Billion Worth of Homes",
      "link": "https://www.redfin.com/news/maryam-amiri-redfin-agent-profile/",
      "published": "Wed, 29 Apr 2026"
    },
    {
      "title": "The Reveal in NYC: This ‘One-of-a-Kind’ Apartment Just Off City Hall Park is Now Listed for $2.2 Million",
      "link": "https://www.redfin.com/news/150-naussau-new-york-city-compass-listing/",
      "published": "Tue, 28 Apr 2026"
    },
    {
      "title": "Coming Soon in New Jersey: This 3-Bedroom, 2-Bath Fixer-Upper Less Than an Hour From NYC is Set to Hit the Market This Week",
      "link": "https://www.redfin.com/news/585-bamford-ave-new-jersey-listing/",
      "published": "Mon, 27 Apr 2026"
    },
    {
      "title": "Redfin Economists’ Weekly Take: Rates Likely to Hold Steady–Unless Fed Meeting or Iran War Rattle Markets",
      "link": "https://www.redfin.com/news/weekly-economic-update-april-27-2026/",
      "published": "Mon, 27 Apr 2026"
    },
    {
      "title": "The Price Point: What $500,000 Buys Across America Right Now",
      "link": "https://www.redfin.com/news/the-price-point-what-500000-buys-april-24-2026/",
      "published": "Fri, 24 Apr 2026"
    }
  ],
  "feed_101020": {
    "macro": [
      {
        "title": "UWM adds VantageScore alongside FICO for conventional loans",
        "url": "https://www.housingwire.com/articles/uwm-fico-vantagescore-conventional/",
        "what": "UWM will show FICO and VantageScore on no-cost credit reports for conventional loans, aligning with FHFA pilot plans.",
        "numbers": "",
        "justified": "housingwire.com — https://www.housingwire.com/articles/uwm-fico-vantagescore-conventional/",
        "why": "Relevant development for housing and markets.",
        "market": "Watch second-order effects across builders, lenders, and REITs."
      },
      {
        "title": "Fed Holds Rates Steady, But Rare Dissents Signal Cloudy Outlook For Future Path",
        "url": "https://www.redfin.com/news/fed-meeting-april-2026/",
        "what": "The Federal Reserve held interest rates steady at its April 29 meeting",
        "numbers": "29",
        "justified": "redfin.com — https://www.redfin.com/news/fed-meeting-april-2026/",
        "why": "Rates & inflation shape discount rates and housing affordability.",