{
  "as_of": "2026-03-10 15:11 UTC",
  "macro": {
    "spx": null,
    "ten_year": {
      "yield_pct": 4.15,
      "delta_bp_1d": 2.000000000000046
    },
    "mortgage_30y": {
      "rate_pct": 6.0,
      "delta_bp_wow": 1.9999999999999574
    },
    "starts": {
      "level_saar": 1404.0,
      "mom": 0.062027231467473465
    }
  },
  "permits": {
    "florida": {
      "latest": 13220,
      "latest_date": "2025-12",
      "mom": 0.3696643182760049,
      "yoy": 0.10590597289610182,
      "ytd": -0.002057400912362728,
      "ytd_count": 174133,
      "latest_year": 2025,
      "latest_month_name": "Dec"
    },
    "msa": {
      "Orlando–Kissimmee–Sanford": {
        "total": {
          "latest": 2182,
          "latest_year": 2025,
          "latest_month": 12,
          "latest_month_name": "Dec",
          "mom": 1.0900383141762453,
          "yoy": 0.011121408711770142,
          "ytd_yoy": 0.16461185273361112,
          "ytd_count": 27394
        },
        "one_unit": {
          "latest": 865,
          "latest_year": 2025,
          "latest_month": 12,
          "latest_month_name": "Dec",
          "mom": 0.11901681759379046,
          "yoy": -0.348644578313253,
          "ytd_yoy": -0.09051834744675391,
          "ytd_count": 14177
        },
        "dom": {
          "days": 82,
          "yoy": 0.10810810810810811,
          "as_of": "2026-02"
        }
      },
      "Tampa–St. Petersburg–Clearwater": {
        "total": {
          "latest": 1233,
          "latest_year": 2025,
          "latest_month": 12,
          "latest_month_name": "Dec",
          "mom": 0.020695364238410674,
          "yoy": 0.2992623814541622,
          "ytd_yoy": 0.06361240811797875,
          "ytd_count": 23007
        },
        "one_unit": {
          "latest": 933,
          "latest_year": 2025,
          "latest_month": 12,
          "latest_month_name": "Dec",
          "mom": 0.07986111111111116,
          "yoy": 0.015233949945593128,
          "ytd_yoy": -0.015809140557631496,
          "ytd_count": 13696
        },
        "dom": {
          "days": 80,
          "yoy": 0.21212121212121215,
          "as_of": "2026-02"
        }
      },
      "Ocala": {
        "total": {
          "latest": 408,
          "latest_year": 2025,
          "latest_month": 12,
          "latest_month_name": "Dec",
          "mom": 1.3448275862068964,
          "yoy": -0.02857142857142858,
          "ytd_yoy": -0.15358506576156128,
          "ytd_count": 5985
        },
        "one_unit": {
          "latest": 400,
          "latest_year": 2025,
          "latest_month": 12,
          "latest_month_name": "Dec",
          "mom": 1.3255813953488373,
          "yoy": -0.014778325123152691,
          "ytd_yoy": -0.15431424559213602,
          "ytd_count": 5420
        },
        "dom": {
          "days": 91,
          "yoy": 0.2816901408450705,
          "as_of": "2026-02"
        }
      },
      "Palm Bay–Melbourne–Titusville": {
        "total": {
          "latest": 534,
          "latest_year": 2025,
          "latest_month": 12,
          "latest_month_name": "Dec",
          "mom": 1.2066115702479339,
          "yoy": 0.5213675213675213,
          "ytd_yoy": -0.0004329941545788696,
          "ytd_count": 4617
        },
        "one_unit": {
          "latest": 269,
          "latest_year": 2025,
          "latest_month": 12,
          "latest_month_name": "Dec",
          "mom": 0.1350210970464134,
          "yoy": -0.2157434402332361,
          "ytd_yoy": -0.13548883756735952,
          "ytd_count": 3369
        },
        "dom": {
          "days": 72,
          "yoy": 0.07462686567164178,
          "as_of": "2026-02"
        }
      }
    }
  },
  "watchlist": [],
  "feed": [
    {
      "title": "Alexander brothers found guilty of sex trafficking",
      "link": "https://www.housingwire.com/articles/alexander-brothers-found-guilty-of-sex-trafficking/",
      "published": "Tue, 10 Mar 2026"
    },
    {
      "title": "Pennymac TPO launches non-QM product suite",
      "link": "https://www.housingwire.com/articles/pennymac-non-qm-tpo-products/",
      "published": "Tue, 10 Mar 2026"
    },
    {
      "title": "Better teams with Credit Karma to launch AI-powered refi platform",
      "link": "https://www.housingwire.com/articles/better-powers-credit-karma/",
      "published": "Tue, 10 Mar 2026"
    },
    {
      "title": "Snapdocs hires Jamie Mottern as VP of lender growth",
      "link": "https://www.housingwire.com/articles/snapdocs-jamie-mottern-lender-growth/",
      "published": "Tue, 10 Mar 2026"
    },
    {
      "title": "Plaid integrates Home Lending Report into Encompass",
      "link": "https://www.housingwire.com/articles/plaid-home-lending-encompass-integration/",
      "published": "Tue, 10 Mar 2026"
    },
    {
      "title": "Optimal Blue: February mortgage rate locks up 9% from January",
      "link": "https://www.housingwire.com/articles/optimal-blue-rate-locks-february-2026/",
      "published": "Tue, 10 Mar 2026"
    },
    {
      "title": "Long-Distance Moves Tick Up: Nearly 1 in 5 House Hunters Are Looking to Relocate",
      "link": "https://www.redfin.com/news/migration-q4-2025/",
      "published": "Tue, 10 Mar 2026"
    },
    {
      "title": "Redfin Economists’ Weekly Take: Mortgage Rates Poised For Volatility As Iran Conflict Escalates and Inflation Data Looms",
      "link": "https://www.redfin.com/news/weekly-economic-update-march-9-2026/",
      "published": "Mon, 09 Mar 2026"
    },
    {
      "title": "Weak Jobs Report Unlikely to Push Mortgage Rates Down As Escalating Iran Conflict Muddies Outlook",
      "link": "https://www.redfin.com/news/february-2026-jobs-report/",
      "published": "Fri, 06 Mar 2026"
    },
    {
      "title": "Back on the Market: Relistings Jump as Home Sellers Bet on Stronger Spring Market",
      "link": "https://www.redfin.com/news/home-relistings-2026/",
      "published": "Thu, 05 Mar 2026"
    },
    {
      "title": "House Hunters Stayed on Sidelines As Rates Dipped Below 6%, Iran War Adds to Market Uncertainty",
      "link": "https://www.redfin.com/news/housing-market-update-homebuyers-mortgage-rates-unease/",
      "published": "Thu, 05 Mar 2026"
    },
    {
      "title": "For Real Estate Investors, the West Coast Is Hot and Florida Is Not",
      "link": "https://www.redfin.com/news/investor-report-q4-2025/",
      "published": "Wed, 04 Mar 2026"
    }
  ],
  "feed_101020": {
    "macro": [
      {
        "title": "Plaid integrates Home Lending Report into Encompass",
        "url": "https://www.housingwire.com/articles/plaid-home-lending-encompass-integration/",
        "what": "Plaid integrated its Home Lending Report into Encompass, bringing account linking and up to two years of data into lender workflows.",
        "numbers": "",
        "justified": "housingwire.com — https://www.housingwire.com/articles/plaid-home-lending-encompass-integration/",
        "why": "Rates & inflation shape discount rates and housing affordability.",
        "market": "Lower rates support demand/valuations; higher rates pressure builders/REITs and slow transactions."
      },
      {
        "title": "Optimal Blue: February mortgage rate locks up 9% from January",
        "url": "https://www.housingwire.com/articles/optimal-blue-rate-locks-february-2026/",
        "what": "Mortgage rate locks rose in February as lower borrowing costs helped bring more homebuyers back into the market, according to Optimal Blue's February 2026 Market Advantage report.",
        "numbers": "2026",
        "justified": "housingwire.com — https://www.housingwire.com/articles/optimal-blue-rate-locks-february-2026/",
        "why": "Rates & inflation shape discount rates and housing affordability.",