{
  "as_of": "2025-11-25 21:30 UTC",
  "macro": {
    "spx": null,
    "ten_year": {
      "yield_pct": 4.04,
      "delta_bp_1d": -1.9999999999999574
    },
    "mortgage_30y": {
      "rate_pct": 6.26,
      "delta_bp_wow": 1.9999999999999574
    },
    "starts": {
      "level_saar": 1307.0,
      "mom": -0.08537438768369487
    }
  },
  "permits": {
    "florida": {
      "latest": 13594,
      "latest_date": "2025-08",
      "mom": -0.0727781188186345,
      "yoy": -0.13226094727435211,
      "ytd": -0.026868417713488135,
      "ytd_count": 122708,
      "latest_year": 2025,
      "latest_month_name": "Aug"
    },
    "msa": {
      "Orlando–Kissimmee–Sanford": {
        "total": {
          "latest": 1649,
          "latest_year": 2025,
          "latest_month": 8,
          "latest_month_name": "Aug",
          "mom": -0.20797310278578285,
          "yoy": -0.16336884830035514,
          "ytd_yoy": 0.20390428982314424,
          "ytd_count": 19673
        },
        "one_unit": {
          "latest": 927,
          "latest_year": 2025,
          "latest_month": 8,
          "latest_month_name": "Aug",
          "mom": -0.12793979303857006,
          "yoy": -0.382,
          "ytd_yoy": 0.008284136354979932,
          "ytd_count": 10589
        },
        "dom": {
          "days": 81,
          "yoy": 0.17391304347826098,
          "as_of": "2025-10"
        }
      },
      "Tampa–St. Petersburg–Clearwater": {
        "total": {
          "latest": 2908,
          "latest_year": 2025,
          "latest_month": 8,
          "latest_month_name": "Aug",
          "mom": 0.6645678305666858,
          "yoy": 0.465725806451613,
          "ytd_yoy": -0.06499153020892157,
          "ytd_count": 16559
        },
        "one_unit": {
          "latest": 1324,
          "latest_year": 2025,
          "latest_month": 8,
          "latest_month_name": "Aug",
          "mom": 0.16140350877192988,
          "yoy": 0.2526017029328287,
          "ytd_yoy": -0.09323079844298865,
          "ytd_count": 9551
        },
        "dom": {
          "days": 79,
          "yoy": 0.09722222222222232,
          "as_of": "2025-10"
        }
      },
      "Ocala": {
        "total": {
          "latest": 461,
          "latest_year": 2025,
          "latest_month": 8,
          "latest_month_name": "Aug",
          "mom": 0.0453514739229024,
          "yoy": 0.0453514739229024,
          "ytd_yoy": -0.1361718450326045,
          "ytd_count": 4504
        },
        "one_unit": {
          "latest": 451,
          "latest_year": 2025,
          "latest_month": 8,
          "latest_month_name": "Aug",
          "mom": 0.09200968523002429,
          "yoy": 0.0562060889929743,
          "ytd_yoy": -0.12195652173913041,
          "ytd_count": 4039
        },
        "dom": {
          "days": 78,
          "yoy": 0.11428571428571432,
          "as_of": "2025-10"
        }
      },
      "Palm Bay–Melbourne–Titusville": {
        "total": {
          "latest": 391,
          "latest_year": 2025,
          "latest_month": 8,
          "latest_month_name": "Aug",
          "mom": -0.28519195612431447,
          "yoy": 0.3076923076923077,
          "ytd_yoy": 0.03214156735283491,
          "ytd_count": 2858
        },
        "one_unit": {
          "latest": 239,
          "latest_year": 2025,
          "latest_month": 8,
          "latest_month_name": "Aug",
          "mom": -0.13090909090909086,
          "yoy": -0.2006688963210702,
          "ytd_yoy": -0.10545165141265422,
          "ytd_count": 2248
        },
        "dom": {
          "days": 75,
          "yoy": 0.08695652173913038,
          "as_of": "2025-10"
        }
      }
    }
  },
  "watchlist": [],
  "feed": [
    {
      "title": "FirstClose names Adam Nicholson director of professional services",
      "link": "https://www.housingwire.com/articles/adam-nicholson-firstclose-director/",
      "published": "Tue, 25 Nov 2025"
    },
    {
      "title": "Kevin Hassett is the rumored lead for Fed chair position",
      "link": "https://www.housingwire.com/articles/kevin-hassett-fed-chair/",
      "published": "Tue, 25 Nov 2025"
    },
    {
      "title": "New home price premium hits record low",
      "link": "https://www.housingwire.com/articles/new-home-prices/",
      "published": "Tue, 25 Nov 2025"
    },
    {
      "title": "Former local Realtor association CEO charged with grand theft",
      "link": "https://www.housingwire.com/articles/epcar-ceo-theft-arrest/",
      "published": "Tue, 25 Nov 2025"
    },
    {
      "title": "Local governments turn to AI to streamline housing development",
      "link": "https://www.housingwire.com/articles/local-governments-turn-to-ai-to-streamline-housing-development/",
      "published": "Tue, 25 Nov 2025"
    },
    {
      "title": "Lender Price integrates FOA’s reverse products into marketplace",
      "link": "https://www.housingwire.com/articles/reverse-mortgage-pricing-lender-price/",
      "published": "Tue, 25 Nov 2025"
    },
    {
      "title": "West Palm Beach Tops 10-Year Luxury Home Price Growth as Traditional Giants Like New York Lag Behind",
      "link": "https://www.redfin.com/news/luxury-home-prices-decade/",
      "published": "Tue, 25 Nov 2025"
    },
    {
      "title": "Delistings Jump 28% as Sellers Pull Homes Off Market Rather Than Settle For Low Prices",
      "link": "https://www.redfin.com/news/delistings-jump-sellers-pull-homes-off-market/",
      "published": "Tue, 25 Nov 2025"
    },
    {
      "title": "Redfin Economists’ Weekly Take: Odds Firm for December Rate Cut Despite Limited Data",
      "link": "https://www.redfin.com/news/weekly-economics-update-november-24/",
      "published": "Tue, 25 Nov 2025"
    },
    {
      "title": "Say hello to our October Newfins!",
      "link": "https://www.redfin.com/news/october-2025-agent-hires/",
      "published": "Mon, 24 Nov 2025"
    },
    {
      "title": "U.S. Luxury Home Prices Jump 5.5% in October, Triple the Pace of Non-Luxury Homes",
      "link": "https://www.redfin.com/news/luxury-homes-market-october-2025/",
      "published": "Fri, 21 Nov 2025"
    },
    {
      "title": "Mortgage Rates to Hold Firm as Delayed Jobs Report Shows Unemployment at 4-Year High",
      "link": "https://www.redfin.com/news/delayed-september-jobs-report-analysis/",
      "published": "Thu, 20 Nov 2025"
    }
  ],
  "feed_101020": {
    "macro": [
      {
        "title": "Kevin Hassett is the rumored lead for Fed chair position",
        "url": "https://www.housingwire.com/articles/kevin-hassett-fed-chair/",
        "what": "Kevin Hassett is the rumored frontrunner to become the next Federal Reserve chair as he aligns with Trump's interest rate agenda.",
        "numbers": "",
        "justified": "housingwire.com — https://www.housingwire.com/articles/kevin-hassett-fed-chair/",
        "why": "Rates & inflation shape discount rates and housing affordability.",
        "market": "Lower rates support demand/valuations; higher rates pressure builders/REITs and slow transactions."
      },
      {
        "title": "New home price premium hits record low",
        "url": "https://www.housingwire.com/articles/new-home-prices/",
        "what": "Monthly payments for new and existing homes are nearly equal due to builder incentives and stagnating prices",
        "numbers": "3.",
        "justified": "housingwire.com — https://www.housingwire.com/articles/new-home-prices/",
        "why": "Rates & inflation shape discount rates and housing affordability.",
        "market": "Lower rates support demand/valuations; higher rates pressure builders/REITs and slow transactions."
      },
      {
        "title": "Lender Price integrates FOA’s reverse products into marketplace",
        "url": "https://www.housingwire.com/articles/reverse-mortgage-pricing-lender-price/",