{
  "as_of": "2026-02-23 22:02 UTC",
  "macro": {
    "spx": null,
    "ten_year": {
      "yield_pct": 4.08,
      "delta_bp_1d": 0.0
    },
    "mortgage_30y": {
      "rate_pct": 6.01,
      "delta_bp_wow": -8.000000000000007
    },
    "starts": {
      "level_saar": 1404.0,
      "mom": 0.062027231467473465
    }
  },
  "permits": {
    "florida": {
      "latest": 15200,
      "latest_date": "2025-10",
      "mom": 0.13832097655957454,
      "yoy": 0.14268531047962707,
      "ytd": -0.0034062907667777864,
      "ytd_count": 151261,
      "latest_year": 2025,
      "latest_month_name": "Oct"
    },
    "msa": {
      "Orlando–Kissimmee–Sanford": {
        "total": {
          "latest": 2471,
          "latest_year": 2025,
          "latest_month": 10,
          "latest_month_name": "Oct",
          "mom": 0.2208498023715415,
          "yoy": 0.505789152955515,
          "ytd_yoy": 0.2098518221866239,
          "ytd_count": 24168
        },
        "one_unit": {
          "latest": 1094,
          "latest_year": 2025,
          "latest_month": 10,
          "latest_month_name": "Oct",
          "mom": 0.27803738317757,
          "yoy": -0.09060681629260181,
          "ytd_yoy": -0.03620292083013066,
          "ytd_count": 12539
        },
        "dom": {
          "days": 88,
          "yoy": 0.08641975308641969,
          "as_of": "2026-01"
        }
      },
      "Tampa–St. Petersburg–Clearwater": {
        "total": {
          "latest": 2427,
          "latest_year": 2025,
          "latest_month": 10,
          "latest_month_name": "Oct",
          "mom": 0.5360759493670886,
          "yoy": 1.2939508506616257,
          "ytd_yoy": 0.04073680481757003,
          "ytd_count": 20566
        },
        "one_unit": {
          "latest": 1287,
          "latest_year": 2025,
          "latest_month": 10,
          "latest_month_name": "Oct",
          "mom": 0.2130065975494817,
          "yoy": 0.5,
          "ytd_yoy": -0.015960965927886206,
          "ytd_count": 11899
        },
        "dom": {
          "days": 85,
          "yoy": 0.2142857142857142,
          "as_of": "2026-01"
        }
      },
      "Ocala": {
        "total": {
          "latest": 470,
          "latest_year": 2025,
          "latest_month": 10,
          "latest_month_name": "Oct",
          "mom": 0.09557109557109555,
          "yoy": -0.010526315789473717,
          "ytd_yoy": -0.13937559732398852,
          "ytd_count": 5403
        },
        "one_unit": {
          "latest": 444,
          "latest_year": 2025,
          "latest_month": 10,
          "latest_month_name": "Oct",
          "mom": 0.21643835616438367,
          "yoy": -0.0326797385620915,
          "ytd_yoy": -0.1404255319148936,
          "ytd_count": 4848
        },
        "dom": {
          "days": 93,
          "yoy": 0.2567567567567568,
          "as_of": "2026-01"
        }
      },
      "Palm Bay–Melbourne–Titusville": {
        "total": {
          "latest": 343,
          "latest_year": 2025,
          "latest_month": 10,
          "latest_month_name": "Oct",
          "mom": -0.46406250000000004,
          "yoy": -0.51,
          "ytd_yoy": -0.004406428201140455,
          "ytd_count": 3841
        },
        "one_unit": {
          "latest": 343,
          "latest_year": 2025,
          "latest_month": 10,
          "latest_month_name": "Oct",
          "mom": 0.26102941176470584,
          "yoy": 0.026946107784431073,
          "ytd_yoy": -0.11307311028500622,
          "ytd_count": 2863
        },
        "dom": {
          "days": 77,
          "yoy": 0.0547945205479452,
          "as_of": "2026-01"
        }
      }
    }
  },
  "watchlist": [],
  "feed": [
    {
      "title": "C2 Financial pushes for nationwide growth, top broker ranking",
      "link": "https://www.housingwire.com/articles/c2-financial-top-broker-ranking/",
      "published": "Mon, 23 Feb 2026"
    },
    {
      "title": "The hidden housing cost Washington can’t ignore: real estate fraud",
      "link": "https://www.housingwire.com/articles/title-insurance-fraud-risk/",
      "published": "Mon, 23 Feb 2026"
    },
    {
      "title": "Fix-and-flip investor sentiment climbs even as 2025 activity declines",
      "link": "https://www.housingwire.com/articles/fix-flip-sentiment-2026/",
      "published": "Mon, 23 Feb 2026"
    },
    {
      "title": "Spreads play the superhero as mortgage rates move below 6% again",
      "link": "https://www.housingwire.com/articles/mortgage-rates-under-6-spreads/",
      "published": "Mon, 23 Feb 2026"
    },
    {
      "title": "VoicePilot lets CAR members draft forms by voice",
      "link": "https://www.housingwire.com/articles/car-ethica-ai-voicepilot/",
      "published": "Mon, 23 Feb 2026"
    },
    {
      "title": "Where does HUD’s potential reverse mortgage revamp stand?",
      "link": "https://www.housingwire.com/articles/hud-reverse-mortgage-changes/",
      "published": "Mon, 23 Feb 2026"
    },
    {
      "title": "Mortgage Rates Drop to Lowest Level Since 2022, Handing Homebuyers More Purchasing Power",
      "link": "https://www.redfin.com/news/purchasing-power-up-mortgage-rates-down/",
      "published": "Mon, 23 Feb 2026"
    },
    {
      "title": "It’s a Buyer’s Market: America Has 44% More Home Sellers Than Buyers—a Near-Record Gap",
      "link": "https://www.redfin.com/news/buyers-vs-sellers-january-2025/",
      "published": "Mon, 23 Feb 2026"
    },
    {
      "title": "Home Prices Start Year Up Just 1% as Buyer’s Market Keeps Growth in Check",
      "link": "https://www.redfin.com/news/home-prices-rise-january-2026/",
      "published": "Thu, 19 Feb 2026"
    },
    {
      "title": "Pending U.S. Home Sales Fall 6% As Would-Be Buyers Sit Out Slow Winter Market",
      "link": "https://www.redfin.com/news/housing-market-update-pending-sales-fall-slow-winter/",
      "published": "Thu, 19 Feb 2026"
    },
    {
      "title": "Coastal Florida Dominated January’s Priciest Home Sales, Led By $55M Naples Estate",
      "link": "https://www.redfin.com/news/most-expensive-home-sales-january-2026/",
      "published": "Wed, 18 Feb 2026"
    },
    {
      "title": "U.S. Home Prices Crept Up 0.3% in January",
      "link": "https://www.redfin.com/news/home-price-index-january-2026/",
      "published": "Tue, 17 Feb 2026"
    }
  ],
  "feed_101020": {
    "macro": [
      {
        "title": "Spreads play the superhero as mortgage rates move below 6% again",
        "url": "https://www.housingwire.com/articles/mortgage-rates-under-6-spreads/",
        "what": "After a weekend of crazy headlines and a stock sell-off on Monday morning, bond yields are close to hitting 4% again, but mortgage rates are back under 6% once again, which is the",
        "numbers": "4, 6",
        "justified": "housingwire.com — https://www.housingwire.com/articles/mortgage-rates-under-6-spreads/",
        "why": "Rates & inflation shape discount rates and housing affordability.",
        "market": "Lower rates support demand/valuations; higher rates pressure builders/REITs and slow transactions."
      },
      {
        "title": "Mortgage Rates Drop to Lowest Level Since 2022, Handing Homebuyers More Purchasing Power",
        "url": "https://www.redfin.com/news/purchasing-power-up-mortgage-rates-down/",
        "what": "Along with more purchasing power, house hunters have negotiating power as sellers greatly outnumber buyers",
        "numbers": "5.99, 23,, 2022,, 9, $3,000",
        "justified": "redfin.com — https://www.redfin.com/news/purchasing-power-up-mortgage-rates-down/",
        "why": "Rates & inflation shape discount rates and housing affordability.",
        "market": "Lower rates support demand/valuations; higher rates pressure builders/REITs and slow transactions."
      },
      {
        "title": "Where does HUD’s potential reverse mortgage revamp stand?",
        "url": "https://www.housingwire.com/articles/hud-reverse-mortgage-changes/",