{
  "as_of": "2026-01-09 17:38 UTC",
  "macro": {
    "spx": null,
    "ten_year": {
      "yield_pct": 4.15,
      "delta_bp_1d": -2.999999999999936
    },
    "mortgage_30y": {
      "rate_pct": 6.16,
      "delta_bp_wow": 0.9999999999999787
    },
    "starts": {
      "level_saar": 1246.0,
      "mom": -0.04594180704441042
    }
  },
  "permits": {
    "florida": {
      "latest": 13594,
      "latest_date": "2025-08",
      "mom": -0.0727781188186345,
      "yoy": -0.13226094727435211,
      "ytd": -0.026868417713488135,
      "ytd_count": 122708,
      "latest_year": 2025,
      "latest_month_name": "Aug"
    },
    "msa": {
      "Orlando–Kissimmee–Sanford": {
        "total": {
          "latest": 1649,
          "latest_year": 2025,
          "latest_month": 8,
          "latest_month_name": "Aug",
          "mom": -0.20797310278578285,
          "yoy": -0.16336884830035514,
          "ytd_yoy": 0.20390428982314424,
          "ytd_count": 19673
        },
        "one_unit": {
          "latest": 927,
          "latest_year": 2025,
          "latest_month": 8,
          "latest_month_name": "Aug",
          "mom": -0.12793979303857006,
          "yoy": -0.382,
          "ytd_yoy": 0.008284136354979932,
          "ytd_count": 10589
        },
        "dom": {
          "days": 80,
          "yoy": 0.09589041095890405,
          "as_of": "2025-11"
        }
      },
      "Tampa–St. Petersburg–Clearwater": {
        "total": {
          "latest": 2908,
          "latest_year": 2025,
          "latest_month": 8,
          "latest_month_name": "Aug",
          "mom": 0.6645678305666858,
          "yoy": 0.465725806451613,
          "ytd_yoy": -0.06499153020892157,
          "ytd_count": 16559
        },
        "one_unit": {
          "latest": 1324,
          "latest_year": 2025,
          "latest_month": 8,
          "latest_month_name": "Aug",
          "mom": 0.16140350877192988,
          "yoy": 0.2526017029328287,
          "ytd_yoy": -0.09323079844298865,
          "ytd_count": 9551
        },
        "dom": {
          "days": 78,
          "yoy": 0.054054054054053946,
          "as_of": "2025-11"
        }
      },
      "Ocala": {
        "total": {
          "latest": 461,
          "latest_year": 2025,
          "latest_month": 8,
          "latest_month_name": "Aug",
          "mom": 0.0453514739229024,
          "yoy": 0.0453514739229024,
          "ytd_yoy": -0.1361718450326045,
          "ytd_count": 4504
        },
        "one_unit": {
          "latest": 451,
          "latest_year": 2025,
          "latest_month": 8,
          "latest_month_name": "Aug",
          "mom": 0.09200968523002429,
          "yoy": 0.0562060889929743,
          "ytd_yoy": -0.12195652173913041,
          "ytd_count": 4039
        },
        "dom": {
          "days": 79,
          "yoy": 0.12857142857142856,
          "as_of": "2025-11"
        }
      },
      "Palm Bay–Melbourne–Titusville": {
        "total": {
          "latest": 391,
          "latest_year": 2025,
          "latest_month": 8,
          "latest_month_name": "Aug",
          "mom": -0.28519195612431447,
          "yoy": 0.3076923076923077,
          "ytd_yoy": 0.03214156735283491,
          "ytd_count": 2858
        },
        "one_unit": {
          "latest": 239,
          "latest_year": 2025,
          "latest_month": 8,
          "latest_month_name": "Aug",
          "mom": -0.13090909090909086,
          "yoy": -0.2006688963210702,
          "ytd_yoy": -0.10545165141265422,
          "ytd_count": 2248
        },
        "dom": {
          "days": 74,
          "yoy": 0.04225352112676051,
          "as_of": "2025-11"
        }
      }
    }
  },
  "watchlist": [],
  "feed": [
    {
      "title": "Cotality’s Thom Malone on Trump’s proposed institutional investor ban",
      "link": "https://www.housingwire.com/articles/trump-housing-investor-policy/",
      "published": "Fri, 09 Jan 2026"
    },
    {
      "title": "Modest jobs gain in December signals even cooler labor market",
      "link": "https://www.housingwire.com/articles/jobs-unemployment-housing-market-2026/",
      "published": "Fri, 09 Jan 2026"
    },
    {
      "title": "AIME-Sweeney lawsuit moves to Michigan court",
      "link": "https://www.housingwire.com/articles/aime-sweeney-lawsuit-michigan/",
      "published": "Fri, 09 Jan 2026"
    },
    {
      "title": "Compass closes $1.6B Anywhere merger, forms industry giant",
      "link": "https://www.housingwire.com/articles/compass-closes-1-6b-anywhere-merger-forms-industry-giant/",
      "published": "Fri, 09 Jan 2026"
    },
    {
      "title": "Why the fix-and-flip sector is poised for a breakout in 2026",
      "link": "https://www.housingwire.com/articles/why-the-fix-and-flip-sector-is-poised-for-a-breakout-in-2026/",
      "published": "Fri, 09 Jan 2026"
    },
    {
      "title": "Compass-Anywhere merger closing imminent, brokers share plans to compete",
      "link": "https://www.housingwire.com/articles/compass-anywhere-merger-broker-strategy/",
      "published": "Thu, 08 Jan 2026"
    },
    {
      "title": "Mixed Jobs Report Unlikely to Move Mortgage Rates Further",
      "link": "https://www.redfin.com/news/mixed-jobs-report-unlikely-to-move-mortgage-rates/",
      "published": "Fri, 09 Jan 2026"
    },
    {
      "title": "Trump Orders $200B Mortgage Bond Buy, Which Will Likely Nudge Rates Down Slightly to 6%",
      "link": "https://www.redfin.com/news/federal-government-mortgage-bonds/",
      "published": "Thu, 08 Jan 2026"
    },
    {
      "title": "Housing Payments Drop to Lowest Level in 2 Years As Mortgage Rates Decline",
      "link": "https://www.redfin.com/news/housing-market-update-housing-payments-lowest-level-2-years/",
      "published": "Thu, 08 Jan 2026"
    },
    {
      "title": "Banning Corporate Landlords Won’t Fix the Housing Affordability Crisis. Building More Homes Just Might.",
      "link": "https://www.redfin.com/news/banning-investors-pros-cons/",
      "published": "Wed, 07 Jan 2026"
    },
    {
      "title": "Redfin Economists’ Weekly Take: First Jobs Report of 2026 Could Impact Mortgage Rates",
      "link": "https://www.redfin.com/news/weekly-economic-update-january-5/",
      "published": "Mon, 05 Jan 2026"
    },
    {
      "title": "The Real Estate: 2025 Year in Review",
      "link": "https://www.redfin.com/news/the-real-estate-2025-year-in-review/",
      "published": "Tue, 30 Dec 2025"
    }
  ],
  "feed_101020": {
    "macro": [
      {
        "title": "Modest jobs gain in December signals even cooler labor market",
        "url": "https://www.housingwire.com/articles/jobs-unemployment-housing-market-2026/",
        "what": "December’s jobs report shows modest growth and a slight drop in unemployment, raising questions for the Fed and housing market.",
        "numbers": "",
        "justified": "housingwire.com — https://www.housingwire.com/articles/jobs-unemployment-housing-market-2026/",
        "why": "Rates & inflation shape discount rates and housing affordability.",
        "market": "Lower rates support demand/valuations; higher rates pressure builders/REITs and slow transactions."
      },
      {
        "title": "Mixed Jobs Report Unlikely to Move Mortgage Rates Further",
        "url": "https://www.redfin.com/news/mixed-jobs-report-unlikely-to-move-mortgage-rates/",
        "what": "Takeaway: Another low hire-low fire jobs report leaves the Fed on track to leave rates alone for the next couple of meetings as expected, implying mortgage rates will stay where they are",
        "numbers": "$200, 4.6, 4.4",
        "justified": "redfin.com — https://www.redfin.com/news/mixed-jobs-report-unlikely-to-move-mortgage-rates/",
        "why": "Rates & inflation shape discount rates and housing affordability.",