{
  "as_of": "2026-04-18 09:04 UTC",
  "macro": {
    "spx": null,
    "ten_year": {
      "yield_pct": 4.32,
      "delta_bp_1d": 3.000000000000025
    },
    "mortgage_30y": {
      "rate_pct": 6.3,
      "delta_bp_wow": -7.000000000000028
    },
    "starts": {
      "level_saar": 1487.0,
      "mom": 0.07209805335255948
    }
  },
  "permits": {
    "florida": {
      "latest": 11132,
      "latest_date": "2026-01",
      "mom": -0.15794251134644477,
      "yoy": -0.3402086296823139,
      "ytd": -0.3402086296823139,
      "ytd_count": 11132,
      "latest_year": 2026,
      "latest_month_name": "Jan"
    },
    "msa": {
      "Orlando–Kissimmee–Sanford": {
        "total": {
          "latest": 1394,
          "latest_year": 2026,
          "latest_month": 1,
          "latest_month_name": "Jan",
          "mom": -0.3611365719523373,
          "yoy": -0.6161894273127753,
          "ytd_yoy": -0.6161894273127753,
          "ytd_count": 1394
        },
        "one_unit": {
          "latest": 956,
          "latest_year": 2026,
          "latest_month": 1,
          "latest_month_name": "Jan",
          "mom": 0.10520231213872822,
          "yoy": -0.3137114142139268,
          "ytd_yoy": -0.3137114142139268,
          "ytd_count": 956
        },
        "dom": {
          "days": 67,
          "yoy": 0.1166666666666667,
          "as_of": "2026-03"
        }
      },
      "Tampa–St. Petersburg–Clearwater": {
        "total": {
          "latest": 1255,
          "latest_year": 2026,
          "latest_month": 1,
          "latest_month_name": "Jan",
          "mom": 0.017842660178426506,
          "yoy": -0.42219152854511965,
          "ytd_yoy": -0.42219152854511965,
          "ytd_count": 1255
        },
        "one_unit": {
          "latest": 1120,
          "latest_year": 2026,
          "latest_month": 1,
          "latest_month_name": "Jan",
          "mom": 0.20042872454448024,
          "yoy": 0.02658111824014675,
          "ytd_yoy": 0.02658111824014675,
          "ytd_count": 1120
        },
        "dom": {
          "days": 66,
          "yoy": 0.1578947368421053,
          "as_of": "2026-03"
        }
      },
      "Ocala": {
        "total": {
          "latest": 504,
          "latest_year": 2026,
          "latest_month": 1,
          "latest_month_name": "Jan",
          "mom": 0.23529411764705888,
          "yoy": -0.2186046511627907,
          "ytd_yoy": -0.2186046511627907,
          "ytd_count": 504
        },
        "one_unit": {
          "latest": 486,
          "latest_year": 2026,
          "latest_month": 1,
          "latest_month_name": "Jan",
          "mom": 0.21500000000000008,
          "yoy": -0.18592964824120606,
          "ytd_yoy": -0.18592964824120606,
          "ytd_count": 486
        },
        "dom": {
          "days": 74,
          "yoy": 0.1212121212121211,
          "as_of": "2026-03"
        }
      },
      "Palm Bay–Melbourne–Titusville": {
        "total": {
          "latest": 198,
          "latest_year": 2026,
          "latest_month": 1,
          "latest_month_name": "Jan",
          "mom": -0.6292134831460674,
          "yoy": -0.5560538116591929,
          "ytd_yoy": -0.5560538116591929,
          "ytd_count": 198
        },
        "one_unit": {
          "latest": 198,
          "latest_year": 2026,
          "latest_month": 1,
          "latest_month_name": "Jan",
          "mom": -0.2639405204460966,
          "yoy": -0.28776978417266186,
          "ytd_yoy": -0.28776978417266186,
          "ytd_count": 198
        },
        "dom": {
          "days": 64,
          "yoy": 0.0847457627118644,
          "as_of": "2026-03"
        }
      }
    }
  },
  "watchlist": [],
  "feed": [
    {
      "title": "Three lessons for mortgage leaders right now",
      "link": "https://www.housingwire.com/articles/three-lessons-for-mortgage-leaders-right-now/",
      "published": "Fri, 17 Apr 2026"
    },
    {
      "title": "RealTrends Verified top performers prove there’s no one way to scale",
      "link": "https://www.housingwire.com/articles/kw-sothebys-realtrends-success/",
      "published": "Fri, 17 Apr 2026"
    },
    {
      "title": "Real estate tech shifting from Swiss Army knives to scalpels",
      "link": "https://www.housingwire.com/articles/rezora-ai-voice-prospecting/",
      "published": "Fri, 17 Apr 2026"
    },
    {
      "title": "Tri Pointe Homes shareholders approve merger with Sumitomo Forestry",
      "link": "https://www.housingwire.com/articles/tri-pointe-homes-merger-sumitomo-forestry/",
      "published": "Fri, 17 Apr 2026"
    },
    {
      "title": "HOA liens climb 8.6% nationwide in 2025, with Sun Belt states feeling the most heat",
      "link": "https://www.housingwire.com/articles/hoa-lien-filings-2025/",
      "published": "Fri, 17 Apr 2026"
    },
    {
      "title": "Portable credit reports spark debate over costs, feasibility",
      "link": "https://www.housingwire.com/articles/portable-credit-reports-mortgage/",
      "published": "Fri, 17 Apr 2026"
    },
    {
      "title": "U.S. Homeowners Are Remodeling Instead of Relocating",
      "link": "https://www.redfin.com/news/survey-homeowners-remodel-not-renovate/",
      "published": "Fri, 17 Apr 2026"
    },
    {
      "title": "This Spring’s Housing Market Is Unseasonably Slow As Iran War, High Costs Curb Demand",
      "link": "https://www.redfin.com/news/housing-market-update-spring-unseasonably-slow/",
      "published": "Thu, 16 Apr 2026"
    },
    {
      "title": "San Francisco Home Prices Jump Most in 8 Years Amid AI Boom",
      "link": "https://www.redfin.com/news/san-francisco-home-prices-march-2026/",
      "published": "Thu, 16 Apr 2026"
    },
    {
      "title": "Redfin Calls on NWMLS to Give Home Sellers More Choice",
      "link": "https://www.redfin.com/news/redfin-calls-on-nwmls-to-give-home-sellers-more-choice/",
      "published": "Thu, 16 Apr 2026"
    },
    {
      "title": "A Billionaire Beach Party: Mark Zuckerberg’s $170 Million Florida Purchase Tops March’s Most Expensive Home Sales",
      "link": "https://www.redfin.com/news/most-expensive-home-sales-march-2026/",
      "published": "Wed, 15 Apr 2026"
    },
    {
      "title": "Over One-Third of American Workers Are Delaying or Canceling Major Purchases Due to Job Security Concerns",
      "link": "https://www.redfin.com/news/job-security-major-purchases-2026/",
      "published": "Wed, 15 Apr 2026"
    }
  ],
  "feed_101020": {
    "macro": [
      {
        "title": "America’s housing shortage stems from more than overregulation, Fed report finds",
        "url": "https://www.housingwire.com/articles/america-housing-shortage-report/",
        "what": "The St",
        "numbers": "",
        "justified": "housingwire.com — https://www.housingwire.com/articles/america-housing-shortage-report/",
        "why": "Rates & inflation shape discount rates and housing affordability.",
        "market": "Lower rates support demand/valuations; higher rates pressure builders/REITs and slow transactions."
      },
      {
        "title": "San Francisco Home Prices Jump Most in 8 Years Amid AI Boom",
        "url": "https://www.redfin.com/news/san-francisco-home-prices-march-2026/",
        "what": "The median sale price in the Bay Area metro rose 14% year over year in March, compared with a 1% gain nationwide",
        "numbers": "14, 1, 8",
        "justified": "redfin.com — https://www.redfin.com/news/san-francisco-home-prices-march-2026/",
        "why": "Price trend signals wealth effects and buyer/seller power.",
        "market": "Firm prices help builder margins; softness hits comps and sentiment."
      }
    ],
    "housing": [
      {
        "title": "Three lessons for mortgage leaders right now",
        "url": "https://www.housingwire.com/articles/three-lessons-for-mortgage-leaders-right-now/",