{
  "as_of": "2026-02-03 15:02 UTC",
  "macro": {
    "spx": null,
    "ten_year": {
      "yield_pct": 4.26,
      "delta_bp_1d": 1.9999999999999574
    },
    "mortgage_30y": {
      "rate_pct": 6.1,
      "delta_bp_wow": 0.9999999999999787
    },
    "starts": {
      "level_saar": 1246.0,
      "mom": -0.04594180704441042
    }
  },
  "permits": {
    "florida": {
      "latest": 15200,
      "latest_date": "2025-10",
      "mom": 0.13832097655957454,
      "yoy": 0.14268531047962707,
      "ytd": -0.0034062907667777864,
      "ytd_count": 151261,
      "latest_year": 2025,
      "latest_month_name": "Oct"
    },
    "msa": {
      "Orlando–Kissimmee–Sanford": {
        "total": {
          "latest": 2471,
          "latest_year": 2025,
          "latest_month": 10,
          "latest_month_name": "Oct",
          "mom": 0.2208498023715415,
          "yoy": 0.505789152955515,
          "ytd_yoy": 0.2098518221866239,
          "ytd_count": 24168
        },
        "one_unit": {
          "latest": 1094,
          "latest_year": 2025,
          "latest_month": 10,
          "latest_month_name": "Oct",
          "mom": 0.27803738317757,
          "yoy": -0.09060681629260181,
          "ytd_yoy": -0.03620292083013066,
          "ytd_count": 12539
        },
        "dom": {
          "days": 83,
          "yoy": 0.03750000000000009,
          "as_of": "2025-12"
        }
      },
      "Tampa–St. Petersburg–Clearwater": {
        "total": {
          "latest": 2427,
          "latest_year": 2025,
          "latest_month": 10,
          "latest_month_name": "Oct",
          "mom": 0.5360759493670886,
          "yoy": 1.2939508506616257,
          "ytd_yoy": 0.04073680481757003,
          "ytd_count": 20566
        },
        "one_unit": {
          "latest": 1287,
          "latest_year": 2025,
          "latest_month": 10,
          "latest_month_name": "Oct",
          "mom": 0.2130065975494817,
          "yoy": 0.5,
          "ytd_yoy": -0.015960965927886206,
          "ytd_count": 11899
        },
        "dom": {
          "days": 80,
          "yoy": 0.11111111111111116,
          "as_of": "2025-12"
        }
      },
      "Ocala": {
        "total": {
          "latest": 470,
          "latest_year": 2025,
          "latest_month": 10,
          "latest_month_name": "Oct",
          "mom": 0.09557109557109555,
          "yoy": -0.010526315789473717,
          "ytd_yoy": -0.13937559732398852,
          "ytd_count": 5403
        },
        "one_unit": {
          "latest": 444,
          "latest_year": 2025,
          "latest_month": 10,
          "latest_month_name": "Oct",
          "mom": 0.21643835616438367,
          "yoy": -0.0326797385620915,
          "ytd_yoy": -0.1404255319148936,
          "ytd_count": 4848
        },
        "dom": {
          "days": 87,
          "yoy": 0.15999999999999992,
          "as_of": "2025-12"
        }
      },
      "Palm Bay–Melbourne–Titusville": {
        "total": {
          "latest": 343,
          "latest_year": 2025,
          "latest_month": 10,
          "latest_month_name": "Oct",
          "mom": -0.46406250000000004,
          "yoy": -0.51,
          "ytd_yoy": -0.004406428201140455,
          "ytd_count": 3841
        },
        "one_unit": {
          "latest": 343,
          "latest_year": 2025,
          "latest_month": 10,
          "latest_month_name": "Oct",
          "mom": 0.26102941176470584,
          "yoy": 0.026946107784431073,
          "ytd_yoy": -0.11307311028500622,
          "ytd_count": 2863
        },
        "dom": {
          "days": 78,
          "yoy": 0.040000000000000036,
          "as_of": "2025-12"
        }
      }
    }
  },
  "watchlist": [],
  "feed": [
    {
      "title": "Real estate broker trust account violations, DRE enforcement and compliance best practices",
      "link": "https://www.housingwire.com/articles/broker-dre-trust-violations/",
      "published": "Tue, 03 Feb 2026"
    },
    {
      "title": "LPT Realty parent company acquires Humaniz, Reside",
      "link": "https://www.housingwire.com/articles/lpt-realty-humaniz-reside-acquisition/",
      "published": "Tue, 03 Feb 2026"
    },
    {
      "title": "PulteGroup to divest ICG as factory costs challenge builders",
      "link": "https://www.housingwire.com/articles/pulte-factory-exit/",
      "published": "Tue, 03 Feb 2026"
    },
    {
      "title": "SERHANT. names founding agents for Boston expansion",
      "link": "https://www.housingwire.com/articles/serhant-names-founding-agents-for-boston-expansion/",
      "published": "Tue, 03 Feb 2026"
    },
    {
      "title": "Keller Williams settles Batton homebuyer commission lawsuit for $20 million",
      "link": "https://www.housingwire.com/articles/keller-williams-batton-settlement/",
      "published": "Tue, 03 Feb 2026"
    },
    {
      "title": "MBA’s Broeksmit says credit bureau trade group “gaslit” mortgage industry",
      "link": "https://www.housingwire.com/articles/mba-single-bureau-credit-pull/",
      "published": "Mon, 02 Feb 2026"
    },
    {
      "title": "Luxury Home Prices Keep Climbing Despite Sluggish Demand",
      "link": "https://www.redfin.com/news/luxury-homes-market-q4-2025/",
      "published": "Tue, 03 Feb 2026"
    },
    {
      "title": "Black Gen Zers and Millennials Are Half As Likely to Own Their Home As White Counterparts",
      "link": "https://www.redfin.com/news/homeownership-rate-by-race-2025/",
      "published": "Tue, 03 Feb 2026"
    },
    {
      "title": "Redfin Economists’ Weekly Take: Mortgage Rates Tick Up After Strong Manufacturing Report, Key Jobs Data Delayed",
      "link": "https://www.redfin.com/news/weekly-economic-update-manufacturing-report/",
      "published": "Mon, 02 Feb 2026"
    },
    {
      "title": "How Climate Disasters Turn Homeowners Into Renters",
      "link": "https://www.redfin.com/news/climate-disasters-homeowners-renters/",
      "published": "Mon, 02 Feb 2026"
    },
    {
      "title": "Homebuyers Are Scoring the Biggest Discounts in 13 Years",
      "link": "https://www.redfin.com/news/homebuyer-discounts-below-list-price-2025/",
      "published": "Mon, 02 Feb 2026"
    },
    {
      "title": "My Friday Tour of Santa Barbara Listings: A Beach-Access Fixer and a Backyard Pool",
      "link": "https://www.redfin.com/news/santa-barbara-listings/",
      "published": "Sat, 31 Jan 2026"
    }
  ],
  "feed_101020": {
    "macro": [
      {
        "title": "MBA’s Broeksmit says credit bureau trade group “gaslit” mortgage industry",
        "url": "https://www.housingwire.com/articles/mba-single-bureau-credit-pull/",
        "what": "“From a risk management perspective, continuing to require three in-files and three scores on every borrower has long been an anachronism,\" Broeksmit said",
        "numbers": "",
        "justified": "housingwire.com — https://www.housingwire.com/articles/mba-single-bureau-credit-pull/",
        "why": "Rates & inflation shape discount rates and housing affordability.",
        "market": "Lower rates support demand/valuations; higher rates pressure builders/REITs and slow transactions."
      },
      {
        "title": "BLS jobs report for January delayed by partial government shutdown",
        "url": "https://www.housingwire.com/articles/bls-jobs-report-delay/",
        "what": "The BLS January jobs report is postponed due to a government shutdown, delaying the release of key labor data and economic indicators.",
        "numbers": "",
        "justified": "housingwire.com — https://www.housingwire.com/articles/bls-jobs-report-delay/",
        "why": "Relevant development for housing and markets.",
        "market": "Watch second-order effects across builders, lenders, and REITs."
      },
      {
        "title": "Redfin Economists’ Weekly Take: Mortgage Rates Tick Up After Strong Manufacturing Report, Key Jobs Data Delayed",
        "url": "https://www.redfin.com/news/weekly-economic-update-manufacturing-report/",