{
  "as_of": "2026-01-12 10:44 UTC",
  "macro": {
    "spx": null,
    "ten_year": {
      "yield_pct": 4.19,
      "delta_bp_1d": 4.0000000000000036
    },
    "mortgage_30y": {
      "rate_pct": 6.16,
      "delta_bp_wow": 0.9999999999999787
    },
    "starts": {
      "level_saar": 1246.0,
      "mom": -0.04594180704441042
    }
  },
  "permits": {
    "florida": {
      "latest": 13594,
      "latest_date": "2025-08",
      "mom": -0.0727781188186345,
      "yoy": -0.13226094727435211,
      "ytd": -0.026868417713488135,
      "ytd_count": 122708,
      "latest_year": 2025,
      "latest_month_name": "Aug"
    },
    "msa": {
      "Orlando–Kissimmee–Sanford": {
        "total": {
          "latest": 1649,
          "latest_year": 2025,
          "latest_month": 8,
          "latest_month_name": "Aug",
          "mom": -0.20797310278578285,
          "yoy": -0.16336884830035514,
          "ytd_yoy": 0.20390428982314424,
          "ytd_count": 19673
        },
        "one_unit": {
          "latest": 927,
          "latest_year": 2025,
          "latest_month": 8,
          "latest_month_name": "Aug",
          "mom": -0.12793979303857006,
          "yoy": -0.382,
          "ytd_yoy": 0.008284136354979932,
          "ytd_count": 10589
        },
        "dom": {
          "days": 80,
          "yoy": 0.09589041095890405,
          "as_of": "2025-11"
        }
      },
      "Tampa–St. Petersburg–Clearwater": {
        "total": {
          "latest": 2908,
          "latest_year": 2025,
          "latest_month": 8,
          "latest_month_name": "Aug",
          "mom": 0.6645678305666858,
          "yoy": 0.465725806451613,
          "ytd_yoy": -0.06499153020892157,
          "ytd_count": 16559
        },
        "one_unit": {
          "latest": 1324,
          "latest_year": 2025,
          "latest_month": 8,
          "latest_month_name": "Aug",
          "mom": 0.16140350877192988,
          "yoy": 0.2526017029328287,
          "ytd_yoy": -0.09323079844298865,
          "ytd_count": 9551
        },
        "dom": {
          "days": 78,
          "yoy": 0.054054054054053946,
          "as_of": "2025-11"
        }
      },
      "Ocala": {
        "total": {
          "latest": 461,
          "latest_year": 2025,
          "latest_month": 8,
          "latest_month_name": "Aug",
          "mom": 0.0453514739229024,
          "yoy": 0.0453514739229024,
          "ytd_yoy": -0.1361718450326045,
          "ytd_count": 4504
        },
        "one_unit": {
          "latest": 451,
          "latest_year": 2025,
          "latest_month": 8,
          "latest_month_name": "Aug",
          "mom": 0.09200968523002429,
          "yoy": 0.0562060889929743,
          "ytd_yoy": -0.12195652173913041,
          "ytd_count": 4039
        },
        "dom": {
          "days": 79,
          "yoy": 0.12857142857142856,
          "as_of": "2025-11"
        }
      },
      "Palm Bay–Melbourne–Titusville": {
        "total": {
          "latest": 391,
          "latest_year": 2025,
          "latest_month": 8,
          "latest_month_name": "Aug",
          "mom": -0.28519195612431447,
          "yoy": 0.3076923076923077,
          "ytd_yoy": 0.03214156735283491,
          "ytd_count": 2858
        },
        "one_unit": {
          "latest": 239,
          "latest_year": 2025,
          "latest_month": 8,
          "latest_month_name": "Aug",
          "mom": -0.13090909090909086,
          "yoy": -0.2006688963210702,
          "ytd_yoy": -0.10545165141265422,
          "ytd_count": 2248
        },
        "dom": {
          "days": 74,
          "yoy": 0.04225352112676051,
          "as_of": "2025-11"
        }
      }
    }
  },
  "watchlist": [],
  "feed": [
    {
      "title": "The $2–4% mortgage trap is freezing housing: Defeasance may be the way out",
      "link": "https://www.housingwire.com/articles/the-2-4-mortgage-trap-is-freezing-housing-defeasance-may-be-the-way-out/",
      "published": "Mon, 12 Jan 2026"
    },
    {
      "title": "Why U.S. home insurance costs have leapt in the past decade",
      "link": "https://www.housingwire.com/articles/why-u-s-home-insurance-costs-have-leapt-in-the-past-decade/",
      "published": "Mon, 12 Jan 2026"
    },
    {
      "title": "DOJ opens criminal investigation into Federal Reserve and Powell",
      "link": "https://www.housingwire.com/articles/doj-subpoenas-fed-powell/",
      "published": "Mon, 12 Jan 2026"
    },
    {
      "title": "The impact of lower mortgage rates on housing inventory",
      "link": "https://www.housingwire.com/articles/housing-inventory-growth-2026/",
      "published": "Sun, 11 Jan 2026"
    },
    {
      "title": "December jobs data continues to support lower mortgage rates",
      "link": "https://www.housingwire.com/articles/jobs-report-mortgage-rates-2026/",
      "published": "Sat, 10 Jan 2026"
    },
    {
      "title": "WSJ: DOJ leadership halted antitrust review of Compass–Anywhere deal",
      "link": "https://www.housingwire.com/articles/compass-anywhere-merger-doj/",
      "published": "Fri, 09 Jan 2026"
    },
    {
      "title": "Trump’s Mortgage Bond Order Pushes Rates Below 6% For First Time in Nearly 3 Years, Boosting Purchasing Power",
      "link": "https://www.redfin.com/news/purchasing-power-improves-rates-drop-january-2026/",
      "published": "Fri, 09 Jan 2026"
    },
    {
      "title": "Mixed Jobs Report Unlikely to Move Mortgage Rates Further",
      "link": "https://www.redfin.com/news/mixed-jobs-report-unlikely-to-move-mortgage-rates/",
      "published": "Fri, 09 Jan 2026"
    },
    {
      "title": "Trump Orders $200B Mortgage Bond Buy, Which Will Likely Nudge Rates Down Slightly to 6%",
      "link": "https://www.redfin.com/news/federal-government-mortgage-bonds/",
      "published": "Thu, 08 Jan 2026"
    },
    {
      "title": "Housing Payments Drop to Lowest Level in 2 Years As Mortgage Rates Decline",
      "link": "https://www.redfin.com/news/housing-market-update-housing-payments-lowest-level-2-years/",
      "published": "Thu, 08 Jan 2026"
    },
    {
      "title": "Banning Corporate Landlords Won’t Fix the Housing Affordability Crisis. Building More Homes Just Might.",
      "link": "https://www.redfin.com/news/banning-investors-pros-cons/",
      "published": "Wed, 07 Jan 2026"
    },
    {
      "title": "Redfin Economists’ Weekly Take: First Jobs Report of 2026 Could Impact Mortgage Rates",
      "link": "https://www.redfin.com/news/weekly-economic-update-january-5/",
      "published": "Mon, 05 Jan 2026"
    }
  ],
  "feed_101020": {
    "macro": [
      {
        "title": "The $2–4% mortgage trap is freezing housing: Defeasance may be the way out",
        "url": "https://www.housingwire.com/articles/the-2-4-mortgage-trap-is-freezing-housing-defeasance-may-be-the-way-out/",
        "what": "For the past several years, the U.S",
        "numbers": "2020, 2022, 2, 4, 6, 7",
        "justified": "housingwire.com — https://www.housingwire.com/articles/the-2-4-mortgage-trap-is-freezing-housing-defeasance-may-be-the-way-out/",
        "why": "Rates & inflation shape discount rates and housing affordability.",
        "market": "Lower rates support demand/valuations; higher rates pressure builders/REITs and slow transactions."
      },
      {
        "title": "Why U.S. home insurance costs have leapt in the past decade",
        "url": "https://www.housingwire.com/articles/why-u-s-home-insurance-costs-have-leapt-in-the-past-decade/",
        "what": "The cost of home insurance in the United States rose by ~89% between 2014 and 2025, as rapidly climbing home prices, more frequent extreme weather events and inflation impacted insurers and homeowners",
        "numbers": "89, 2014, 2025,, 10",
        "justified": "housingwire.com — https://www.housingwire.com/articles/why-u-s-home-insurance-costs-have-leapt-in-the-past-decade/",
        "why": "Rates & inflation shape discount rates and housing affordability.",