{
  "as_of": "2026-01-08 06:51 UTC",
  "macro": {
    "spx": null,
    "ten_year": {
      "yield_pct": 4.18,
      "delta_bp_1d": 0.9999999999999787
    },
    "mortgage_30y": {
      "rate_pct": 6.15,
      "delta_bp_wow": -2.999999999999936
    },
    "starts": {
      "level_saar": 1307.0,
      "mom": -0.08537438768369487
    }
  },
  "permits": {
    "florida": {
      "latest": 13594,
      "latest_date": "2025-08",
      "mom": -0.0727781188186345,
      "yoy": -0.13226094727435211,
      "ytd": -0.026868417713488135,
      "ytd_count": 122708,
      "latest_year": 2025,
      "latest_month_name": "Aug"
    },
    "msa": {
      "Orlando–Kissimmee–Sanford": {
        "total": {
          "latest": 1649,
          "latest_year": 2025,
          "latest_month": 8,
          "latest_month_name": "Aug",
          "mom": -0.20797310278578285,
          "yoy": -0.16336884830035514,
          "ytd_yoy": 0.20390428982314424,
          "ytd_count": 19673
        },
        "one_unit": {
          "latest": 927,
          "latest_year": 2025,
          "latest_month": 8,
          "latest_month_name": "Aug",
          "mom": -0.12793979303857006,
          "yoy": -0.382,
          "ytd_yoy": 0.008284136354979932,
          "ytd_count": 10589
        },
        "dom": {
          "days": 80,
          "yoy": 0.09589041095890405,
          "as_of": "2025-11"
        }
      },
      "Tampa–St. Petersburg–Clearwater": {
        "total": {
          "latest": 2908,
          "latest_year": 2025,
          "latest_month": 8,
          "latest_month_name": "Aug",
          "mom": 0.6645678305666858,
          "yoy": 0.465725806451613,
          "ytd_yoy": -0.06499153020892157,
          "ytd_count": 16559
        },
        "one_unit": {
          "latest": 1324,
          "latest_year": 2025,
          "latest_month": 8,
          "latest_month_name": "Aug",
          "mom": 0.16140350877192988,
          "yoy": 0.2526017029328287,
          "ytd_yoy": -0.09323079844298865,
          "ytd_count": 9551
        },
        "dom": {
          "days": 78,
          "yoy": 0.054054054054053946,
          "as_of": "2025-11"
        }
      },
      "Ocala": {
        "total": {
          "latest": 461,
          "latest_year": 2025,
          "latest_month": 8,
          "latest_month_name": "Aug",
          "mom": 0.0453514739229024,
          "yoy": 0.0453514739229024,
          "ytd_yoy": -0.1361718450326045,
          "ytd_count": 4504
        },
        "one_unit": {
          "latest": 451,
          "latest_year": 2025,
          "latest_month": 8,
          "latest_month_name": "Aug",
          "mom": 0.09200968523002429,
          "yoy": 0.0562060889929743,
          "ytd_yoy": -0.12195652173913041,
          "ytd_count": 4039
        },
        "dom": {
          "days": 79,
          "yoy": 0.12857142857142856,
          "as_of": "2025-11"
        }
      },
      "Palm Bay–Melbourne–Titusville": {
        "total": {
          "latest": 391,
          "latest_year": 2025,
          "latest_month": 8,
          "latest_month_name": "Aug",
          "mom": -0.28519195612431447,
          "yoy": 0.3076923076923077,
          "ytd_yoy": 0.03214156735283491,
          "ytd_count": 2858
        },
        "one_unit": {
          "latest": 239,
          "latest_year": 2025,
          "latest_month": 8,
          "latest_month_name": "Aug",
          "mom": -0.13090909090909086,
          "yoy": -0.2006688963210702,
          "ytd_yoy": -0.10545165141265422,
          "ytd_count": 2248
        },
        "dom": {
          "days": 74,
          "yoy": 0.04225352112676051,
          "as_of": "2025-11"
        }
      }
    }
  },
  "watchlist": [],
  "feed": [
    {
      "title": "Social Security proposals raise stakes for senior homeowners",
      "link": "https://www.housingwire.com/articles/social-security-senior-homeowners/",
      "published": "Wed, 07 Jan 2026"
    },
    {
      "title": "CoStar forecasts Homes.com profitability in 2030",
      "link": "https://www.housingwire.com/articles/costar-homes-com-investment/",
      "published": "Wed, 07 Jan 2026"
    },
    {
      "title": "Lennar sells majority stake in multifamily business, signaling strategic shift",
      "link": "https://www.housingwire.com/articles/lennar-sells-majority-stake-quarterra/",
      "published": "Wed, 07 Jan 2026"
    },
    {
      "title": "Compass-Anywhere merger wins shareholder approval, closing expected soon",
      "link": "https://www.housingwire.com/articles/compass-anywhere-merger-vote/",
      "published": "Wed, 07 Jan 2026"
    },
    {
      "title": "Maryland bids for deeper reforms to address housing affordability",
      "link": "https://www.housingwire.com/articles/maryland-housing-affordability-reform/",
      "published": "Wed, 07 Jan 2026"
    },
    {
      "title": "Creative strategies help first-time buyers enter 2026 housing market",
      "link": "https://www.housingwire.com/articles/2026-first-time-homebuyers/",
      "published": "Wed, 07 Jan 2026"
    },
    {
      "title": "Banning Corporate Landlords Won’t Fix the Housing Affordability Crisis. Building More Homes Just Might.",
      "link": "https://www.redfin.com/news/banning-investors-pros-cons/",
      "published": "Wed, 07 Jan 2026"
    },
    {
      "title": "Redfin Economists’ Weekly Take: First Jobs Report of 2026 Could Impact Mortgage Rates",
      "link": "https://www.redfin.com/news/weekly-economic-update-january-5/",
      "published": "Mon, 05 Jan 2026"
    },
    {
      "title": "The Real Estate: 2025 Year in Review",
      "link": "https://www.redfin.com/news/the-real-estate-2025-year-in-review/",
      "published": "Tue, 30 Dec 2025"
    },
    {
      "title": "Vacant Lots for Sale Are Piling Up After the L.A. Fires; Investors Are Buying 40% of Those That Sell",
      "link": "https://www.redfin.com/news/los-angeles-wildfires-anniversary/",
      "published": "Tue, 30 Dec 2025"
    },
    {
      "title": "The U.S. Housing Market Has 37% More Sellers Than Buyers—More Than Double Last Year’s Gap",
      "link": "https://www.redfin.com/news/buyers-vs-sellers-november-2025/",
      "published": "Tue, 23 Dec 2025"
    },
    {
      "title": "U.S. Home Prices Ticked Up 0.2% in November",
      "link": "https://www.redfin.com/news/home-price-index-november-2025/",
      "published": "Tue, 23 Dec 2025"
    }
  ],
  "feed_101020": {
    "macro": [
      {
        "title": "Lennar sells majority stake in multifamily business, signaling strategic shift",
        "url": "https://www.housingwire.com/articles/lennar-sells-majority-stake-quarterra/",
        "what": "Lennar sold a majority stake in Quarterra to TPG amid a $75 million loss in 2025, enabling the builder to focus more on core homebuilding.",
        "numbers": "$75 million, 2025,",
        "justified": "housingwire.com — https://www.housingwire.com/articles/lennar-sells-majority-stake-quarterra/",
        "why": "Rates & inflation shape discount rates and housing affordability.",
        "market": "Lower rates support demand/valuations; higher rates pressure builders/REITs and slow transactions."
      },
      {
        "title": "Redfin Economists’ Weekly Take: First Jobs Report of 2026 Could Impact Mortgage Rates",
        "url": "https://www.redfin.com/news/weekly-economic-update-january-5/",
        "what": "This Week In A Nutshell The first jobs report of 2026—and the first “normal” report post-government shutdown—will be published on Friday",
        "numbers": "2026",
        "justified": "redfin.com — https://www.redfin.com/news/weekly-economic-update-january-5/",
        "why": "Rates & inflation shape discount rates and housing affordability.",
        "market": "Lower rates support demand/valuations; higher rates pressure builders/REITs and slow transactions."
      }
    ],
    "housing": [
      {
        "title": "Compass-Anywhere merger wins shareholder approval, closing expected soon",