{
  "as_of": "2026-05-29 16:52 UTC",
  "macro": {
    "spx": null,
    "ten_year": {
      "yield_pct": 4.48,
      "delta_bp_1d": -1.9999999999999574
    },
    "mortgage_30y": {
      "rate_pct": 6.53,
      "delta_bp_wow": 2.000000000000046
    },
    "starts": {
      "level_saar": 1465.0,
      "mom": -0.02786994027869938
    }
  },
  "permits": {
    "florida": {
      "latest": 12449,
      "latest_date": "2026-03",
      "mom": 0.03054635761589397,
      "yoy": -0.15719991875973194,
      "ytd": -0.23309677419354835,
      "ytd_count": 35661,
      "latest_year": 2026,
      "latest_month_name": "Mar"
    },
    "msa": {
      "Orlando–Kissimmee–Sanford": {
        "total": {
          "latest": 1432,
          "latest_year": 2026,
          "latest_month": 3,
          "latest_month_name": "Mar",
          "mom": 0.07426856714178554,
          "yoy": -0.5466919911364356,
          "ytd_yoy": -0.542715777899945,
          "ytd_count": 4159
        },
        "one_unit": {
          "latest": 1122,
          "latest_year": 2026,
          "latest_month": 3,
          "latest_month_name": "Mar",
          "mom": 0.2411504424778761,
          "yoy": -0.1816192560175055,
          "ytd_yoy": -0.2602331927561399,
          "ytd_count": 2982
        },
        "dom": {
          "days": 68,
          "yoy": 0.09677419354838701,
          "as_of": "2026-04"
        }
      },
      "Tampa–St. Petersburg–Clearwater": {
        "total": {
          "latest": 1586,
          "latest_year": 2026,
          "latest_month": 3,
          "latest_month_name": "Mar",
          "mom": -0.10698198198198194,
          "yoy": 0.1696165191740413,
          "ytd_yoy": -0.12903225806451613,
          "ytd_count": 4617
        },
        "one_unit": {
          "latest": 1176,
          "latest_year": 2026,
          "latest_month": 3,
          "latest_month_name": "Mar",
          "mom": 0.01906412478336228,
          "yoy": -0.028099173553719048,
          "ytd_yoy": 0.08082706766917291,
          "ytd_count": 3450
        },
        "dom": {
          "days": 67,
          "yoy": 0.15517241379310343,
          "as_of": "2026-04"
        }
      },
      "Ocala": {
        "total": {
          "latest": 618,
          "latest_year": 2026,
          "latest_month": 3,
          "latest_month_name": "Mar",
          "mom": 0.006514657980456029,
          "yoy": -0.07067669172932334,
          "ytd_yoy": -0.09677419354838712,
          "ytd_count": 1736
        },
        "one_unit": {
          "latest": 618,
          "latest_year": 2026,
          "latest_month": 3,
          "latest_month_name": "Mar",
          "mom": 0.04391891891891886,
          "yoy": 0.08231173380035028,
          "ytd_yoy": -0.033067274800456126,
          "ytd_count": 1696
        },
        "dom": {
          "days": 75,
          "yoy": 0.13636363636363646,
          "as_of": "2026-04"
        }
      },
      "Palm Bay–Melbourne–Titusville": {
        "total": {
          "latest": 330,
          "latest_year": 2026,
          "latest_month": 3,
          "latest_month_name": "Mar",
          "mom": 0.346938775510204,
          "yoy": 0.13793103448275867,
          "ytd_yoy": -0.22699999999999998,
          "ytd_count": 773
        },
        "one_unit": {
          "latest": 330,
          "latest_year": 2026,
          "latest_month": 3,
          "latest_month_name": "Mar",
          "mom": 0.346938775510204,
          "yoy": 0.13793103448275867,
          "ytd_yoy": -0.06416464891041163,
          "ytd_count": 773
        },
        "dom": {
          "days": 67,
          "yoy": 0.09836065573770503,
          "as_of": "2026-04"
        }
      }
    }
  },
  "watchlist": [],
  "feed": [
    {
      "title": "Tuccori opt-in settlements win preliminary approval",
      "link": "https://www.housingwire.com/articles/tuccori-opt-in-settlements-106m/",
      "published": "Fri, 29 May 2026"
    },
    {
      "title": "HMDA analysis shows wide gap in down payment assistance use",
      "link": "https://www.housingwire.com/articles/down-payment-assistance-gap/",
      "published": "Fri, 29 May 2026"
    },
    {
      "title": "Why customer value matters more than ever: Elisha Elliott on leadership, growth and innovation",
      "link": "https://www.housingwire.com/articles/why-customer-value-matters-more-than-ever-elisha-elliott-on-leadership-growth-and-innovation/",
      "published": "Fri, 29 May 2026"
    },
    {
      "title": "NAR urges DOJ and FTC to issue clear guidance on MLSs",
      "link": "https://www.housingwire.com/articles/nar-doj-ftc-mls-procompetitive/",
      "published": "Fri, 29 May 2026"
    },
    {
      "title": "CoStar to buy Zonda from MidOcean Partners",
      "link": "https://www.housingwire.com/articles/costar-buy-zonda-midocean/",
      "published": "Fri, 29 May 2026"
    },
    {
      "title": "Erica Acie on AI, leadership and why curiosity drives lasting impact",
      "link": "https://www.housingwire.com/articles/erica-acie-on-ai-leadership-and-why-curiosity-drives-lasting-impact/",
      "published": "Fri, 29 May 2026"
    },
    {
      "title": "Coming Soon in Chicago: A One-Bedroom Condo in the City, a Big House in the Suburbs and More",
      "link": "https://www.redfin.com/news/redfin-coming-soon-listings-week-may-25/",
      "published": "Thu, 28 May 2026"
    },
    {
      "title": "Just Listed in Maryland for $5M: An Unfinished Estate on 38 Acres That’s a Blank Canvas for Luxury Living",
      "link": "https://www.redfin.com/news/15125-delvin-drive-maryland-listing/",
      "published": "Thu, 28 May 2026"
    },
    {
      "title": "Investor Home Purchases Fall to Lowest Level Since 2020",
      "link": "https://www.redfin.com/news/investor-report-q1-2026/",
      "published": "Thu, 28 May 2026"
    },
    {
      "title": "Higher Mortgage Rates Push Pending Home Sales Down for Second Straight Week",
      "link": "https://www.redfin.com/news/housing-market-update-pending-sales-drop-rates-rise/",
      "published": "Thu, 28 May 2026"
    },
    {
      "title": "29% of U.S. Homebuyers Paid Cash in March–the Lowest Share For That Month Since 2020",
      "link": "https://www.redfin.com/news/all-cash-homebuyers-march-2026/",
      "published": "Wed, 27 May 2026"
    },
    {
      "title": "How Designers and Real Estate Pros Use Facebook Marketplace to Add Character to a Home",
      "link": "https://www.redfin.com/news/facebook-marketplace-secondhand-interior-design/",
      "published": "Tue, 26 May 2026"
    }
  ],
  "feed_101020": {
    "macro": [
      {
        "title": "Tuccori opt-in settlements win preliminary approval",
        "url": "https://www.housingwire.com/articles/tuccori-opt-in-settlements-106m/",
        "what": "A federal judge granted preliminary approval to $106M in Tuccori opt-in settlements, including $52.25M from NAR and $30M from HomeServices.",
        "numbers": "$106, $52.25, $30",
        "justified": "housingwire.com — https://www.housingwire.com/articles/tuccori-opt-in-settlements-106m/",
        "why": "Rates & inflation shape discount rates and housing affordability.",
        "market": "Lower rates support demand/valuations; higher rates pressure builders/REITs and slow transactions."
      },
      {
        "title": "Higher Mortgage Rates Push Pending Home Sales Down for Second Straight Week",
        "url": "https://www.redfin.com/news/housing-market-update-pending-sales-drop-rates-rise/",
        "what": "Some would-be homebuyers are hesitating as housing costs rise and the ongoing Iran war makes the economy feel shaky",
        "numbers": "1.5, 24,",
        "justified": "redfin.com — https://www.redfin.com/news/housing-market-update-pending-sales-drop-rates-rise/",
        "why": "Rates & inflation shape discount rates and housing affordability.",