{
  "as_of": "2026-04-10 17:06 UTC",
  "macro": {
    "spx": null,
    "ten_year": {
      "yield_pct": 4.29,
      "delta_bp_1d": -4.0000000000000036
    },
    "mortgage_30y": {
      "rate_pct": 6.37,
      "delta_bp_wow": -8.999999999999986
    },
    "starts": {
      "level_saar": 1487.0,
      "mom": 0.07209805335255948
    }
  },
  "permits": {
    "florida": {
      "latest": 11132,
      "latest_date": "2026-01",
      "mom": -0.15794251134644477,
      "yoy": -0.3402086296823139,
      "ytd": -0.3402086296823139,
      "ytd_count": 11132,
      "latest_year": 2026,
      "latest_month_name": "Jan"
    },
    "msa": {
      "Orlando–Kissimmee–Sanford": {
        "total": {
          "latest": 1394,
          "latest_year": 2026,
          "latest_month": 1,
          "latest_month_name": "Jan",
          "mom": -0.3611365719523373,
          "yoy": -0.6161894273127753,
          "ytd_yoy": -0.6161894273127753,
          "ytd_count": 1394
        },
        "one_unit": {
          "latest": 956,
          "latest_year": 2026,
          "latest_month": 1,
          "latest_month_name": "Jan",
          "mom": 0.10520231213872822,
          "yoy": -0.3137114142139268,
          "ytd_yoy": -0.3137114142139268,
          "ytd_count": 956
        },
        "dom": {
          "days": 67,
          "yoy": 0.1166666666666667,
          "as_of": "2026-03"
        }
      },
      "Tampa–St. Petersburg–Clearwater": {
        "total": {
          "latest": 1255,
          "latest_year": 2026,
          "latest_month": 1,
          "latest_month_name": "Jan",
          "mom": 0.017842660178426506,
          "yoy": -0.42219152854511965,
          "ytd_yoy": -0.42219152854511965,
          "ytd_count": 1255
        },
        "one_unit": {
          "latest": 1120,
          "latest_year": 2026,
          "latest_month": 1,
          "latest_month_name": "Jan",
          "mom": 0.20042872454448024,
          "yoy": 0.02658111824014675,
          "ytd_yoy": 0.02658111824014675,
          "ytd_count": 1120
        },
        "dom": {
          "days": 66,
          "yoy": 0.1578947368421053,
          "as_of": "2026-03"
        }
      },
      "Ocala": {
        "total": {
          "latest": 504,
          "latest_year": 2026,
          "latest_month": 1,
          "latest_month_name": "Jan",
          "mom": 0.23529411764705888,
          "yoy": -0.2186046511627907,
          "ytd_yoy": -0.2186046511627907,
          "ytd_count": 504
        },
        "one_unit": {
          "latest": 486,
          "latest_year": 2026,
          "latest_month": 1,
          "latest_month_name": "Jan",
          "mom": 0.21500000000000008,
          "yoy": -0.18592964824120606,
          "ytd_yoy": -0.18592964824120606,
          "ytd_count": 486
        },
        "dom": {
          "days": 74,
          "yoy": 0.1212121212121211,
          "as_of": "2026-03"
        }
      },
      "Palm Bay–Melbourne–Titusville": {
        "total": {
          "latest": 198,
          "latest_year": 2026,
          "latest_month": 1,
          "latest_month_name": "Jan",
          "mom": -0.6292134831460674,
          "yoy": -0.5560538116591929,
          "ytd_yoy": -0.5560538116591929,
          "ytd_count": 198
        },
        "one_unit": {
          "latest": 198,
          "latest_year": 2026,
          "latest_month": 1,
          "latest_month_name": "Jan",
          "mom": -0.2639405204460966,
          "yoy": -0.28776978417266186,
          "ytd_yoy": -0.28776978417266186,
          "ytd_count": 198
        },
        "dom": {
          "days": 64,
          "yoy": 0.0847457627118644,
          "as_of": "2026-03"
        }
      }
    }
  },
  "watchlist": [],
  "feed": [
    {
      "title": "Douglas Elliman opts into Tuccori homebuyer commission suit settlement",
      "link": "https://www.housingwire.com/articles/elliman-tuccori-opt-in-settlement/",
      "published": "Fri, 10 Apr 2026"
    },
    {
      "title": "CDFIs could draw institutional capital for climate projects",
      "link": "https://www.housingwire.com/articles/cdfis-institutional-climate-capital/",
      "published": "Fri, 10 Apr 2026"
    },
    {
      "title": "‘An endless battle’: How real estate pros can stay ahead of deepfake fraudsters",
      "link": "https://www.housingwire.com/articles/an-endless-battle-how-real-estate-pros-can-stay-ahead-of-deepfake-fraudsters/",
      "published": "Fri, 10 Apr 2026"
    },
    {
      "title": "Inflation jumps to 3.3% in March as energy leads CPI surge",
      "link": "https://www.housingwire.com/articles/cpi-3-3-march-gasoline/",
      "published": "Fri, 10 Apr 2026"
    },
    {
      "title": "Zillow Preview expands as more brokerages seek pre-market exposure",
      "link": "https://www.housingwire.com/articles/zillow-preview-adds-28-firms/",
      "published": "Fri, 10 Apr 2026"
    },
    {
      "title": "2026 RealTrends Verified: The power players hold — but the real story is who’s gaining ground",
      "link": "https://www.housingwire.com/articles/realtrends-verified-brokerage-rankings-2026/",
      "published": "Fri, 10 Apr 2026"
    },
    {
      "title": "Fed, Mortgage Rates Likely to Hold Steady on Latest Inflation Report",
      "link": "https://www.redfin.com/news/fed-mortgage-rates-likely-to-hold-steady-on-latest-inflation-report/",
      "published": "Fri, 10 Apr 2026"
    },
    {
      "title": "Redfin Earns Top 10 Spot in RealTrends Verified Rankings, Powered by Agent Productivity",
      "link": "https://www.redfin.com/news/redfin-realtrends-verified-rankings-2026/",
      "published": "Fri, 10 Apr 2026"
    },
    {
      "title": "A Record 34% of February Home Sellers Cut Their List Price",
      "link": "https://www.redfin.com/news/home-price-cuts-2026/",
      "published": "Thu, 09 Apr 2026"
    },
    {
      "title": "Pending Home Sales Post Biggest Decline in 3 Months as High Rates, Iran War Chill Market",
      "link": "https://www.redfin.com/news/housing-market-update-pending-home-sales-decline-market-chill/",
      "published": "Thu, 09 Apr 2026"
    },
    {
      "title": "Redfin Economists’ Weekly Take: Iran War Drives Mortgage Rate Volatility as Markets Brace for Inflation Data",
      "link": "https://www.redfin.com/news/weekly-economic-update-april-6-2026/",
      "published": "Mon, 06 Apr 2026"
    },
    {
      "title": "Ryanair Co-Founder Restored an 18th Century Village in Ireland and Now It’s Up for Sale for $23 Million",
      "link": "https://www.redfin.com/news/ireland-village-at-lyons-sale/",
      "published": "Fri, 03 Apr 2026"
    }
  ],
  "feed_101020": {
    "macro": [
      {
        "title": "Inflation jumps to 3.3% in March as energy leads CPI surge",
        "url": "https://www.housingwire.com/articles/cpi-3-3-march-gasoline/",
        "what": "March CPI rose 3.3% year over year and 0.9% month over month, as gasoline jumped 21.2% and energy rose 10.9%.",
        "numbers": "3.3, 0.9, 21.2, 10.9",
        "justified": "housingwire.com — https://www.housingwire.com/articles/cpi-3-3-march-gasoline/",
        "why": "Rates & inflation shape discount rates and housing affordability.",
        "market": "Lower rates support demand/valuations; higher rates pressure builders/REITs and slow transactions."
      },
      {
        "title": "Fed, Mortgage Rates Likely to Hold Steady on Latest Inflation Report",
        "url": "https://www.redfin.com/news/fed-mortgage-rates-likely-to-hold-steady-on-latest-inflation-report/",
        "what": "Takeaway: Headline inflation, which includes food and energy prices, spiked in March, but rates won’t move much today because core inflation, which ignores those volatile components, remained subdued",
        "numbers": "0.9, 3.3",
        "justified": "redfin.com — https://www.redfin.com/news/fed-mortgage-rates-likely-to-hold-steady-on-latest-inflation-report/",
        "why": "Rates & inflation shape discount rates and housing affordability.",