{
  "as_of": "2025-11-20 19:27 UTC",
  "macro": {
    "spx": null,
    "ten_year": {
      "yield_pct": 4.12,
      "delta_bp_1d": -0.9999999999999787
    },
    "mortgage_30y": {
      "rate_pct": 6.26,
      "delta_bp_wow": 1.9999999999999574
    },
    "starts": {
      "level_saar": 1307.0,
      "mom": -0.08537438768369487
    }
  },
  "permits": {
    "florida": {
      "latest": 13594,
      "latest_date": "2025-08",
      "mom": -0.0727781188186345,
      "yoy": -0.13226094727435211,
      "ytd": -0.026868417713488135,
      "ytd_count": 122708,
      "latest_year": 2025,
      "latest_month_name": "Aug"
    },
    "msa": {
      "Orlando–Kissimmee–Sanford": {
        "total": {
          "latest": 1649,
          "latest_year": 2025,
          "latest_month": 8,
          "latest_month_name": "Aug",
          "mom": -0.20797310278578285,
          "yoy": -0.16336884830035514,
          "ytd_yoy": 0.20390428982314424,
          "ytd_count": 19673
        },
        "one_unit": {
          "latest": 927,
          "latest_year": 2025,
          "latest_month": 8,
          "latest_month_name": "Aug",
          "mom": -0.12793979303857006,
          "yoy": -0.382,
          "ytd_yoy": 0.008284136354979932,
          "ytd_count": 10589
        },
        "dom": {
          "days": 81,
          "yoy": 0.17391304347826098,
          "as_of": "2025-10"
        }
      },
      "Tampa–St. Petersburg–Clearwater": {
        "total": {
          "latest": 2908,
          "latest_year": 2025,
          "latest_month": 8,
          "latest_month_name": "Aug",
          "mom": 0.6645678305666858,
          "yoy": 0.465725806451613,
          "ytd_yoy": -0.06499153020892157,
          "ytd_count": 16559
        },
        "one_unit": {
          "latest": 1324,
          "latest_year": 2025,
          "latest_month": 8,
          "latest_month_name": "Aug",
          "mom": 0.16140350877192988,
          "yoy": 0.2526017029328287,
          "ytd_yoy": -0.09323079844298865,
          "ytd_count": 9551
        },
        "dom": {
          "days": 79,
          "yoy": 0.09722222222222232,
          "as_of": "2025-10"
        }
      },
      "Ocala": {
        "total": {
          "latest": 461,
          "latest_year": 2025,
          "latest_month": 8,
          "latest_month_name": "Aug",
          "mom": 0.0453514739229024,
          "yoy": 0.0453514739229024,
          "ytd_yoy": -0.1361718450326045,
          "ytd_count": 4504
        },
        "one_unit": {
          "latest": 451,
          "latest_year": 2025,
          "latest_month": 8,
          "latest_month_name": "Aug",
          "mom": 0.09200968523002429,
          "yoy": 0.0562060889929743,
          "ytd_yoy": -0.12195652173913041,
          "ytd_count": 4039
        },
        "dom": {
          "days": 78,
          "yoy": 0.11428571428571432,
          "as_of": "2025-10"
        }
      },
      "Palm Bay–Melbourne–Titusville": {
        "total": {
          "latest": 391,
          "latest_year": 2025,
          "latest_month": 8,
          "latest_month_name": "Aug",
          "mom": -0.28519195612431447,
          "yoy": 0.3076923076923077,
          "ytd_yoy": 0.03214156735283491,
          "ytd_count": 2858
        },
        "one_unit": {
          "latest": 239,
          "latest_year": 2025,
          "latest_month": 8,
          "latest_month_name": "Aug",
          "mom": -0.13090909090909086,
          "yoy": -0.2006688963210702,
          "ytd_yoy": -0.10545165141265422,
          "ytd_count": 2248
        },
        "dom": {
          "days": 75,
          "yoy": 0.08695652173913038,
          "as_of": "2025-10"
        }
      }
    }
  },
  "watchlist": [],
  "feed": [
    {
      "title": "As AI stocks soar, retirement planning takes center stage",
      "link": "https://www.housingwire.com/articles/ai-stock-bubble-retirement-planning/",
      "published": "Thu, 20 Nov 2025"
    },
    {
      "title": "Do Chicago homes in white neighborhoods see higher private listing rates?",
      "link": "https://www.housingwire.com/articles/chicago-private-listings-zillow/",
      "published": "Thu, 20 Nov 2025"
    },
    {
      "title": "Guaranteed Rate Affinity promotes Jaime Joyce to chief operations and strategy officer",
      "link": "https://www.housingwire.com/articles/jaime-joyce-promotion/",
      "published": "Thu, 20 Nov 2025"
    },
    {
      "title": "September jobs beat estimates, but unemployment rises to 4.4%",
      "link": "https://www.housingwire.com/articles/september-jobs-beat-estimates-but-unemployment-rises-to-4-4/",
      "published": "Thu, 20 Nov 2025"
    },
    {
      "title": "Existing home sales rise in October despite government shutdown",
      "link": "https://www.housingwire.com/articles/existing-home-sales-rise-in-october-despite-government-shutdown/",
      "published": "Thu, 20 Nov 2025"
    },
    {
      "title": "Fairway to offer mortgage payment rewards through Made Card alliance",
      "link": "https://www.housingwire.com/articles/fairway-mortgage-rewards-card-launch/",
      "published": "Thu, 20 Nov 2025"
    },
    {
      "title": "Mortgage Rates to Hold Firm as Delayed Jobs Report Shows Unemployment at 4-Year High",
      "link": "https://www.redfin.com/news/delayed-september-jobs-report-analysis/",
      "published": "Thu, 20 Nov 2025"
    },
    {
      "title": "Home Prices Post Biggest Gain in 7 Months Despite Slow Demand",
      "link": "https://www.redfin.com/news/housing-market-update-home-prices-grow-slow-demand/",
      "published": "Thu, 20 Nov 2025"
    },
    {
      "title": "The Housing Affordability Crisis Is Accelerating Fastest in Rural America",
      "link": "https://www.redfin.com/news/suburban-urban-rural-q3-2025/",
      "published": "Thu, 20 Nov 2025"
    },
    {
      "title": "It’s the Strongest Buyer’s Market in Records Dating Back Over a Decade",
      "link": "https://www.redfin.com/news/buyers-vs-sellers-october-2025/",
      "published": "Wed, 19 Nov 2025"
    },
    {
      "title": "October’s Most Expensive Home Sales Include Adam Levine’s Former Montecito Compound",
      "link": "https://www.redfin.com/news/most-expensive-home-sales-october-2025/",
      "published": "Tue, 18 Nov 2025"
    },
    {
      "title": "The U.S. Housing Market Is Stuck, With Sales and Listings Barely Budging",
      "link": "https://www.redfin.com/news/housing-market-plateauing-october-2025/",
      "published": "Tue, 18 Nov 2025"
    }
  ],
  "feed_101020": {
    "macro": [
      {
        "title": "Do Chicago homes in white neighborhoods see higher private listing rates?",
        "url": "https://www.housingwire.com/articles/chicago-private-listings-zillow/",
        "what": "Zillow finds 7.9% of homes in majority-white Chicago neighborhoods are listed privately, over twice the rate in non-white areas.",
        "numbers": "7.9",
        "justified": "housingwire.com — https://www.housingwire.com/articles/chicago-private-listings-zillow/",
        "why": "Rates & inflation shape discount rates and housing affordability.",
        "market": "Lower rates support demand/valuations; higher rates pressure builders/REITs and slow transactions."
      },
      {
        "title": "September jobs beat estimates, but unemployment rises to 4.4%",
        "url": "https://www.housingwire.com/articles/september-jobs-beat-estimates-but-unemployment-rises-to-4-4/",
        "what": "The September jobs report shows 119,000 jobs created but it's the slowest job growth in the 21st century outside a recession.",
        "numbers": "119,000, 21",
        "justified": "housingwire.com — https://www.housingwire.com/articles/september-jobs-beat-estimates-but-unemployment-rises-to-4-4/",
        "why": "Relevant development for housing and markets.",
        "market": "Watch second-order effects across builders, lenders, and REITs."
      },
      {
        "title": "Existing home sales rise in October despite government shutdown",