{
  "as_of": "2026-02-27 19:47 UTC",
  "macro": {
    "spx": null,
    "ten_year": {
      "yield_pct": 4.05,
      "delta_bp_1d": 0.9999999999999787
    },
    "mortgage_30y": {
      "rate_pct": 5.98,
      "delta_bp_wow": -2.999999999999936
    },
    "starts": {
      "level_saar": 1404.0,
      "mom": 0.062027231467473465
    }
  },
  "permits": {
    "florida": {
      "latest": 15200,
      "latest_date": "2025-10",
      "mom": 0.13832097655957454,
      "yoy": 0.14268531047962707,
      "ytd": -0.0034062907667777864,
      "ytd_count": 151261,
      "latest_year": 2025,
      "latest_month_name": "Oct"
    },
    "msa": {
      "Orlando–Kissimmee–Sanford": {
        "total": {
          "latest": 2471,
          "latest_year": 2025,
          "latest_month": 10,
          "latest_month_name": "Oct",
          "mom": 0.2208498023715415,
          "yoy": 0.505789152955515,
          "ytd_yoy": 0.2098518221866239,
          "ytd_count": 24168
        },
        "one_unit": {
          "latest": 1094,
          "latest_year": 2025,
          "latest_month": 10,
          "latest_month_name": "Oct",
          "mom": 0.27803738317757,
          "yoy": -0.09060681629260181,
          "ytd_yoy": -0.03620292083013066,
          "ytd_count": 12539
        },
        "dom": {
          "days": 88,
          "yoy": 0.08641975308641969,
          "as_of": "2026-01"
        }
      },
      "Tampa–St. Petersburg–Clearwater": {
        "total": {
          "latest": 2427,
          "latest_year": 2025,
          "latest_month": 10,
          "latest_month_name": "Oct",
          "mom": 0.5360759493670886,
          "yoy": 1.2939508506616257,
          "ytd_yoy": 0.04073680481757003,
          "ytd_count": 20566
        },
        "one_unit": {
          "latest": 1287,
          "latest_year": 2025,
          "latest_month": 10,
          "latest_month_name": "Oct",
          "mom": 0.2130065975494817,
          "yoy": 0.5,
          "ytd_yoy": -0.015960965927886206,
          "ytd_count": 11899
        },
        "dom": {
          "days": 85,
          "yoy": 0.2142857142857142,
          "as_of": "2026-01"
        }
      },
      "Ocala": {
        "total": {
          "latest": 470,
          "latest_year": 2025,
          "latest_month": 10,
          "latest_month_name": "Oct",
          "mom": 0.09557109557109555,
          "yoy": -0.010526315789473717,
          "ytd_yoy": -0.13937559732398852,
          "ytd_count": 5403
        },
        "one_unit": {
          "latest": 444,
          "latest_year": 2025,
          "latest_month": 10,
          "latest_month_name": "Oct",
          "mom": 0.21643835616438367,
          "yoy": -0.0326797385620915,
          "ytd_yoy": -0.1404255319148936,
          "ytd_count": 4848
        },
        "dom": {
          "days": 93,
          "yoy": 0.2567567567567568,
          "as_of": "2026-01"
        }
      },
      "Palm Bay–Melbourne–Titusville": {
        "total": {
          "latest": 343,
          "latest_year": 2025,
          "latest_month": 10,
          "latest_month_name": "Oct",
          "mom": -0.46406250000000004,
          "yoy": -0.51,
          "ytd_yoy": -0.004406428201140455,
          "ytd_count": 3841
        },
        "one_unit": {
          "latest": 343,
          "latest_year": 2025,
          "latest_month": 10,
          "latest_month_name": "Oct",
          "mom": 0.26102941176470584,
          "yoy": 0.026946107784431073,
          "ytd_yoy": -0.11307311028500622,
          "ytd_count": 2863
        },
        "dom": {
          "days": 77,
          "yoy": 0.0547945205479452,
          "as_of": "2026-01"
        }
      }
    }
  },
  "watchlist": [],
  "feed": [
    {
      "title": "Mortgage rates fall to multiyear lows in time for spring housing market",
      "link": "https://www.housingwire.com/articles/mortgage-rates-fall-spring/",
      "published": "Fri, 27 Feb 2026"
    },
    {
      "title": "RealTrends Verified brokerage Rogers Healy and Associates merges with Compass",
      "link": "https://www.housingwire.com/articles/rha-merges-compass-healy-steps-back/",
      "published": "Fri, 27 Feb 2026"
    },
    {
      "title": "AD Mortgage launches its largest non-QM securitization yet",
      "link": "https://www.housingwire.com/articles/ad-mortgage-securitization/",
      "published": "Fri, 27 Feb 2026"
    },
    {
      "title": "AD Mortgage research shows minor FICO improvements can ease homebuying costs",
      "link": "https://www.housingwire.com/articles/credit-score-study-mortgage-cost/",
      "published": "Fri, 27 Feb 2026"
    },
    {
      "title": "New president at the helm at Sotheby’s Canada",
      "link": "https://www.housingwire.com/articles/new-president-at-the-helm-at-sothebys-canada/",
      "published": "Fri, 27 Feb 2026"
    },
    {
      "title": "NewDay USA taps ex-FHA chief Brian Montgomery as vice chairman",
      "link": "https://www.housingwire.com/articles/newday-usa-brian-montgomery/",
      "published": "Fri, 27 Feb 2026"
    },
    {
      "title": "More Homeowners Have a Rate Above 6% Than a Rate Below 3% For the First Time in 5 Years",
      "link": "https://www.redfin.com/news/mortgage-rates-q3-2025/",
      "published": "Fri, 27 Feb 2026"
    },
    {
      "title": "Redfin and Compass Partner to Expand Inventory and Seller Choice",
      "link": "https://www.redfin.com/news/redfin-policy-seller-choice/",
      "published": "Thu, 26 Feb 2026"
    },
    {
      "title": "Denver Has a New Neighbor: Kiel Murphy Wins the Great American Home Search",
      "link": "https://www.redfin.com/news/great-american-home-search-winner/",
      "published": "Thu, 26 Feb 2026"
    },
    {
      "title": "Homebuying Affordability Improves As Mortgage Rates Fall to Lowest Level in Over 3 Years",
      "link": "https://www.redfin.com/news/housing-market-update-mortgage-rates-fall-affordability-improves/",
      "published": "Thu, 26 Feb 2026"
    },
    {
      "title": "‘Love Is Blind’ Shines a Spotlight on Ohio, Home to Two of the Nation’s Most Affordable Housing Markets",
      "link": "https://www.redfin.com/news/housing-affordability-ohio/",
      "published": "Wed, 25 Feb 2026"
    },
    {
      "title": "The Typical First-Time Homebuyer Is 35 Years Old",
      "link": "https://www.redfin.com/news/median-homebuying-age-2025/",
      "published": "Wed, 25 Feb 2026"
    }
  ],
  "feed_101020": {
    "macro": [
      {
        "title": "Mortgage rates fall to multiyear lows in time for spring housing market",
        "url": "https://www.housingwire.com/articles/mortgage-rates-fall-spring/",
        "what": "Mortgage rates fell to 5.98%-5.99% as the 10-year yield moved under 4% and mortgage spreads held near normal levels.",
        "numbers": "5.98, 5.99, 10, 4",
        "justified": "housingwire.com — https://www.housingwire.com/articles/mortgage-rates-fall-spring/",
        "why": "Rates & inflation shape discount rates and housing affordability.",
        "market": "Lower rates support demand/valuations; higher rates pressure builders/REITs and slow transactions."
      },
      {
        "title": "AD Mortgage launches its largest non-QM securitization yet",
        "url": "https://www.housingwire.com/articles/ad-mortgage-securitization/",
        "what": "AD Mortgage launched its largest RMBS package, a $602.7 million non-QM deal backed by 1,793 loans, nearly all them with fixed rates.",
        "numbers": "$602.7 million, 1,793",
        "justified": "housingwire.com — https://www.housingwire.com/articles/ad-mortgage-securitization/",
        "why": "Rates & inflation shape discount rates and housing affordability.",
        "market": "Lower rates support demand/valuations; higher rates pressure builders/REITs and slow transactions."
      },
      {
        "title": "AD Mortgage research shows minor FICO improvements can ease homebuying costs",
        "url": "https://www.housingwire.com/articles/credit-score-study-mortgage-cost/",