{
  "as_of": "2026-01-15 19:36 UTC",
  "macro": {
    "spx": null,
    "ten_year": {
      "yield_pct": 4.18,
      "delta_bp_1d": -1.0000000000000675
    },
    "mortgage_30y": {
      "rate_pct": 6.06,
      "delta_bp_wow": -10.000000000000053
    },
    "starts": {
      "level_saar": 1246.0,
      "mom": -0.04594180704441042
    }
  },
  "permits": {
    "florida": {
      "latest": 13594,
      "latest_date": "2025-08",
      "mom": -0.0727781188186345,
      "yoy": -0.13226094727435211,
      "ytd": -0.026868417713488135,
      "ytd_count": 122708,
      "latest_year": 2025,
      "latest_month_name": "Aug"
    },
    "msa": {
      "Orlando–Kissimmee–Sanford": {
        "total": {
          "latest": 1649,
          "latest_year": 2025,
          "latest_month": 8,
          "latest_month_name": "Aug",
          "mom": -0.20797310278578285,
          "yoy": -0.16336884830035514,
          "ytd_yoy": 0.20390428982314424,
          "ytd_count": 19673
        },
        "one_unit": {
          "latest": 927,
          "latest_year": 2025,
          "latest_month": 8,
          "latest_month_name": "Aug",
          "mom": -0.12793979303857006,
          "yoy": -0.382,
          "ytd_yoy": 0.008284136354979932,
          "ytd_count": 10589
        },
        "dom": {
          "days": 83,
          "yoy": 0.03750000000000009,
          "as_of": "2025-12"
        }
      },
      "Tampa–St. Petersburg–Clearwater": {
        "total": {
          "latest": 2908,
          "latest_year": 2025,
          "latest_month": 8,
          "latest_month_name": "Aug",
          "mom": 0.6645678305666858,
          "yoy": 0.465725806451613,
          "ytd_yoy": -0.06499153020892157,
          "ytd_count": 16559
        },
        "one_unit": {
          "latest": 1324,
          "latest_year": 2025,
          "latest_month": 8,
          "latest_month_name": "Aug",
          "mom": 0.16140350877192988,
          "yoy": 0.2526017029328287,
          "ytd_yoy": -0.09323079844298865,
          "ytd_count": 9551
        },
        "dom": {
          "days": 80,
          "yoy": 0.11111111111111116,
          "as_of": "2025-12"
        }
      },
      "Ocala": {
        "total": {
          "latest": 461,
          "latest_year": 2025,
          "latest_month": 8,
          "latest_month_name": "Aug",
          "mom": 0.0453514739229024,
          "yoy": 0.0453514739229024,
          "ytd_yoy": -0.1361718450326045,
          "ytd_count": 4504
        },
        "one_unit": {
          "latest": 451,
          "latest_year": 2025,
          "latest_month": 8,
          "latest_month_name": "Aug",
          "mom": 0.09200968523002429,
          "yoy": 0.0562060889929743,
          "ytd_yoy": -0.12195652173913041,
          "ytd_count": 4039
        },
        "dom": {
          "days": 87,
          "yoy": 0.15999999999999992,
          "as_of": "2025-12"
        }
      },
      "Palm Bay–Melbourne–Titusville": {
        "total": {
          "latest": 391,
          "latest_year": 2025,
          "latest_month": 8,
          "latest_month_name": "Aug",
          "mom": -0.28519195612431447,
          "yoy": 0.3076923076923077,
          "ytd_yoy": 0.03214156735283491,
          "ytd_count": 2858
        },
        "one_unit": {
          "latest": 239,
          "latest_year": 2025,
          "latest_month": 8,
          "latest_month_name": "Aug",
          "mom": -0.13090909090909086,
          "yoy": -0.2006688963210702,
          "ytd_yoy": -0.10545165141265422,
          "ytd_count": 2248
        },
        "dom": {
          "days": 78,
          "yoy": 0.040000000000000036,
          "as_of": "2025-12"
        }
      }
    }
  },
  "watchlist": [],
  "feed": [
    {
      "title": "Court advised to reject legal bid to compel NAR rule enforcement",
      "link": "https://www.housingwire.com/articles/nar-mls-zea-lawsuit-update/",
      "published": "Thu, 15 Jan 2026"
    },
    {
      "title": "Housing activity weakens in latest Fed Beige Book report",
      "link": "https://www.housingwire.com/articles/housing-activity-weakens-in-latest-fed-beige-book-report/",
      "published": "Thu, 15 Jan 2026"
    },
    {
      "title": "CHLA pushes back against single-bureau credit pull",
      "link": "https://www.housingwire.com/articles/chla-single-bureau-credit/",
      "published": "Thu, 15 Jan 2026"
    },
    {
      "title": "Real estate investors account for 34% of home sales in Q3 2025",
      "link": "https://www.housingwire.com/articles/investor-homeownership-2025/",
      "published": "Thu, 15 Jan 2026"
    },
    {
      "title": "Freddie Mac multifamily volume grows 17%, reaches $77.6B in 2025",
      "link": "https://www.housingwire.com/articles/freddie-mac-multifamily-2025/",
      "published": "Thu, 15 Jan 2026"
    },
    {
      "title": "Boulder high schoolers are powering the city’s affordable housing push",
      "link": "https://www.housingwire.com/articles/boulder-modular-housing/",
      "published": "Thu, 15 Jan 2026"
    },
    {
      "title": "Pending Home Sales Drop to Lowest Level on Record Aside From Start of Pandemic",
      "link": "https://www.redfin.com/news/home-sales-fall-december-2025/",
      "published": "Thu, 15 Jan 2026"
    },
    {
      "title": "Monthly Housing Costs Start the Year Down 5%, the Biggest Decline in Over a Year",
      "link": "https://www.redfin.com/news/housing-market-update-monthly-payments-big-decline/",
      "published": "Thu, 15 Jan 2026"
    },
    {
      "title": "Coastal Florida Dominates December’s Priciest Home Sales, Led By a $101M Miami Estate",
      "link": "https://www.redfin.com/news/most-expensive-home-sales-december-2025/",
      "published": "Wed, 14 Jan 2026"
    },
    {
      "title": "Mortgage Rates Expected to Stay Put After Today’s Mild Inflation Report",
      "link": "https://www.redfin.com/news/mortgage-rates-expected-to-stay-put-after-todays-mild-inflation-report/",
      "published": "Tue, 13 Jan 2026"
    },
    {
      "title": "Redfin Economists’ Weekly Take: Mortgage Rates Dipped After Trump’s Mortgage-Bond Move, Fed Turmoil and Inflation Data Loom",
      "link": "https://www.redfin.com/news/weekly-economic-update-fed-investigation-inflation/",
      "published": "Mon, 12 Jan 2026"
    },
    {
      "title": "Trump’s Mortgage Bond Order Pushes Rates Below 6% For First Time in Nearly 3 Years, Boosting Purchasing Power",
      "link": "https://www.redfin.com/news/purchasing-power-improves-rates-drop-january-2026/",
      "published": "Fri, 09 Jan 2026"
    }
  ],
  "feed_101020": {
    "macro": [
      {
        "title": "Housing activity weakens in latest Fed Beige Book report",
        "url": "https://www.housingwire.com/articles/housing-activity-weakens-in-latest-fed-beige-book-report/",
        "what": "Most Federal Reserve districts reporting on residential real estate cited softer home sales, slower construction and reduced lending.",
        "numbers": "",
        "justified": "housingwire.com — https://www.housingwire.com/articles/housing-activity-weakens-in-latest-fed-beige-book-report/",
        "why": "Rates & inflation shape discount rates and housing affordability.",
        "market": "Lower rates support demand/valuations; higher rates pressure builders/REITs and slow transactions."
      },
      {
        "title": "CHLA pushes back against single-bureau credit pull",
        "url": "https://www.housingwire.com/articles/chla-single-bureau-credit/",
        "what": "The Community Home Lenders of America (CHLA) is pushing back against proposals to allow a single-bureau credit pull in mortgage underwriting, as Federal Housing Finance Agency (FHF",
        "numbers": "",
        "justified": "housingwire.com — https://www.housingwire.com/articles/chla-single-bureau-credit/",
        "why": "Rates & inflation shape discount rates and housing affordability.",