{
  "as_of": "2025-10-08 10:35 UTC",
  "macro": {
    "spx": null,
    "ten_year": {
      "yield_pct": 4.18,
      "delta_bp_1d": 4.999999999999982
    },
    "mortgage_30y": {
      "rate_pct": 6.34,
      "delta_bp_wow": 4.0000000000000036
    },
    "starts": {
      "level_saar": 1307.0,
      "mom": -0.08537438768369487
    }
  },
  "permits": {
    "florida": {
      "latest": 13594,
      "latest_date": "2025-08",
      "mom": -0.0727781188186345,
      "yoy": -0.13226094727435211,
      "ytd": -0.026868417713488135,
      "ytd_count": 122708,
      "latest_year": 2025,
      "latest_month_name": "Aug"
    },
    "msa": {
      "Orlando–Kissimmee–Sanford": {
        "total": {
          "latest": 1649,
          "latest_year": 2025,
          "latest_month": 8,
          "latest_month_name": "Aug",
          "mom": -0.20797310278578285,
          "yoy": -0.16336884830035514,
          "ytd_yoy": 0.20390428982314424,
          "ytd_count": 19673
        },
        "one_unit": {
          "latest": 927,
          "latest_year": 2025,
          "latest_month": 8,
          "latest_month_name": "Aug",
          "mom": -0.12793979303857006,
          "yoy": -0.382,
          "ytd_yoy": 0.008284136354979932,
          "ytd_count": 10589
        },
        "dom": {
          "days": 79,
          "yoy": 0.21538461538461529,
          "as_of": "2025-09"
        }
      },
      "Tampa–St. Petersburg–Clearwater": {
        "total": {
          "latest": 2908,
          "latest_year": 2025,
          "latest_month": 8,
          "latest_month_name": "Aug",
          "mom": 0.6645678305666858,
          "yoy": 0.465725806451613,
          "ytd_yoy": -0.06499153020892157,
          "ytd_count": 16559
        },
        "one_unit": {
          "latest": 1324,
          "latest_year": 2025,
          "latest_month": 8,
          "latest_month_name": "Aug",
          "mom": 0.16140350877192988,
          "yoy": 0.2526017029328287,
          "ytd_yoy": -0.09323079844298865,
          "ytd_count": 9551
        },
        "dom": {
          "days": 79,
          "yoy": 0.19696969696969702,
          "as_of": "2025-09"
        }
      },
      "Ocala": {
        "total": {
          "latest": 461,
          "latest_year": 2025,
          "latest_month": 8,
          "latest_month_name": "Aug",
          "mom": 0.0453514739229024,
          "yoy": 0.0453514739229024,
          "ytd_yoy": -0.1361718450326045,
          "ytd_count": 4504
        },
        "one_unit": {
          "latest": 451,
          "latest_year": 2025,
          "latest_month": 8,
          "latest_month_name": "Aug",
          "mom": 0.09200968523002429,
          "yoy": 0.0562060889929743,
          "ytd_yoy": -0.12195652173913041,
          "ytd_count": 4039
        },
        "dom": {
          "days": 80,
          "yoy": 0.19402985074626855,
          "as_of": "2025-09"
        }
      },
      "Palm Bay–Melbourne–Titusville": {
        "total": {
          "latest": 391,
          "latest_year": 2025,
          "latest_month": 8,
          "latest_month_name": "Aug",
          "mom": -0.28519195612431447,
          "yoy": 0.3076923076923077,
          "ytd_yoy": 0.03214156735283491,
          "ytd_count": 2858
        },
        "one_unit": {
          "latest": 239,
          "latest_year": 2025,
          "latest_month": 8,
          "latest_month_name": "Aug",
          "mom": -0.13090909090909086,
          "yoy": -0.2006688963210702,
          "ytd_yoy": -0.10545165141265422,
          "ytd_count": 2248
        },
        "dom": {
          "days": 75,
          "yoy": 0.15384615384615374,
          "as_of": "2025-09"
        }
      }
    }
  },
  "watchlist": [],
  "feed": [
    {
      "title": "Industry veterans launch consultancy firm Alloy Advisors",
      "link": "https://www.housingwire.com/articles/industry-veterans-launch-consultancy-firm-alloy-advisors/",
      "published": "Wed, 08 Oct 2025"
    },
    {
      "title": "Recruiting the same loan officer and expecting different results",
      "link": "https://www.housingwire.com/articles/recruiting-the-same-loan-officer-and-expecting-different-results/",
      "published": "Wed, 08 Oct 2025"
    },
    {
      "title": "Radian’s playbook for AI: Governance, growth, and operational excellence",
      "link": "https://www.housingwire.com/articles/radians-playbook-for-ai-governance-growth-and-operational-excellence/",
      "published": "Wed, 08 Oct 2025"
    },
    {
      "title": "With increased defaults, when is it prudent for servicers to record loan modifications?",
      "link": "https://www.housingwire.com/articles/with-increased-defaults-when-is-it-prudent-for-servicers-to-record-loan-modifications/",
      "published": "Wed, 08 Oct 2025"
    },
    {
      "title": "Equifax slashes VantageScore 4.0 pricing as FICO launches new reseller model",
      "link": "https://www.housingwire.com/articles/equifax-vantagescore-4-0-pricing/",
      "published": "Tue, 07 Oct 2025"
    },
    {
      "title": "Kansas City Fed chair backs cautious approach on rates",
      "link": "https://www.housingwire.com/articles/kansas-city-fed-chair-backs-cautious-approach-on-rates/",
      "published": "Tue, 07 Oct 2025"
    },
    {
      "title": "Homebuyers Are Canceling Deals at a Record Rate. Here’s Why.",
      "link": "https://www.redfin.com/news/home-purchase-cancellations-august-2025/",
      "published": "Tue, 07 Oct 2025"
    },
    {
      "title": "Redfin Economists’ Weekly Take: All Eyes on Fed Speeches as Markets Continue to Fly Data-Blind",
      "link": "https://www.redfin.com/news/weekly-economics-update-october-6/",
      "published": "Mon, 06 Oct 2025"
    },
    {
      "title": "There Are 72% More Condo Sellers Than Buyers in the U.S.",
      "link": "https://www.redfin.com/news/more-condo-sellers-than-buyers/",
      "published": "Mon, 06 Oct 2025"
    },
    {
      "title": "Home Sellers Are Cutting Prices at a Record Rate to Lure Skittish Buyers",
      "link": "https://www.redfin.com/news/price-drops-record-rate-august-2025/",
      "published": "Thu, 02 Oct 2025"
    },
    {
      "title": "Pending Home Sales Slide, But There Are Bright Spots: Buyers Have Bargaining Power, Starter-Home Sales Improving",
      "link": "https://www.redfin.com/news/housing-market-update-prospective-homebuyers-back-away/",
      "published": "Thu, 02 Oct 2025"
    },
    {
      "title": "Typical U.S. Luxury Home Price Rises 4% to $1.25M as Sales Fall to Lowest August Level in Over a Decade",
      "link": "https://www.redfin.com/news/luxury-homes-market-august-2025/",
      "published": "Wed, 01 Oct 2025"
    }
  ],
  "feed_101020": {
    "macro": [
      {
        "title": "Equifax slashes VantageScore 4.0 pricing as FICO launches new reseller model",
        "url": "https://www.housingwire.com/articles/equifax-vantagescore-4-0-pricing/",
        "what": "Equifax announced changes to its pricing strategy following Fair Isaac Corp.’s rollout of a new program that allows tri-merge resellers to calculate and distribute its scores direc",
        "numbers": "",
        "justified": "housingwire.com — https://www.housingwire.com/articles/equifax-vantagescore-4-0-pricing/",
        "why": "Rates & inflation shape discount rates and housing affordability.",
        "market": "Lower rates support demand/valuations; higher rates pressure builders/REITs and slow transactions."
      },
      {
        "title": "Kansas City Fed chair backs cautious approach on rates",
        "url": "https://www.housingwire.com/articles/kansas-city-fed-chair-backs-cautious-approach-on-rates/",
        "what": "Kansas City Fed Chair Jeff Schmid said he voted in favor of the Fed’s September quarter-point rate cut but sees no need for aggressive easing.",
        "numbers": "",
        "justified": "housingwire.com — https://www.housingwire.com/articles/kansas-city-fed-chair-backs-cautious-approach-on-rates/",