{
  "as_of": "2025-10-22 02:14 UTC",
  "macro": {
    "spx": null,
    "ten_year": {
      "yield_pct": 4.0,
      "delta_bp_1d": -1.9999999999999574
    },
    "mortgage_30y": {
      "rate_pct": 6.27,
      "delta_bp_wow": -3.000000000000025
    },
    "starts": {
      "level_saar": 1307.0,
      "mom": -0.08537438768369487
    }
  },
  "permits": {
    "florida": {
      "latest": 13594,
      "latest_date": "2025-08",
      "mom": -0.0727781188186345,
      "yoy": -0.13226094727435211,
      "ytd": -0.026868417713488135,
      "ytd_count": 122708,
      "latest_year": 2025,
      "latest_month_name": "Aug"
    },
    "msa": {
      "Orlando–Kissimmee–Sanford": {
        "total": {
          "latest": 1649,
          "latest_year": 2025,
          "latest_month": 8,
          "latest_month_name": "Aug",
          "mom": -0.20797310278578285,
          "yoy": -0.16336884830035514,
          "ytd_yoy": 0.20390428982314424,
          "ytd_count": 19673
        },
        "one_unit": {
          "latest": 927,
          "latest_year": 2025,
          "latest_month": 8,
          "latest_month_name": "Aug",
          "mom": -0.12793979303857006,
          "yoy": -0.382,
          "ytd_yoy": 0.008284136354979932,
          "ytd_count": 10589
        },
        "dom": {
          "days": 79,
          "yoy": 0.21538461538461529,
          "as_of": "2025-09"
        }
      },
      "Tampa–St. Petersburg–Clearwater": {
        "total": {
          "latest": 2908,
          "latest_year": 2025,
          "latest_month": 8,
          "latest_month_name": "Aug",
          "mom": 0.6645678305666858,
          "yoy": 0.465725806451613,
          "ytd_yoy": -0.06499153020892157,
          "ytd_count": 16559
        },
        "one_unit": {
          "latest": 1324,
          "latest_year": 2025,
          "latest_month": 8,
          "latest_month_name": "Aug",
          "mom": 0.16140350877192988,
          "yoy": 0.2526017029328287,
          "ytd_yoy": -0.09323079844298865,
          "ytd_count": 9551
        },
        "dom": {
          "days": 79,
          "yoy": 0.19696969696969702,
          "as_of": "2025-09"
        }
      },
      "Ocala": {
        "total": {
          "latest": 461,
          "latest_year": 2025,
          "latest_month": 8,
          "latest_month_name": "Aug",
          "mom": 0.0453514739229024,
          "yoy": 0.0453514739229024,
          "ytd_yoy": -0.1361718450326045,
          "ytd_count": 4504
        },
        "one_unit": {
          "latest": 451,
          "latest_year": 2025,
          "latest_month": 8,
          "latest_month_name": "Aug",
          "mom": 0.09200968523002429,
          "yoy": 0.0562060889929743,
          "ytd_yoy": -0.12195652173913041,
          "ytd_count": 4039
        },
        "dom": {
          "days": 80,
          "yoy": 0.19402985074626855,
          "as_of": "2025-09"
        }
      },
      "Palm Bay–Melbourne–Titusville": {
        "total": {
          "latest": 391,
          "latest_year": 2025,
          "latest_month": 8,
          "latest_month_name": "Aug",
          "mom": -0.28519195612431447,
          "yoy": 0.3076923076923077,
          "ytd_yoy": 0.03214156735283491,
          "ytd_count": 2858
        },
        "one_unit": {
          "latest": 239,
          "latest_year": 2025,
          "latest_month": 8,
          "latest_month_name": "Aug",
          "mom": -0.13090909090909086,
          "yoy": -0.2006688963210702,
          "ytd_yoy": -0.10545165141265422,
          "ytd_count": 2248
        },
        "dom": {
          "days": 75,
          "yoy": 0.15384615384615374,
          "as_of": "2025-09"
        }
      }
    }
  },
  "watchlist": [],
  "feed": [
    {
      "title": "Pennymac posts Q3 profit of $181M, fueled by servicing strength",
      "link": "https://www.housingwire.com/articles/pennymac-q3-2025-profit-surge/",
      "published": "Tue, 21 Oct 2025"
    },
    {
      "title": "REcore sues CoStar and Homes.com over alleged breach of contract",
      "link": "https://www.housingwire.com/articles/recore-sues-costar-over-contract-breach/",
      "published": "Tue, 21 Oct 2025"
    },
    {
      "title": "eXp Luxury unveils division for high-profile clients",
      "link": "https://www.housingwire.com/articles/exp-luxury-unveils-division-for-high-profile-clients/",
      "published": "Tue, 21 Oct 2025"
    },
    {
      "title": "eXp Realty launches AI assistant ‘Mira,’ AI training program",
      "link": "https://www.housingwire.com/articles/exp-realty-launches-ai-assistant-mira-ai-training-program/",
      "published": "Tue, 21 Oct 2025"
    },
    {
      "title": "Mortgage rates dip slightly, staying near 2025 lows ahead of CPI report",
      "link": "https://www.housingwire.com/articles/mortgage-rates-dip-slightly-staying-near-2025-lows-ahead-of-cpi-report/",
      "published": "Tue, 21 Oct 2025"
    },
    {
      "title": "Compass launches Buyer Demand tool to help agents price homes",
      "link": "https://www.housingwire.com/articles/compass-launches-buyer-demand-tool-to-help-agents-price-homes/",
      "published": "Tue, 21 Oct 2025"
    },
    {
      "title": "U.S. Home Prices Rose 0.2% in September",
      "link": "https://www.redfin.com/news/home-price-index-september-2025/",
      "published": "Tue, 21 Oct 2025"
    },
    {
      "title": "Redfin Economists’ Weekly Take: Inflation Report Unlikely to Stop Fed From Cutting Rates Next Week",
      "link": "https://www.redfin.com/news/weekly-economics-update-october-20/",
      "published": "Mon, 20 Oct 2025"
    },
    {
      "title": "Homebuyers Are Scoring the Biggest Autumn Discounts Since 2019",
      "link": "https://www.redfin.com/news/homebuyer-discounts-september-2025/",
      "published": "Mon, 20 Oct 2025"
    },
    {
      "title": "29% of U.S. Home Purchases Are Made in Cash, Essentially Flat From a Year Ago",
      "link": "https://www.redfin.com/news/all-cash-down-payments-2025/",
      "published": "Fri, 17 Oct 2025"
    },
    {
      "title": "September’s Most Expensive Home Sales Include Ellen DeGeneres’ Former Montecito Mansion",
      "link": "https://www.redfin.com/news/most-expensive-home-sales-september-2025/",
      "published": "Thu, 16 Oct 2025"
    },
    {
      "title": "New Listings Creep Up As Would-Be Homebuyers Back Off, Haunted By High Prices and Economic Unease",
      "link": "https://www.redfin.com/news/housing-market-update-new-listings-rise-pending-sales-fall-october-2025/",
      "published": "Thu, 16 Oct 2025"
    }
  ],
  "feed_101020": {
    "macro": [
      {
        "title": "REcore sues CoStar and Homes.com over alleged breach of contract",
        "url": "https://www.housingwire.com/articles/recore-sues-costar-over-contract-breach/",
        "what": "REcore claims CoStar has not paid the full amount it owes for its IDX feed due to its monetization of MLS data.",
        "numbers": "",
        "justified": "housingwire.com — https://www.housingwire.com/articles/recore-sues-costar-over-contract-breach/",
        "why": "Relevant development for housing and markets.",
        "market": "Watch second-order effects across builders, lenders, and REITs."
      },
      {
        "title": "Mortgage rates dip slightly, staying near 2025 lows ahead of CPI report",
        "url": "https://www.housingwire.com/articles/mortgage-rates-dip-slightly-staying-near-2025-lows-ahead-of-cpi-report/",
        "what": "The government shutdown, which reached its 21st day on Tuesday, postponed the release of key inflation data.",
        "numbers": "21",
        "justified": "housingwire.com — https://www.housingwire.com/articles/mortgage-rates-dip-slightly-staying-near-2025-lows-ahead-of-cpi-report/",
        "why": "Rates & inflation shape discount rates and housing affordability.",