{
  "as_of": "2026-05-13 13:28 UTC",
  "macro": {
    "spx": null,
    "ten_year": {
      "yield_pct": 4.42,
      "delta_bp_1d": 4.0000000000000036
    },
    "mortgage_30y": {
      "rate_pct": 6.37,
      "delta_bp_wow": 7.000000000000028
    },
    "starts": {
      "level_saar": 1502.0,
      "mom": 0.10766961651917395
    }
  },
  "permits": {
    "florida": {
      "latest": 12449,
      "latest_date": "2026-03",
      "mom": 0.03054635761589397,
      "yoy": -0.15719991875973194,
      "ytd": -0.23309677419354835,
      "ytd_count": 35661,
      "latest_year": 2026,
      "latest_month_name": "Mar"
    },
    "msa": {
      "Orlando–Kissimmee–Sanford": {
        "total": {
          "latest": 1432,
          "latest_year": 2026,
          "latest_month": 3,
          "latest_month_name": "Mar",
          "mom": 0.07426856714178554,
          "yoy": -0.5466919911364356,
          "ytd_yoy": -0.542715777899945,
          "ytd_count": 4159
        },
        "one_unit": {
          "latest": 1122,
          "latest_year": 2026,
          "latest_month": 3,
          "latest_month_name": "Mar",
          "mom": 0.2411504424778761,
          "yoy": -0.1816192560175055,
          "ytd_yoy": -0.2602331927561399,
          "ytd_count": 2982
        },
        "dom": {
          "days": 68,
          "yoy": 0.09677419354838701,
          "as_of": "2026-04"
        }
      },
      "Tampa–St. Petersburg–Clearwater": {
        "total": {
          "latest": 1586,
          "latest_year": 2026,
          "latest_month": 3,
          "latest_month_name": "Mar",
          "mom": -0.10698198198198194,
          "yoy": 0.1696165191740413,
          "ytd_yoy": -0.12903225806451613,
          "ytd_count": 4617
        },
        "one_unit": {
          "latest": 1176,
          "latest_year": 2026,
          "latest_month": 3,
          "latest_month_name": "Mar",
          "mom": 0.01906412478336228,
          "yoy": -0.028099173553719048,
          "ytd_yoy": 0.08082706766917291,
          "ytd_count": 3450
        },
        "dom": {
          "days": 67,
          "yoy": 0.15517241379310343,
          "as_of": "2026-04"
        }
      },
      "Ocala": {
        "total": {
          "latest": 618,
          "latest_year": 2026,
          "latest_month": 3,
          "latest_month_name": "Mar",
          "mom": 0.006514657980456029,
          "yoy": -0.07067669172932334,
          "ytd_yoy": -0.09677419354838712,
          "ytd_count": 1736
        },
        "one_unit": {
          "latest": 618,
          "latest_year": 2026,
          "latest_month": 3,
          "latest_month_name": "Mar",
          "mom": 0.04391891891891886,
          "yoy": 0.08231173380035028,
          "ytd_yoy": -0.033067274800456126,
          "ytd_count": 1696
        },
        "dom": {
          "days": 75,
          "yoy": 0.13636363636363646,
          "as_of": "2026-04"
        }
      },
      "Palm Bay–Melbourne–Titusville": {
        "total": {
          "latest": 330,
          "latest_year": 2026,
          "latest_month": 3,
          "latest_month_name": "Mar",
          "mom": 0.346938775510204,
          "yoy": 0.13793103448275867,
          "ytd_yoy": -0.22699999999999998,
          "ytd_count": 773
        },
        "one_unit": {
          "latest": 330,
          "latest_year": 2026,
          "latest_month": 3,
          "latest_month_name": "Mar",
          "mom": 0.346938775510204,
          "yoy": 0.13793103448275867,
          "ytd_yoy": -0.06416464891041163,
          "ytd_count": 773
        },
        "dom": {
          "days": 67,
          "yoy": 0.09836065573770503,
          "as_of": "2026-04"
        }
      }
    }
  },
  "watchlist": [],
  "feed": [
    {
      "title": "Mortgage demand rises 1.7% even as rates reach five-week peak",
      "link": "https://www.housingwire.com/articles/mba-applications-rise-mba-may-8/",
      "published": "Wed, 13 May 2026"
    },
    {
      "title": "From addiction to advocacy: How the mortgage industry gave me a second chance",
      "link": "https://www.housingwire.com/articles/from-addiction-to-advocacy-how-the-mortgage-industry-gave-me-a-second-chance/",
      "published": "Wed, 13 May 2026"
    },
    {
      "title": "Your AI-generated content is showing. (And not in a good way.)",
      "link": "https://www.housingwire.com/articles/your-ai-generated-content-is-showing-and-not-in-a-good-way/",
      "published": "Wed, 13 May 2026"
    },
    {
      "title": "New Rochelle housing surge proves predictable zoning’s impact",
      "link": "https://www.housingwire.com/articles/new-rochelle-predictable-zoning-housing/",
      "published": "Tue, 12 May 2026"
    },
    {
      "title": "Retirees counting on home equity may face financial shortfalls",
      "link": "https://www.housingwire.com/articles/retirees-home-equity-financial-shortfalls/",
      "published": "Tue, 12 May 2026"
    },
    {
      "title": "Inside QXO’s growth plan after $30.2 billion acquisition spree",
      "link": "https://www.housingwire.com/articles/qxo-details-next-stage-of-growth/",
      "published": "Tue, 12 May 2026"
    },
    {
      "title": "$60 Million Montecito Mansion Tops List of April’s Priciest Home Sales",
      "link": "https://www.redfin.com/news/most-expensive-home-sales-april-2026/",
      "published": "Wed, 13 May 2026"
    },
    {
      "title": "Fed in Wait-and-See Mode on Hot Inflation Report; Mortgage Rates to Track Oil Prices, Mideast Talks",
      "link": "https://www.redfin.com/news/cpi-april-2026/",
      "published": "Tue, 12 May 2026"
    },
    {
      "title": "America’s Housing Market Favors Buyers—But Their Advantage Is Finally Starting to Shrink",
      "link": "https://www.redfin.com/news/buyers-vs-sellers-april-2026/",
      "published": "Tue, 12 May 2026"
    },
    {
      "title": "Home Prices Posted the Biggest Increase in Over a Year in April",
      "link": "https://www.redfin.com/news/home-prices-rise-april-2026/",
      "published": "Tue, 12 May 2026"
    },
    {
      "title": "Introducing the New & Improved Redfin Data Center",
      "link": "https://www.redfin.com/news/new-redfin-data-center/",
      "published": "Tue, 12 May 2026"
    },
    {
      "title": "Mortgage Rates May Swing This Week As Markets Watch Inflation and Iran Developments",
      "link": "https://www.redfin.com/news/weekly-economic-update-may-11-2026/",
      "published": "Mon, 11 May 2026"
    }
  ],
  "feed_101020": {
    "macro": [
      {
        "title": "Mortgage demand rises 1.7% even as rates reach five-week peak",
        "url": "https://www.housingwire.com/articles/mba-applications-rise-mba-may-8/",
        "what": "Mortgage applications rose 1.7% in MBA’s weekly survey as purchase demand climbed 4% and the 30-year fixed rate increased to 6.46%.",
        "numbers": "1.7, 4, 30, 6.46",
        "justified": "housingwire.com — https://www.housingwire.com/articles/mba-applications-rise-mba-may-8/",
        "why": "Rates & inflation shape discount rates and housing affordability.",
        "market": "Lower rates support demand/valuations; higher rates pressure builders/REITs and slow transactions."
      },
      {
        "title": "Ivory Prize honors solutions in a higher rate, higher risk backdrop",
        "url": "https://www.housingwire.com/articles/ivory-prize-honors-solutions-in-a-higher-rate-higher-risk-backdrop/",
        "what": "The affordability crisis in American housing demands more invention, more experimentation and more scalable models to break through the chronic chokeholds of economic, building-technology, and political will",
        "numbers": "",
        "justified": "housingwire.com — https://www.housingwire.com/articles/ivory-prize-honors-solutions-in-a-higher-rate-higher-risk-backdrop/",
        "why": "Rates & inflation shape discount rates and housing affordability.",