{
  "as_of": "2025-12-24 06:50 UTC",
  "macro": {
    "spx": null,
    "ten_year": {
      "yield_pct": 4.17,
      "delta_bp_1d": 0.9999999999999787
    },
    "mortgage_30y": {
      "rate_pct": 6.21,
      "delta_bp_wow": -0.9999999999999787
    },
    "starts": {
      "level_saar": 1307.0,
      "mom": -0.08537438768369487
    }
  },
  "permits": {
    "florida": {
      "latest": 13594,
      "latest_date": "2025-08",
      "mom": -0.0727781188186345,
      "yoy": -0.13226094727435211,
      "ytd": -0.026868417713488135,
      "ytd_count": 122708,
      "latest_year": 2025,
      "latest_month_name": "Aug"
    },
    "msa": {
      "Orlando–Kissimmee–Sanford": {
        "total": {
          "latest": 1649,
          "latest_year": 2025,
          "latest_month": 8,
          "latest_month_name": "Aug",
          "mom": -0.20797310278578285,
          "yoy": -0.16336884830035514,
          "ytd_yoy": 0.20390428982314424,
          "ytd_count": 19673
        },
        "one_unit": {
          "latest": 927,
          "latest_year": 2025,
          "latest_month": 8,
          "latest_month_name": "Aug",
          "mom": -0.12793979303857006,
          "yoy": -0.382,
          "ytd_yoy": 0.008284136354979932,
          "ytd_count": 10589
        },
        "dom": {
          "days": 80,
          "yoy": 0.09589041095890405,
          "as_of": "2025-11"
        }
      },
      "Tampa–St. Petersburg–Clearwater": {
        "total": {
          "latest": 2908,
          "latest_year": 2025,
          "latest_month": 8,
          "latest_month_name": "Aug",
          "mom": 0.6645678305666858,
          "yoy": 0.465725806451613,
          "ytd_yoy": -0.06499153020892157,
          "ytd_count": 16559
        },
        "one_unit": {
          "latest": 1324,
          "latest_year": 2025,
          "latest_month": 8,
          "latest_month_name": "Aug",
          "mom": 0.16140350877192988,
          "yoy": 0.2526017029328287,
          "ytd_yoy": -0.09323079844298865,
          "ytd_count": 9551
        },
        "dom": {
          "days": 78,
          "yoy": 0.054054054054053946,
          "as_of": "2025-11"
        }
      },
      "Ocala": {
        "total": {
          "latest": 461,
          "latest_year": 2025,
          "latest_month": 8,
          "latest_month_name": "Aug",
          "mom": 0.0453514739229024,
          "yoy": 0.0453514739229024,
          "ytd_yoy": -0.1361718450326045,
          "ytd_count": 4504
        },
        "one_unit": {
          "latest": 451,
          "latest_year": 2025,
          "latest_month": 8,
          "latest_month_name": "Aug",
          "mom": 0.09200968523002429,
          "yoy": 0.0562060889929743,
          "ytd_yoy": -0.12195652173913041,
          "ytd_count": 4039
        },
        "dom": {
          "days": 79,
          "yoy": 0.12857142857142856,
          "as_of": "2025-11"
        }
      },
      "Palm Bay–Melbourne–Titusville": {
        "total": {
          "latest": 391,
          "latest_year": 2025,
          "latest_month": 8,
          "latest_month_name": "Aug",
          "mom": -0.28519195612431447,
          "yoy": 0.3076923076923077,
          "ytd_yoy": 0.03214156735283491,
          "ytd_count": 2858
        },
        "one_unit": {
          "latest": 239,
          "latest_year": 2025,
          "latest_month": 8,
          "latest_month_name": "Aug",
          "mom": -0.13090909090909086,
          "yoy": -0.2006688963210702,
          "ytd_yoy": -0.10545165141265422,
          "ytd_count": 2248
        },
        "dom": {
          "days": 74,
          "yoy": 0.04225352112676051,
          "as_of": "2025-11"
        }
      }
    }
  },
  "watchlist": [],
  "feed": [
    {
      "title": "Texas proposes property tax cuts for homeowners 55+",
      "link": "https://www.housingwire.com/articles/texas-property-tax-proposal-55/",
      "published": "Tue, 23 Dec 2025"
    },
    {
      "title": "Mortgage rates cool in 2025, but 2026 relief likely limited",
      "link": "https://www.housingwire.com/articles/mortgage-rates-2026-outlook/",
      "published": "Tue, 23 Dec 2025"
    },
    {
      "title": "MBA 2026 forecast: Slow growth amid inflation, rate hikes",
      "link": "https://www.housingwire.com/articles/us-economic-growth-2025-mba-forecast/",
      "published": "Tue, 23 Dec 2025"
    },
    {
      "title": "November sees sharp rise in U.S. mortgage delinquencies",
      "link": "https://www.housingwire.com/articles/november-sees-sharp-rise-in-u-s-mortgage-delinquencies/",
      "published": "Tue, 23 Dec 2025"
    },
    {
      "title": "How The Loan Store doubled volume in a crowded wholesale market",
      "link": "https://www.housingwire.com/articles/loan-store-wholesale-growth/",
      "published": "Tue, 23 Dec 2025"
    },
    {
      "title": "reAlpha to buy InstaMortgage for $8.5M to expand direct lending",
      "link": "https://www.housingwire.com/articles/realpha-instamortgage-acquisition/",
      "published": "Tue, 23 Dec 2025"
    },
    {
      "title": "The U.S. Housing Market Has 37% More Sellers Than Buyers—More Than Double Last Year’s Gap",
      "link": "https://www.redfin.com/news/buyers-vs-sellers-november-2025/",
      "published": "Tue, 23 Dec 2025"
    },
    {
      "title": "U.S. Home Prices Ticked Up 0.2% in November",
      "link": "https://www.redfin.com/news/home-price-index-november-2025/",
      "published": "Tue, 23 Dec 2025"
    },
    {
      "title": "Western New York Is the Most Competitive Place to Buy a Home in America",
      "link": "https://www.redfin.com/news/most-competitive-housing-markets-2025/",
      "published": "Tue, 23 Dec 2025"
    },
    {
      "title": "Redfin Economists’ Weekly Take: Mortgage Rates Remain Steady Despite Problematic Inflation, Jobs Reports",
      "link": "https://www.redfin.com/news/mortgage-rates-steady-economic-data-issues/",
      "published": "Mon, 22 Dec 2025"
    },
    {
      "title": "Home Sellers Retreat, With Supply Posting Biggest Decline Since 2023",
      "link": "https://www.redfin.com/news/housing-supply-falls-november-2025/",
      "published": "Mon, 22 Dec 2025"
    },
    {
      "title": "Mortgage Rates Stay Relatively Flat After Noisy Inflation Data",
      "link": "https://www.redfin.com/news/mortgage-rates-steady-noisy-inflation-data/",
      "published": "Thu, 18 Dec 2025"
    }
  ],
  "feed_101020": {
    "macro": [
      {
        "title": "Mortgage rates cool in 2025, but 2026 relief likely limited",
        "url": "https://www.housingwire.com/articles/mortgage-rates-2026-outlook/",
        "what": "Mortgage rates started the year slightly above 7% but are heading into the holiday season near 6.2%",
        "numbers": "7, 6.2, 2026",
        "justified": "housingwire.com — https://www.housingwire.com/articles/mortgage-rates-2026-outlook/",
        "why": "Rates & inflation shape discount rates and housing affordability.",
        "market": "Lower rates support demand/valuations; higher rates pressure builders/REITs and slow transactions."
      },
      {
        "title": "MBA 2026 forecast: Slow growth amid inflation, rate hikes",
        "url": "https://www.housingwire.com/articles/us-economic-growth-2025-mba-forecast/",
        "what": "MBA’s December forecast projects economic growth of 1.6% in 2025 and puts the chance of a recession over the next 12 months at 35%.",
        "numbers": "1.6, 2025, 12, 35",
        "justified": "housingwire.com — https://www.housingwire.com/articles/us-economic-growth-2025-mba-forecast/",
        "why": "Rates & inflation shape discount rates and housing affordability.",
        "market": "Lower rates support demand/valuations; higher rates pressure builders/REITs and slow transactions."
      },
      {
        "title": "Opinion: Easing GSE credit score requirements raises risk concerns",
        "url": "https://www.housingwire.com/articles/gse-credit-score-risk/",