{
  "as_of": "2026-04-05 21:47 UTC",
  "macro": {
    "spx": null,
    "ten_year": {
      "yield_pct": 4.31,
      "delta_bp_1d": -2.000000000000046
    },
    "mortgage_30y": {
      "rate_pct": 6.46,
      "delta_bp_wow": 8.000000000000007
    },
    "starts": {
      "level_saar": 1487.0,
      "mom": 0.07209805335255948
    }
  },
  "permits": {
    "florida": {
      "latest": 11132,
      "latest_date": "2026-01",
      "mom": -0.15794251134644477,
      "yoy": -0.3402086296823139,
      "ytd": -0.3402086296823139,
      "ytd_count": 11132,
      "latest_year": 2026,
      "latest_month_name": "Jan"
    },
    "msa": {
      "Orlando–Kissimmee–Sanford": {
        "total": {
          "latest": 1394,
          "latest_year": 2026,
          "latest_month": 1,
          "latest_month_name": "Jan",
          "mom": -0.3611365719523373,
          "yoy": -0.6161894273127753,
          "ytd_yoy": -0.6161894273127753,
          "ytd_count": 1394
        },
        "one_unit": {
          "latest": 956,
          "latest_year": 2026,
          "latest_month": 1,
          "latest_month_name": "Jan",
          "mom": 0.10520231213872822,
          "yoy": -0.3137114142139268,
          "ytd_yoy": -0.3137114142139268,
          "ytd_count": 956
        },
        "dom": {
          "days": 67,
          "yoy": 0.1166666666666667,
          "as_of": "2026-03"
        }
      },
      "Tampa–St. Petersburg–Clearwater": {
        "total": {
          "latest": 1255,
          "latest_year": 2026,
          "latest_month": 1,
          "latest_month_name": "Jan",
          "mom": 0.017842660178426506,
          "yoy": -0.42219152854511965,
          "ytd_yoy": -0.42219152854511965,
          "ytd_count": 1255
        },
        "one_unit": {
          "latest": 1120,
          "latest_year": 2026,
          "latest_month": 1,
          "latest_month_name": "Jan",
          "mom": 0.20042872454448024,
          "yoy": 0.02658111824014675,
          "ytd_yoy": 0.02658111824014675,
          "ytd_count": 1120
        },
        "dom": {
          "days": 66,
          "yoy": 0.1578947368421053,
          "as_of": "2026-03"
        }
      },
      "Ocala": {
        "total": {
          "latest": 504,
          "latest_year": 2026,
          "latest_month": 1,
          "latest_month_name": "Jan",
          "mom": 0.23529411764705888,
          "yoy": -0.2186046511627907,
          "ytd_yoy": -0.2186046511627907,
          "ytd_count": 504
        },
        "one_unit": {
          "latest": 486,
          "latest_year": 2026,
          "latest_month": 1,
          "latest_month_name": "Jan",
          "mom": 0.21500000000000008,
          "yoy": -0.18592964824120606,
          "ytd_yoy": -0.18592964824120606,
          "ytd_count": 486
        },
        "dom": {
          "days": 74,
          "yoy": 0.1212121212121211,
          "as_of": "2026-03"
        }
      },
      "Palm Bay–Melbourne–Titusville": {
        "total": {
          "latest": 198,
          "latest_year": 2026,
          "latest_month": 1,
          "latest_month_name": "Jan",
          "mom": -0.6292134831460674,
          "yoy": -0.5560538116591929,
          "ytd_yoy": -0.5560538116591929,
          "ytd_count": 198
        },
        "one_unit": {
          "latest": 198,
          "latest_year": 2026,
          "latest_month": 1,
          "latest_month_name": "Jan",
          "mom": -0.2639405204460966,
          "yoy": -0.28776978417266186,
          "ytd_yoy": -0.28776978417266186,
          "ytd_count": 198
        },
        "dom": {
          "days": 64,
          "yoy": 0.0847457627118644,
          "as_of": "2026-03"
        }
      }
    }
  },
  "watchlist": [],
  "feed": [
    {
      "title": "How is the housing market weathering war-time economics?",
      "link": "https://www.housingwire.com/articles/how-is-the-housing-market-weathering-war-time-economics/",
      "published": "Sat, 04 Apr 2026"
    },
    {
      "title": "So far, 2026 job growth is better than 2025",
      "link": "https://www.housingwire.com/articles/so-far-2026-job-growth-is-better-than-2025/",
      "published": "Fri, 03 Apr 2026"
    },
    {
      "title": "NYC builds taller housing again, as state, city law reset the stage",
      "link": "https://www.housingwire.com/articles/nyc-housing-density-far-rules/",
      "published": "Fri, 03 Apr 2026"
    },
    {
      "title": "Northwest MLS accuses Compass of deceptive ‘pocket listing’ scheme in counterclaim",
      "link": "https://www.housingwire.com/articles/nwmls-counterclaim-compass-pocket-listings-washington/",
      "published": "Fri, 03 Apr 2026"
    },
    {
      "title": "Better bets on ChatGPT as the new front door for origination",
      "link": "https://www.housingwire.com/articles/better-com-chatgpt-shift/",
      "published": "Fri, 03 Apr 2026"
    },
    {
      "title": "NRMLA webinar to cover reverse servicing and maturity events",
      "link": "https://www.housingwire.com/articles/nrmla-reverse-mortgage-servicing-maturity/",
      "published": "Fri, 03 Apr 2026"
    },
    {
      "title": "Ryanair Co-Founder Restored An 18th Century Village In Ireland And Now It’s Up For Sale For $23 million",
      "link": "https://www.redfin.com/news/ireland-village-at-lyons-sale/",
      "published": "Fri, 03 Apr 2026"
    },
    {
      "title": "Seemingly Strong March Jobs Report Won’t Impact Mortgage Rates Much",
      "link": "https://www.redfin.com/news/jobs-report-march-2026/",
      "published": "Fri, 03 Apr 2026"
    },
    {
      "title": "The Great Housing Mismatch: Empty Nesters Own 28% of the Nation’s Large Homes, Millennial Families Own 16%",
      "link": "https://www.redfin.com/news/empty-nest-large-homes-2026/",
      "published": "Thu, 02 Apr 2026"
    },
    {
      "title": "Monthly Payments Tick Up For First Time in 6 Months As Mortgage Rates, Home Prices Jump",
      "link": "https://www.redfin.com/news/housing-market-update-monthly-housing-payments-tick-up/",
      "published": "Thu, 02 Apr 2026"
    },
    {
      "title": "This $329,900 Long Island Tiny Home Is Going Viral Because It Has No Bedrooms",
      "link": "https://www.redfin.com/news/tiny-home-selden-long-island-new-york/",
      "published": "Tue, 31 Mar 2026"
    },
    {
      "title": "Cleveland Remains a Beacon of Affordability for Homebuyers",
      "link": "https://www.redfin.com/news/cleveland-remains-a-beacon-of-affordability-for-homebuyers/",
      "published": "Tue, 31 Mar 2026"
    }
  ],
  "feed_101020": {
    "macro": [
      {
        "title": "How is the housing market weathering war-time economics?",
        "url": "https://www.housingwire.com/articles/how-is-the-housing-market-weathering-war-time-economics/",
        "what": "War-time economics have sent gas prices skyrocketing and pushed mortgage rates higher over the last five weeks, from a low of 5.99% to a high of 6.64%.",
        "numbers": "5.99, 6.64",
        "justified": "housingwire.com — https://www.housingwire.com/articles/how-is-the-housing-market-weathering-war-time-economics/",
        "why": "Rates & inflation shape discount rates and housing affordability.",
        "market": "Lower rates support demand/valuations; higher rates pressure builders/REITs and slow transactions."
      },
      {
        "title": "So far, 2026 job growth is better than 2025",
        "url": "https://www.housingwire.com/articles/so-far-2026-job-growth-is-better-than-2025/",
        "what": "March payrolls rose 178,000 and unemployment held at 4.3%, supporting a Fed on hold amid elevated inflation and Iran conflict risk.",
        "numbers": "178,000, 4.3",
        "justified": "housingwire.com — https://www.housingwire.com/articles/so-far-2026-job-growth-is-better-than-2025/",
        "why": "Rates & inflation shape discount rates and housing affordability.",