{
  "as_of": "2025-11-17 18:44 UTC",
  "macro": {
    "spx": null,
    "ten_year": {
      "yield_pct": 4.11,
      "delta_bp_1d": 3.000000000000025
    },
    "mortgage_30y": {
      "rate_pct": 6.24,
      "delta_bp_wow": 2.000000000000046
    },
    "starts": {
      "level_saar": 1307.0,
      "mom": -0.08537438768369487
    }
  },
  "permits": {
    "florida": {
      "latest": 13594,
      "latest_date": "2025-08",
      "mom": -0.0727781188186345,
      "yoy": -0.13226094727435211,
      "ytd": -0.026868417713488135,
      "ytd_count": 122708,
      "latest_year": 2025,
      "latest_month_name": "Aug"
    },
    "msa": {
      "Orlando–Kissimmee–Sanford": {
        "total": {
          "latest": 1649,
          "latest_year": 2025,
          "latest_month": 8,
          "latest_month_name": "Aug",
          "mom": -0.20797310278578285,
          "yoy": -0.16336884830035514,
          "ytd_yoy": 0.20390428982314424,
          "ytd_count": 19673
        },
        "one_unit": {
          "latest": 927,
          "latest_year": 2025,
          "latest_month": 8,
          "latest_month_name": "Aug",
          "mom": -0.12793979303857006,
          "yoy": -0.382,
          "ytd_yoy": 0.008284136354979932,
          "ytd_count": 10589
        },
        "dom": {
          "days": 81,
          "yoy": 0.17391304347826098,
          "as_of": "2025-10"
        }
      },
      "Tampa–St. Petersburg–Clearwater": {
        "total": {
          "latest": 2908,
          "latest_year": 2025,
          "latest_month": 8,
          "latest_month_name": "Aug",
          "mom": 0.6645678305666858,
          "yoy": 0.465725806451613,
          "ytd_yoy": -0.06499153020892157,
          "ytd_count": 16559
        },
        "one_unit": {
          "latest": 1324,
          "latest_year": 2025,
          "latest_month": 8,
          "latest_month_name": "Aug",
          "mom": 0.16140350877192988,
          "yoy": 0.2526017029328287,
          "ytd_yoy": -0.09323079844298865,
          "ytd_count": 9551
        },
        "dom": {
          "days": 79,
          "yoy": 0.09722222222222232,
          "as_of": "2025-10"
        }
      },
      "Ocala": {
        "total": {
          "latest": 461,
          "latest_year": 2025,
          "latest_month": 8,
          "latest_month_name": "Aug",
          "mom": 0.0453514739229024,
          "yoy": 0.0453514739229024,
          "ytd_yoy": -0.1361718450326045,
          "ytd_count": 4504
        },
        "one_unit": {
          "latest": 451,
          "latest_year": 2025,
          "latest_month": 8,
          "latest_month_name": "Aug",
          "mom": 0.09200968523002429,
          "yoy": 0.0562060889929743,
          "ytd_yoy": -0.12195652173913041,
          "ytd_count": 4039
        },
        "dom": {
          "days": 78,
          "yoy": 0.11428571428571432,
          "as_of": "2025-10"
        }
      },
      "Palm Bay–Melbourne–Titusville": {
        "total": {
          "latest": 391,
          "latest_year": 2025,
          "latest_month": 8,
          "latest_month_name": "Aug",
          "mom": -0.28519195612431447,
          "yoy": 0.3076923076923077,
          "ytd_yoy": 0.03214156735283491,
          "ytd_count": 2858
        },
        "one_unit": {
          "latest": 239,
          "latest_year": 2025,
          "latest_month": 8,
          "latest_month_name": "Aug",
          "mom": -0.13090909090909086,
          "yoy": -0.2006688963210702,
          "ytd_yoy": -0.10545165141265422,
          "ytd_count": 2248
        },
        "dom": {
          "days": 75,
          "yoy": 0.08695652173913038,
          "as_of": "2025-10"
        }
      }
    }
  },
  "watchlist": [],
  "feed": [
    {
      "title": "Kevin Sears concludes NAR presidency with praise, strategic plan focus",
      "link": "https://www.housingwire.com/articles/nar-kevin-sears-leadership-transiti/",
      "published": "Mon, 17 Nov 2025"
    },
    {
      "title": "Despite economic uncertainty, weekly housing demand up double digits over 2024",
      "link": "https://www.housingwire.com/articles/despite-economic-uncertainty-weekly-housing-demand-up-double-digits-over-2024/",
      "published": "Mon, 17 Nov 2025"
    },
    {
      "title": "October new-home mortgage applications fall 2.6%",
      "link": "https://www.housingwire.com/articles/mortgage-applications-drop-october-2025/",
      "published": "Mon, 17 Nov 2025"
    },
    {
      "title": "NAR’s MLS cleanup shifts power locally. Here’s what you need to know",
      "link": "https://www.housingwire.com/articles/mls-policy-changes/",
      "published": "Mon, 17 Nov 2025"
    },
    {
      "title": "HomeLight: Lenders optimistic about 2026 originations growth",
      "link": "https://www.housingwire.com/articles/us-housing-market-2026-outlook/",
      "published": "Mon, 17 Nov 2025"
    },
    {
      "title": "Harrisonburg housing market trends test seller patience",
      "link": "https://www.housingwire.com/articles/harrisonburg-housing-market/",
      "published": "Mon, 17 Nov 2025"
    },
    {
      "title": "How a 50-Year Mortgage Would Differ From a 30-Year Mortgage—and What It Would Mean for Homebuyers",
      "link": "https://www.redfin.com/news/50-year-mortgage-explained/",
      "published": "Fri, 14 Nov 2025"
    },
    {
      "title": "Redfin Debuts Conversational Search to Reinvent How You Find Homes",
      "link": "https://www.redfin.com/news/redfin-debuts-conversational-search/",
      "published": "Thu, 13 Nov 2025"
    },
    {
      "title": "Pending Home Sales Slip As Would-Be Buyers Wait For Lower Rates and Economic Clarity",
      "link": "https://www.redfin.com/news/housing-market-update-pending-sales-decline-buyers-waiting-for-lower-rates/",
      "published": "Thu, 13 Nov 2025"
    },
    {
      "title": "Redfin Economists’ Weekly Take: Fresh Government Data Could Bring Mortgage Rate Volatility",
      "link": "https://www.redfin.com/news/weekly-economics-update-november-10/",
      "published": "Mon, 10 Nov 2025"
    },
    {
      "title": "Affordability Improves Slightly For Veteran Homebuyers, But Most Homes Are Still Out of Reach",
      "link": "https://www.redfin.com/news/veteran-homebuying-affordability-2025/",
      "published": "Mon, 10 Nov 2025"
    },
    {
      "title": "45% of Americans Say the Government Shutdown Makes Them Less Likely to Make a Major Purchase, Up From 21% in Early October",
      "link": "https://www.redfin.com/news/shutdown-sentiment-job-security-survey/",
      "published": "Fri, 07 Nov 2025"
    }
  ],
  "feed_101020": {
    "macro": [
      {
        "title": "Despite economic uncertainty, weekly housing demand up double digits over 2024",
        "url": "https://www.housingwire.com/articles/despite-economic-uncertainty-weekly-housing-demand-up-double-digits-over-2024/",
        "what": "Weekly pending home sales rose 15.36% year over year with purchase applications up 31%, supported by mortgage rates below 6.64%.",
        "numbers": "15.36, 31, 6.64",
        "justified": "housingwire.com — https://www.housingwire.com/articles/despite-economic-uncertainty-weekly-housing-demand-up-double-digits-over-2024/",
        "why": "Rates & inflation shape discount rates and housing affordability.",
        "market": "Lower rates support demand/valuations; higher rates pressure builders/REITs and slow transactions."
      },
      {
        "title": "October new-home mortgage applications fall 2.6%",
        "url": "https://www.housingwire.com/articles/mortgage-applications-drop-october-2025/",
        "what": "Mortgage applications for new-home purchases fell 2.6% in October, but new-home sales rose, driven by lower rates and increased use of ARMs.",
        "numbers": "2.6",
        "justified": "housingwire.com — https://www.housingwire.com/articles/mortgage-applications-drop-october-2025/",
        "why": "Rates & inflation shape discount rates and housing affordability.",