{
  "as_of": "2026-06-05 08:52 UTC",
  "macro": {
    "spx": null,
    "ten_year": {
      "yield_pct": 4.49,
      "delta_bp_1d": 3.000000000000025
    },
    "mortgage_30y": {
      "rate_pct": 6.48,
      "delta_bp_wow": -4.999999999999982
    },
    "starts": {
      "level_saar": 1465.0,
      "mom": -0.02786994027869938
    }
  },
  "permits": {
    "florida": {
      "latest": 14596,
      "latest_date": "2026-04",
      "mom": 0.17246365169893174,
      "yoy": 0.05378673019998548,
      "ytd": -0.16725489221388212,
      "ytd_count": 50257,
      "latest_year": 2026,
      "latest_month_name": "Apr"
    },
    "msa": {
      "Orlando–Kissimmee–Sanford": {
        "total": {
          "latest": 1926,
          "latest_year": 2026,
          "latest_month": 4,
          "latest_month_name": "Apr",
          "mom": 0.3449720670391061,
          "yoy": -0.21675477836518908,
          "ytd_yoy": -0.4733425653453349,
          "ytd_count": 6085
        },
        "one_unit": {
          "latest": 1124,
          "latest_year": 2026,
          "latest_month": 4,
          "latest_month_name": "Apr",
          "mom": 0.0017825311942958333,
          "yoy": -0.2629508196721312,
          "ytd_yoy": -0.2609791216702664,
          "ytd_count": 4106
        },
        "dom": {
          "days": 70,
          "yoy": 0.07692307692307687,
          "as_of": "2026-05"
        }
      },
      "Tampa–St. Petersburg–Clearwater": {
        "total": {
          "latest": 1599,
          "latest_year": 2026,
          "latest_month": 4,
          "latest_month_name": "Apr",
          "mom": 0.008196721311475308,
          "yoy": -0.08156232050545664,
          "ytd_yoy": -0.11729622266401596,
          "ytd_count": 6216
        },
        "one_unit": {
          "latest": 1198,
          "latest_year": 2026,
          "latest_month": 4,
          "latest_month_name": "Apr",
          "mom": 0.018707482993197244,
          "yoy": -0.07347254447022433,
          "ytd_yoy": 0.03634336677814942,
          "ytd_count": 4648
        },
        "dom": {
          "days": 67,
          "yoy": 0.1166666666666667,
          "as_of": "2026-05"
        }
      },
      "Ocala": {
        "total": {
          "latest": 588,
          "latest_year": 2026,
          "latest_month": 4,
          "latest_month_name": "Apr",
          "mom": -0.04854368932038833,
          "yoy": 0.27826086956521734,
          "ytd_yoy": -0.02434928631402178,
          "ytd_count": 2324
        },
        "one_unit": {
          "latest": 588,
          "latest_year": 2026,
          "latest_month": 4,
          "latest_month_name": "Apr",
          "mom": -0.04854368932038833,
          "yoy": 0.3183856502242153,
          "ytd_yoy": 0.038181818181818095,
          "ytd_count": 2284
        },
        "dom": {
          "days": 79,
          "yoy": 0.09722222222222232,
          "as_of": "2026-05"
        }
      },
      "Palm Bay–Melbourne–Titusville": {
        "total": {
          "latest": 303,
          "latest_year": 2026,
          "latest_month": 4,
          "latest_month_name": "Apr",
          "mom": -0.08181818181818179,
          "yoy": -0.03809523809523807,
          "ytd_yoy": -0.18174904942965775,
          "ytd_count": 1076
        },
        "one_unit": {
          "latest": 303,
          "latest_year": 2026,
          "latest_month": 4,
          "latest_month_name": "Apr",
          "mom": -0.08181818181818179,
          "yoy": -0.025723472668810254,
          "ytd_yoy": -0.05364995602462619,
          "ytd_count": 1076
        },
        "dom": {
          "days": 65,
          "yoy": 0.0,
          "as_of": "2026-05"
        }
      }
    }
  },
  "watchlist": [],
  "feed": [
    {
      "title": "Berkshire Taylor Morrison deal puts vertical integration in focus",
      "link": "https://www.housingwire.com/articles/berkshire-vertical-integration-homebuilding/",
      "published": "Thu, 04 Jun 2026"
    },
    {
      "title": "Ten years after: Schaefer Homes revs up its engines for growth",
      "link": "https://www.housingwire.com/articles/ten-years-after-schaefer-homes-revs-up-its-engines-for-growth/",
      "published": "Thu, 04 Jun 2026"
    },
    {
      "title": "NALHFA: HUD cuts would worsen housing affordability challenges",
      "link": "https://www.housingwire.com/articles/nalhfa-hud-cuts-housing-affordability-challenges/",
      "published": "Thu, 04 Jun 2026"
    },
    {
      "title": "Secondary mortgage market waits for data, creates workarounds amid shift to alternative credit scores",
      "link": "https://www.housingwire.com/articles/rmbs-credit-score-data/",
      "published": "Thu, 04 Jun 2026"
    },
    {
      "title": "Achieve expands fixed-rate HELOC with $700,000 cap",
      "link": "https://www.housingwire.com/articles/achieve-fixed-rate-heloc/",
      "published": "Thu, 04 Jun 2026"
    },
    {
      "title": "HECM broker rankings hold steady in March as Atlantic Avenue stays at No. 1",
      "link": "https://www.housingwire.com/articles/hecm-broker-rankings-march-2026/",
      "published": "Thu, 04 Jun 2026"
    },
    {
      "title": "New Listings Fall 1.3%, One of the Biggest Weekly Declines of 2026",
      "link": "https://www.redfin.com/news/housing-market-update-new-listings-decline-rising-rates/",
      "published": "Thu, 04 Jun 2026"
    },
    {
      "title": "Sellers Are Pulling Their Homes Off the Market at Near-Record Rates as Buyers Reject High Prices",
      "link": "https://www.redfin.com/news/delistings-relistings-april-2026/",
      "published": "Wed, 03 Jun 2026"
    },
    {
      "title": "A Look at Listings in Summer Vacation Hotspots, From Myrtle Beach to Cape Cod",
      "link": "https://www.redfin.com/news/vacation-home-listings-in-the-united-states/",
      "published": "Tue, 02 Jun 2026"
    },
    {
      "title": "Typical Homebuyer’s Down Payment Falls to $64,000 As Americans Hold Onto Cash",
      "link": "https://www.redfin.com/news/down-payments-fall-2026/",
      "published": "Tue, 02 Jun 2026"
    },
    {
      "title": "Mortgage Rates Poised for Volatility This Week as Jobs Data, Iran News Loom",
      "link": "https://www.redfin.com/news/weekly-economic-update-june-1-2026/",
      "published": "Mon, 01 Jun 2026"
    },
    {
      "title": "Coming Soon in Chicago: A One-Bedroom Condo in the City, a Big House in the Suburbs and More",
      "link": "https://www.redfin.com/news/redfin-coming-soon-listings-week-may-25/",
      "published": "Thu, 28 May 2026"
    }
  ],
  "feed_101020": {
    "macro": [
      {
        "title": "Secondary mortgage market waits for data, creates workarounds amid shift to alternative credit scores",
        "url": "https://www.housingwire.com/articles/rmbs-credit-score-data/",
        "what": "In the secondary market, investors and credit rating agencies are awaiting additional performance data while developing workarounds to keep loans moving through the system.",
        "numbers": "",
        "justified": "housingwire.com — https://www.housingwire.com/articles/rmbs-credit-score-data/",
        "why": "Rates & inflation shape discount rates and housing affordability.",
        "market": "Lower rates support demand/valuations; higher rates pressure builders/REITs and slow transactions."
      },
      {
        "title": "Newfi integrates Prudent AI for non-QM income analysis",
        "url": "https://www.housingwire.com/articles/newfi-prudent-ai-income/",
        "what": "Newfi integrates Prudent AI to deliver non-QM income analysis, cutting bank-statement turn times from 72 hours to as little as three.",
        "numbers": "72",
        "justified": "housingwire.com — https://www.housingwire.com/articles/newfi-prudent-ai-income/",
        "why": "Rates & inflation shape discount rates and housing affordability.",