{
  "as_of": "2026-06-24 21:45 UTC",
  "macro": {
    "spx": null,
    "ten_year": {
      "yield_pct": 4.5,
      "delta_bp_1d": -0.9999999999999787
    },
    "mortgage_30y": {
      "rate_pct": 6.47,
      "delta_bp_wow": -4.999999999999982
    },
    "starts": {
      "level_saar": 1177.0,
      "mom": -0.15445402298850575
    }
  },
  "permits": {
    "florida": {
      "latest": 13055,
      "latest_date": "2026-05",
      "mom": -0.10557687037544528,
      "yoy": -0.1036116451524306,
      "ytd": -0.15488219982647,
      "ytd_count": 63312,
      "latest_year": 2026,
      "latest_month_name": "May"
    },
    "msa": {
      "Orlando–Kissimmee–Sanford": {
        "total": {
          "latest": 1846,
          "latest_year": 2026,
          "latest_month": 5,
          "latest_month_name": "May",
          "mom": -0.041536863966770476,
          "yoy": 0.030133928571428603,
          "ytd_yoy": -0.40573954742994156,
          "ytd_count": 7931
        },
        "one_unit": {
          "latest": 1050,
          "latest_year": 2026,
          "latest_month": 5,
          "latest_month_name": "May",
          "mom": -0.0658362989323843,
          "yoy": -0.13007456503728254,
          "ytd_yoy": -0.2376164424072157,
          "ytd_count": 5156
        },
        "dom": {
          "days": 70,
          "yoy": 0.07692307692307687,
          "as_of": "2026-05"
        }
      },
      "Tampa–St. Petersburg–Clearwater": {
        "total": {
          "latest": 2505,
          "latest_year": 2026,
          "latest_month": 5,
          "latest_month_name": "May",
          "mom": 0.5666041275797373,
          "yoy": 0.03256389117889524,
          "ytd_yoy": -0.0788973384030418,
          "ytd_count": 8721
        },
        "one_unit": {
          "latest": 1141,
          "latest_year": 2026,
          "latest_month": 5,
          "latest_month_name": "May",
          "mom": -0.047579298831385675,
          "yoy": -0.14595808383233533,
          "ytd_yoy": -0.005497337227280519,
          "ytd_count": 5789
        },
        "dom": {
          "days": 67,
          "yoy": 0.1166666666666667,
          "as_of": "2026-05"
        }
      },
      "Ocala": {
        "total": {
          "latest": 481,
          "latest_year": 2026,
          "latest_month": 5,
          "latest_month_name": "May",
          "mom": -0.1819727891156463,
          "yoy": -0.034136546184738936,
          "ytd_yoy": -0.02604166666666663,
          "ytd_count": 2805
        },
        "one_unit": {
          "latest": 477,
          "latest_year": 2026,
          "latest_month": 5,
          "latest_month_name": "May",
          "mom": -0.18877551020408168,
          "yoy": -0.01851851851851849,
          "ytd_yoy": 0.02792256142963523,
          "ytd_count": 2761
        },
        "dom": {
          "days": 79,
          "yoy": 0.09722222222222232,
          "as_of": "2026-05"
        }
      },
      "Palm Bay–Melbourne–Titusville": {
        "total": {
          "latest": 328,
          "latest_year": 2026,
          "latest_month": 5,
          "latest_month_name": "May",
          "mom": 0.08250825082508251,
          "yoy": 0.2615384615384615,
          "ytd_yoy": -0.10857142857142854,
          "ytd_count": 1404
        },
        "one_unit": {
          "latest": 328,
          "latest_year": 2026,
          "latest_month": 5,
          "latest_month_name": "May",
          "mom": 0.08250825082508251,
          "yoy": 0.3015873015873016,
          "ytd_yoy": 0.010799136069114423,
          "ytd_count": 1404
        },
        "dom": {
          "days": 65,
          "yoy": 0.0,
          "as_of": "2026-05"
        }
      }
    }
  },
  "watchlist": [],
  "feed": [
    {
      "title": "ROAD work ahead",
      "link": "https://www.housingwire.com/articles/road-act-builders-next/",
      "published": "Wed, 24 Jun 2026"
    },
    {
      "title": "FHFA pushes GSEs to embrace chattel loans in Duty to Serve proposal",
      "link": "https://www.housingwire.com/articles/duty-to-serve-chattel-loans-fhfa/",
      "published": "Wed, 24 Jun 2026"
    },
    {
      "title": "The checklist real estate agents need for estate sale referrals and timing",
      "link": "https://www.housingwire.com/articles/estate-sale-referrals-listings/",
      "published": "Wed, 24 Jun 2026"
    },
    {
      "title": "From recovery to real estate: Tracy Jones Team climbs to No. 1 in Ohio",
      "link": "https://www.housingwire.com/articles/from-recovery-to-real-estate-tracy-jones-team-climbs-to-no-1-in-ohio/",
      "published": "Wed, 24 Jun 2026"
    },
    {
      "title": "AARP awards $8.3M in senior-focused housing and community improvement grants",
      "link": "https://www.housingwire.com/articles/aarp-83m-community-grants/",
      "published": "Wed, 24 Jun 2026"
    },
    {
      "title": "New home sales fall in May as rate shock, inflation squeeze buyers",
      "link": "https://www.housingwire.com/articles/new-home-sales-may-2026-affordability-pressures/",
      "published": "Wed, 24 Jun 2026"
    },
    {
      "title": "Congress Takes Historic Step on Housing Affordability with Bipartisan ROAD to Housing Act",
      "link": "https://www.redfin.com/news/road-to-housing-act-historic/",
      "published": "Wed, 24 Jun 2026"
    },
    {
      "title": "Flood-Prone Parts of America Are Losing Residents at Nearly Twice Last Year’s Rate",
      "link": "https://www.redfin.com/news/climate-migration-real-estate-2026/",
      "published": "Wed, 24 Jun 2026"
    },
    {
      "title": "NYC Suburbs and the Bay Area Are This Spring’s Most Competitive Housing Markets",
      "link": "https://www.redfin.com/news/most-competitive-housing-markets-2026/",
      "published": "Tue, 23 Jun 2026"
    },
    {
      "title": "U.S. Home-Price Growth Accelerated in May, Fueled by April’s Brief Mortgage-Rate Reprieve",
      "link": "https://www.redfin.com/news/home-price-index-may-2026/",
      "published": "Tue, 23 Jun 2026"
    },
    {
      "title": "46% of Home Sellers Gave Concessions to Buyers in May, the Highest Share on Record For That Month",
      "link": "https://www.redfin.com/news/home-seller-concessions-record-high-rate/",
      "published": "Mon, 22 Jun 2026"
    },
    {
      "title": "Housing Payments Hit 1-Year High, Sending Buyers to the Sidelines",
      "link": "https://www.redfin.com/news/housing-market-update-housing-payments-climb-buyers-back-away/",
      "published": "Thu, 18 Jun 2026"
    }
  ],
  "feed_101020": {
    "macro": [
      {
        "title": "New home sales fall in May as rate shock, inflation squeeze buyers",
        "url": "https://www.housingwire.com/articles/new-home-sales-may-2026-affordability-pressures/",
        "what": "New home sales pulled back in May as elevated mortgage rates, sticky inflation and consumer uncertainty again tested the upper limit of what buyers can afford, the latest U.S",
        "numbers": "7.3, 580,000",
        "justified": "housingwire.com — https://www.housingwire.com/articles/new-home-sales-may-2026-affordability-pressures/",
        "why": "Rates & inflation shape discount rates and housing affordability.",
        "market": "Lower rates support demand/valuations; higher rates pressure builders/REITs and slow transactions."
      },
      {
        "title": "Zillow RESPA lawsuit paused after judge orders arbitration",
        "url": "https://www.housingwire.com/articles/zillow-respa-suit-arbitration-stay/",
        "what": "Federal judge orders arbitration for Real and The Frano Team and stays the consolidated Zillow RESPA lawsuit pending the outcome.",
        "numbers": "",
        "justified": "housingwire.com — https://www.housingwire.com/articles/zillow-respa-suit-arbitration-stay/",
        "why": "Rates & inflation shape discount rates and housing affordability.",
        "market": "Lower rates support demand/valuations; higher rates pressure builders/REITs and slow transactions."
      }
    ],