{
  "as_of": "2026-01-30 17:51 UTC",
  "macro": {
    "spx": null,
    "ten_year": {
      "yield_pct": 4.26,
      "delta_bp_1d": 1.9999999999999574
    },
    "mortgage_30y": {
      "rate_pct": 6.1,
      "delta_bp_wow": 0.9999999999999787
    },
    "starts": {
      "level_saar": 1246.0,
      "mom": -0.04594180704441042
    }
  },
  "permits": {
    "florida": {
      "latest": 15200,
      "latest_date": "2025-10",
      "mom": 0.13832097655957454,
      "yoy": 0.14268531047962707,
      "ytd": -0.0034062907667777864,
      "ytd_count": 151261,
      "latest_year": 2025,
      "latest_month_name": "Oct"
    },
    "msa": {
      "Orlando–Kissimmee–Sanford": {
        "total": {
          "latest": 2471,
          "latest_year": 2025,
          "latest_month": 10,
          "latest_month_name": "Oct",
          "mom": 0.2208498023715415,
          "yoy": 0.505789152955515,
          "ytd_yoy": 0.2098518221866239,
          "ytd_count": 24168
        },
        "one_unit": {
          "latest": 1094,
          "latest_year": 2025,
          "latest_month": 10,
          "latest_month_name": "Oct",
          "mom": 0.27803738317757,
          "yoy": -0.09060681629260181,
          "ytd_yoy": -0.03620292083013066,
          "ytd_count": 12539
        },
        "dom": {
          "days": 83,
          "yoy": 0.03750000000000009,
          "as_of": "2025-12"
        }
      },
      "Tampa–St. Petersburg–Clearwater": {
        "total": {
          "latest": 2427,
          "latest_year": 2025,
          "latest_month": 10,
          "latest_month_name": "Oct",
          "mom": 0.5360759493670886,
          "yoy": 1.2939508506616257,
          "ytd_yoy": 0.04073680481757003,
          "ytd_count": 20566
        },
        "one_unit": {
          "latest": 1287,
          "latest_year": 2025,
          "latest_month": 10,
          "latest_month_name": "Oct",
          "mom": 0.2130065975494817,
          "yoy": 0.5,
          "ytd_yoy": -0.015960965927886206,
          "ytd_count": 11899
        },
        "dom": {
          "days": 80,
          "yoy": 0.11111111111111116,
          "as_of": "2025-12"
        }
      },
      "Ocala": {
        "total": {
          "latest": 470,
          "latest_year": 2025,
          "latest_month": 10,
          "latest_month_name": "Oct",
          "mom": 0.09557109557109555,
          "yoy": -0.010526315789473717,
          "ytd_yoy": -0.13937559732398852,
          "ytd_count": 5403
        },
        "one_unit": {
          "latest": 444,
          "latest_year": 2025,
          "latest_month": 10,
          "latest_month_name": "Oct",
          "mom": 0.21643835616438367,
          "yoy": -0.0326797385620915,
          "ytd_yoy": -0.1404255319148936,
          "ytd_count": 4848
        },
        "dom": {
          "days": 87,
          "yoy": 0.15999999999999992,
          "as_of": "2025-12"
        }
      },
      "Palm Bay–Melbourne–Titusville": {
        "total": {
          "latest": 343,
          "latest_year": 2025,
          "latest_month": 10,
          "latest_month_name": "Oct",
          "mom": -0.46406250000000004,
          "yoy": -0.51,
          "ytd_yoy": -0.004406428201140455,
          "ytd_count": 3841
        },
        "one_unit": {
          "latest": 343,
          "latest_year": 2025,
          "latest_month": 10,
          "latest_month_name": "Oct",
          "mom": 0.26102941176470584,
          "yoy": 0.026946107784431073,
          "ytd_yoy": -0.11307311028500622,
          "ytd_count": 2863
        },
        "dom": {
          "days": 78,
          "yoy": 0.040000000000000036,
          "as_of": "2025-12"
        }
      }
    }
  },
  "watchlist": [],
  "feed": [
    {
      "title": "Mortgage defects stabilize as lenders face new quality control challenges",
      "link": "https://www.housingwire.com/articles/mortgage-loan-defects-qc/",
      "published": "Fri, 30 Jan 2026"
    },
    {
      "title": "The 8 best real estate CRMs for every budget in 2026",
      "link": "https://www.housingwire.com/articles/best-real-estate-crm/",
      "published": "Fri, 30 Jan 2026"
    },
    {
      "title": "Inside Alex Akel’s strategic bet on a new South Florida master plan",
      "link": "https://www.housingwire.com/articles/luxury-active-adult-port-st-lucie/",
      "published": "Fri, 30 Jan 2026"
    },
    {
      "title": "Mortgage rate relief under Warsh may prove elusive, experts say",
      "link": "https://www.housingwire.com/articles/warsh-fed-housing-market/",
      "published": "Fri, 30 Jan 2026"
    },
    {
      "title": "President Trump says he wants to keep home prices high, lower borrowing costs",
      "link": "https://www.housingwire.com/articles/president-trump-says-he-wants-to-keep-home-prices-high-lower-borrowing-costs/",
      "published": "Fri, 30 Jan 2026"
    },
    {
      "title": "Florida judge denies broker’s bid to force NAR, MLSs to enforce their own rules",
      "link": "https://www.housingwire.com/articles/nar-mls-rule-enforce-lawsuit/",
      "published": "Fri, 30 Jan 2026"
    },
    {
      "title": "Trump Taps Kevin Warsh to Lead Fed; Mortgage Rates Expected to Stay Steady",
      "link": "https://www.redfin.com/news/trump-taps-kevin-warsh-fed-rates/",
      "published": "Fri, 30 Jan 2026"
    },
    {
      "title": "The Single-Family Rental Is On the Decline",
      "link": "https://www.redfin.com/news/rental-housing-multifamily-vs-single-family/",
      "published": "Thu, 29 Jan 2026"
    },
    {
      "title": "New Listings Rise For First Time in 2 Months As Lower Mortgage Rates Perk Up Homebuyers",
      "link": "https://www.redfin.com/news/housing-market-update-new-listings-increase-january/",
      "published": "Thu, 29 Jan 2026"
    },
    {
      "title": "With Fed Rate Cuts on Ice, Mortgage Rates Are Unlikely to Move",
      "link": "https://www.redfin.com/news/fed-meeting-rates-unchanged-january/",
      "published": "Wed, 28 Jan 2026"
    },
    {
      "title": "Redfin’s Most Neighborly Cities of 2026: Salt Lake City, Portland and Kansas City Top the List",
      "link": "https://www.redfin.com/news/most-neighborly-cities-2026/",
      "published": "Wed, 28 Jan 2026"
    },
    {
      "title": "Redfin Economists’ Weekly Take: There’s a Fed Meeting on Deck, But White House Policy Is Biggest Driver of Mortgage Rates",
      "link": "https://www.redfin.com/news/weekly-economic-update-fed-meeting-white-house-rates/",
      "published": "Mon, 26 Jan 2026"
    }
  ],
  "feed_101020": {
    "macro": [
      {
        "title": "Mortgage rate relief under Warsh may prove elusive, experts say",
        "url": "https://www.housingwire.com/articles/warsh-fed-housing-market/",
        "what": "Housing industry experts are taking a more cautious view of Warsh’s term",
        "numbers": "",
        "justified": "housingwire.com — https://www.housingwire.com/articles/warsh-fed-housing-market/",
        "why": "Rates & inflation shape discount rates and housing affordability.",
        "market": "Lower rates support demand/valuations; higher rates pressure builders/REITs and slow transactions."
      },
      {
        "title": "President Trump says he wants to keep home prices high, lower borrowing costs",
        "url": "https://www.housingwire.com/articles/president-trump-says-he-wants-to-keep-home-prices-high-lower-borrowing-costs/",
        "what": "The president acknowledged political and economic tension between protecting homeowners and expanding access for first-time homebuyers.",
        "numbers": "",
        "justified": "housingwire.com — https://www.housingwire.com/articles/president-trump-says-he-wants-to-keep-home-prices-high-lower-borrowing-costs/",
        "why": "Price trend signals wealth effects and buyer/seller power.",
        "market": "Firm prices help builder margins; softness hits comps and sentiment."
      },
      {
        "title": "Trump Taps Kevin Warsh to Lead Fed; Mortgage Rates Expected to Stay Steady",