{
  "as_of": "2025-10-20 21:29 UTC",
  "macro": {
    "spx": null,
    "ten_year": {
      "yield_pct": 4.02,
      "delta_bp_1d": 2.999999999999936
    },
    "mortgage_30y": {
      "rate_pct": 6.27,
      "delta_bp_wow": -3.000000000000025
    },
    "starts": {
      "level_saar": 1307.0,
      "mom": -0.08537438768369487
    }
  },
  "permits": {
    "florida": {
      "latest": 13594,
      "latest_date": "2025-08",
      "mom": -0.0727781188186345,
      "yoy": -0.13226094727435211,
      "ytd": -0.026868417713488135,
      "ytd_count": 122708,
      "latest_year": 2025,
      "latest_month_name": "Aug"
    },
    "msa": {
      "Orlando–Kissimmee–Sanford": {
        "total": {
          "latest": 1649,
          "latest_year": 2025,
          "latest_month": 8,
          "latest_month_name": "Aug",
          "mom": -0.20797310278578285,
          "yoy": -0.16336884830035514,
          "ytd_yoy": 0.20390428982314424,
          "ytd_count": 19673
        },
        "one_unit": {
          "latest": 927,
          "latest_year": 2025,
          "latest_month": 8,
          "latest_month_name": "Aug",
          "mom": -0.12793979303857006,
          "yoy": -0.382,
          "ytd_yoy": 0.008284136354979932,
          "ytd_count": 10589
        },
        "dom": {
          "days": 79,
          "yoy": 0.21538461538461529,
          "as_of": "2025-09"
        }
      },
      "Tampa–St. Petersburg–Clearwater": {
        "total": {
          "latest": 2908,
          "latest_year": 2025,
          "latest_month": 8,
          "latest_month_name": "Aug",
          "mom": 0.6645678305666858,
          "yoy": 0.465725806451613,
          "ytd_yoy": -0.06499153020892157,
          "ytd_count": 16559
        },
        "one_unit": {
          "latest": 1324,
          "latest_year": 2025,
          "latest_month": 8,
          "latest_month_name": "Aug",
          "mom": 0.16140350877192988,
          "yoy": 0.2526017029328287,
          "ytd_yoy": -0.09323079844298865,
          "ytd_count": 9551
        },
        "dom": {
          "days": 79,
          "yoy": 0.19696969696969702,
          "as_of": "2025-09"
        }
      },
      "Ocala": {
        "total": {
          "latest": 461,
          "latest_year": 2025,
          "latest_month": 8,
          "latest_month_name": "Aug",
          "mom": 0.0453514739229024,
          "yoy": 0.0453514739229024,
          "ytd_yoy": -0.1361718450326045,
          "ytd_count": 4504
        },
        "one_unit": {
          "latest": 451,
          "latest_year": 2025,
          "latest_month": 8,
          "latest_month_name": "Aug",
          "mom": 0.09200968523002429,
          "yoy": 0.0562060889929743,
          "ytd_yoy": -0.12195652173913041,
          "ytd_count": 4039
        },
        "dom": {
          "days": 80,
          "yoy": 0.19402985074626855,
          "as_of": "2025-09"
        }
      },
      "Palm Bay–Melbourne–Titusville": {
        "total": {
          "latest": 391,
          "latest_year": 2025,
          "latest_month": 8,
          "latest_month_name": "Aug",
          "mom": -0.28519195612431447,
          "yoy": 0.3076923076923077,
          "ytd_yoy": 0.03214156735283491,
          "ytd_count": 2858
        },
        "one_unit": {
          "latest": 239,
          "latest_year": 2025,
          "latest_month": 8,
          "latest_month_name": "Aug",
          "mom": -0.13090909090909086,
          "yoy": -0.2006688963210702,
          "ytd_yoy": -0.10545165141265422,
          "ytd_count": 2248
        },
        "dom": {
          "days": 75,
          "yoy": 0.15384615384615374,
          "as_of": "2025-09"
        }
      }
    }
  },
  "watchlist": [],
  "feed": [
    {
      "title": "What the latest mortgage data tells us about home sales in 2026",
      "link": "https://www.housingwire.com/articles/what-the-latest-mortgage-data-tells-us-about-home-sales-in-2026/",
      "published": "Mon, 20 Oct 2025"
    },
    {
      "title": "Younger homeowners seek to redefine property ownership",
      "link": "https://www.housingwire.com/articles/younger-homeowners-seek-to-redefine-property-ownership/",
      "published": "Mon, 20 Oct 2025"
    },
    {
      "title": "TransUnion pushes back on single-pull mortgage credit proposal",
      "link": "https://www.housingwire.com/articles/transunion-single-credit-pull-warning/",
      "published": "Mon, 20 Oct 2025"
    },
    {
      "title": "6 best online real estate schools in California for 2025",
      "link": "https://www.housingwire.com/articles/best-online-real-estate-schools-california/",
      "published": "Mon, 20 Oct 2025"
    },
    {
      "title": "Zillow pulls Matterport tours from its listings",
      "link": "https://www.housingwire.com/articles/zillow-removes-matterports-from-listings/",
      "published": "Mon, 20 Oct 2025"
    },
    {
      "title": "South Florida boutique brokerage Galleria International Realty joins Compass",
      "link": "https://www.housingwire.com/articles/south-florida-boutique-brokerage-galleria-joins-compass/",
      "published": "Mon, 20 Oct 2025"
    },
    {
      "title": "Redfin Economists’ Weekly Take: Inflation Report Unlikely to Stop Fed From Cutting Rates Next Week",
      "link": "https://www.redfin.com/news/weekly-economics-update-october-20/",
      "published": "Mon, 20 Oct 2025"
    },
    {
      "title": "Homebuyers Are Scoring the Biggest Autumn Discounts Since 2019",
      "link": "https://www.redfin.com/news/homebuyer-discounts-september-2025/",
      "published": "Mon, 20 Oct 2025"
    },
    {
      "title": "29% of U.S. Home Purchases Are Made in Cash, Essentially Flat From a Year Ago",
      "link": "https://www.redfin.com/news/all-cash-down-payments-2025/",
      "published": "Fri, 17 Oct 2025"
    },
    {
      "title": "September’s Most Expensive Home Sales Include Ellen DeGeneres’ Former Montecito Mansion",
      "link": "https://www.redfin.com/news/most-expensive-home-sales-september-2025/",
      "published": "Thu, 16 Oct 2025"
    },
    {
      "title": "New Listings Creep Up As Would-Be Homebuyers Back Off, Haunted By High Prices and Economic Unease",
      "link": "https://www.redfin.com/news/housing-market-update-new-listings-rise-pending-sales-fall-october-2025/",
      "published": "Thu, 16 Oct 2025"
    },
    {
      "title": "Redfin Economists’ Weekly Take: China Trade Tensions Push Mortgage Rates Lower",
      "link": "https://www.redfin.com/news/weekly-economics-update-october-14/",
      "published": "Tue, 14 Oct 2025"
    }
  ],
  "feed_101020": {
    "macro": [
      {
        "title": "What the latest mortgage data tells us about home sales in 2026",
        "url": "https://www.housingwire.com/articles/what-the-latest-mortgage-data-tells-us-about-home-sales-in-2026/",
        "what": "As U.S",
        "numbers": "",
        "justified": "housingwire.com — https://www.housingwire.com/articles/what-the-latest-mortgage-data-tells-us-about-home-sales-in-2026/",
        "why": "Rates & inflation shape discount rates and housing affordability.",
        "market": "Lower rates support demand/valuations; higher rates pressure builders/REITs and slow transactions."
      },
      {
        "title": "Former economic leaders Cohn and Summers warn on U.S. fiscal path",
        "url": "https://www.housingwire.com/articles/cohn-summers-2025-mba-convention-economic-insights/",
        "what": "Top economists Gary Cohn and Lawrence Summers discuss U.S",
        "numbers": "",
        "justified": "housingwire.com — https://www.housingwire.com/articles/cohn-summers-2025-mba-convention-economic-insights/",
        "why": "Rates & inflation shape discount rates and housing affordability.",
        "market": "Lower rates support demand/valuations; higher rates pressure builders/REITs and slow transactions."
      },
      {
        "title": "Redfin Economists’ Weekly Take: Inflation Report Unlikely to Stop Fed From Cutting Rates Next Week",