{
  "as_of": "2025-12-11 08:45 UTC",
  "macro": {
    "spx": null,
    "ten_year": {
      "yield_pct": 4.18,
      "delta_bp_1d": 0.9999999999999787
    },
    "mortgage_30y": {
      "rate_pct": 6.19,
      "delta_bp_wow": -4.0000000000000036
    },
    "starts": {
      "level_saar": 1307.0,
      "mom": -0.08537438768369487
    }
  },
  "permits": {
    "florida": {
      "latest": 13594,
      "latest_date": "2025-08",
      "mom": -0.0727781188186345,
      "yoy": -0.13226094727435211,
      "ytd": -0.026868417713488135,
      "ytd_count": 122708,
      "latest_year": 2025,
      "latest_month_name": "Aug"
    },
    "msa": {
      "Orlando–Kissimmee–Sanford": {
        "total": {
          "latest": 1649,
          "latest_year": 2025,
          "latest_month": 8,
          "latest_month_name": "Aug",
          "mom": -0.20797310278578285,
          "yoy": -0.16336884830035514,
          "ytd_yoy": 0.20390428982314424,
          "ytd_count": 19673
        },
        "one_unit": {
          "latest": 927,
          "latest_year": 2025,
          "latest_month": 8,
          "latest_month_name": "Aug",
          "mom": -0.12793979303857006,
          "yoy": -0.382,
          "ytd_yoy": 0.008284136354979932,
          "ytd_count": 10589
        },
        "dom": {
          "days": 81,
          "yoy": 0.17391304347826098,
          "as_of": "2025-10"
        }
      },
      "Tampa–St. Petersburg–Clearwater": {
        "total": {
          "latest": 2908,
          "latest_year": 2025,
          "latest_month": 8,
          "latest_month_name": "Aug",
          "mom": 0.6645678305666858,
          "yoy": 0.465725806451613,
          "ytd_yoy": -0.06499153020892157,
          "ytd_count": 16559
        },
        "one_unit": {
          "latest": 1324,
          "latest_year": 2025,
          "latest_month": 8,
          "latest_month_name": "Aug",
          "mom": 0.16140350877192988,
          "yoy": 0.2526017029328287,
          "ytd_yoy": -0.09323079844298865,
          "ytd_count": 9551
        },
        "dom": {
          "days": 79,
          "yoy": 0.09722222222222232,
          "as_of": "2025-10"
        }
      },
      "Ocala": {
        "total": {
          "latest": 461,
          "latest_year": 2025,
          "latest_month": 8,
          "latest_month_name": "Aug",
          "mom": 0.0453514739229024,
          "yoy": 0.0453514739229024,
          "ytd_yoy": -0.1361718450326045,
          "ytd_count": 4504
        },
        "one_unit": {
          "latest": 451,
          "latest_year": 2025,
          "latest_month": 8,
          "latest_month_name": "Aug",
          "mom": 0.09200968523002429,
          "yoy": 0.0562060889929743,
          "ytd_yoy": -0.12195652173913041,
          "ytd_count": 4039
        },
        "dom": {
          "days": 78,
          "yoy": 0.11428571428571432,
          "as_of": "2025-10"
        }
      },
      "Palm Bay–Melbourne–Titusville": {
        "total": {
          "latest": 391,
          "latest_year": 2025,
          "latest_month": 8,
          "latest_month_name": "Aug",
          "mom": -0.28519195612431447,
          "yoy": 0.3076923076923077,
          "ytd_yoy": 0.03214156735283491,
          "ytd_count": 2858
        },
        "one_unit": {
          "latest": 239,
          "latest_year": 2025,
          "latest_month": 8,
          "latest_month_name": "Aug",
          "mom": -0.13090909090909086,
          "yoy": -0.2006688963210702,
          "ytd_yoy": -0.10545165141265422,
          "ytd_count": 2248
        },
        "dom": {
          "days": 75,
          "yoy": 0.08695652173913038,
          "as_of": "2025-10"
        }
      }
    }
  },
  "watchlist": [],
  "feed": [
    {
      "title": "An action plan for condo affordability",
      "link": "https://www.housingwire.com/articles/an-action-plan-for-condo-affordability/",
      "published": "Thu, 11 Dec 2025"
    },
    {
      "title": "Toll Brothers leans on luxury to navigate homebuilding’s headwinds",
      "link": "https://www.housingwire.com/articles/toll-brothers-luxury-strategy/",
      "published": "Wed, 10 Dec 2025"
    },
    {
      "title": "November mortgage lock data driven by strong refinance activity",
      "link": "https://www.housingwire.com/articles/november-mortgage-rate-lock-activity/",
      "published": "Wed, 10 Dec 2025"
    },
    {
      "title": "Loft47 launches automation and commission management platform for real estate teams",
      "link": "https://www.housingwire.com/articles/loft47-launches-automation-and-commission-management-platform-for-real-estate-teams/",
      "published": "Wed, 10 Dec 2025"
    },
    {
      "title": "2026 mortgage compliance trends show staffing strains, regulatory risks",
      "link": "https://www.housingwire.com/articles/compliance-trends-2026/",
      "published": "Wed, 10 Dec 2025"
    },
    {
      "title": "Fed delivers third straight rate cut, but housing market will see limited relief",
      "link": "https://www.housingwire.com/articles/fed-cut-inflation-mortgage/",
      "published": "Wed, 10 Dec 2025"
    },
    {
      "title": "Mortgage Rates to Hold Steady in Wake of Fed’s Interest-Rate Cut",
      "link": "https://www.redfin.com/news/fed-interest-rate-cut-mortgage-rates-unchanged/",
      "published": "Wed, 10 Dec 2025"
    },
    {
      "title": "Homebuyers Are More Likely to Click on Climate-Risk Data After Major Disasters—But the Urgency Is Fleeting",
      "link": "https://www.redfin.com/news/how-homebuyers-engage-with-climate-risk-data/",
      "published": "Tue, 09 Dec 2025"
    },
    {
      "title": "Redfin Economists’ Weekly Take: Fed Poised to Make Expected Rate Cut, But 2026 Projections Could Jolt Mortgage Rates",
      "link": "https://www.redfin.com/news/weekly-economics-update-december-8/",
      "published": "Tue, 09 Dec 2025"
    },
    {
      "title": "The Average Buyer’s Agent Commission has Risen Slightly Since New NAR Rules Went Into Effect",
      "link": "https://www.redfin.com/news/commissions-q3-2025/",
      "published": "Mon, 08 Dec 2025"
    },
    {
      "title": "Investor Activity Is Muted, With Home Purchases Up 1% and Market Share Holding Steady",
      "link": "https://www.redfin.com/news/investor-home-purchases-q3-2025/",
      "published": "Fri, 05 Dec 2025"
    },
    {
      "title": "Starter-Home Sales Climb 5%, But Prices Stay in Check as Inventory Hits 9-Year High",
      "link": "https://www.redfin.com/news/starter-home-report-october-2025/",
      "published": "Thu, 04 Dec 2025"
    }
  ],
  "feed_101020": {
    "macro": [
      {
        "title": "Mortgage Rates to Hold Steady in Wake of Fed’s Interest-Rate Cut",
        "url": "https://www.redfin.com/news/fed-interest-rate-cut-mortgage-rates-unchanged/",
        "what": "The Fed’s December interest-rate cut won’t move mortgage rates because markets have already priced it in",
        "numbers": "",
        "justified": "redfin.com — https://www.redfin.com/news/fed-interest-rate-cut-mortgage-rates-unchanged/",
        "why": "Rates & inflation shape discount rates and housing affordability.",
        "market": "Lower rates support demand/valuations; higher rates pressure builders/REITs and slow transactions."
      },
      {
        "title": "November mortgage lock data driven by strong refinance activity",
        "url": "https://www.housingwire.com/articles/november-mortgage-rate-lock-activity/",
        "what": "November's mortgage rate-lock activity slowed but posted the strongest results in four years, driven by a surge in refinances.",
        "numbers": "",
        "justified": "housingwire.com — https://www.housingwire.com/articles/november-mortgage-rate-lock-activity/",
        "why": "Rates & inflation shape discount rates and housing affordability.",